{"timestamp": "2026-03-31T22:05:40.246Z", "level": "INFO", "service": "asset-management-service", "environment": "production", "message": "HTTP request completed", "userId": "anonymous", "endpoint": "/auth/login/json", "method": "POST", "statusCode": 200, "responseTime": 1217}
{"timestamp": "2026-03-31T22:05:44.241Z", "level": "INFO", "service": "asset-management-service", "environment": "production", "message": "HTTP request completed", "userId": "ADMIN-001", "endpoint": "/auth/login/json", "method": "POST", "statusCode": 200, "responseTime": 1270}
{"timestamp": "2026-03-31T22:07:58.478Z", "level": "INFO", "service": "asset-management-service", "environment": "production", "message": "HTTP request completed", "userId": "ADMIN-001", "endpoint": "/tracking/", "method": "GET", "statusCode": 200, "responseTime": 718}
{"timestamp": "2026-03-31T22:08:45.860Z", "level": "INFO", "service": "asset-management-service", "environment": "production", "message": "HTTP request completed", "userId": "ADMIN-001", "endpoint": "/tracking/", "method": "GET", "statusCode": 200, "responseTime": 572}
{"timestamp": "2026-03-31T22:12:42.842Z", "level": "INFO", "service": "asset-management-service", "environment": "production", "message": "HTTP request completed", "userId": "ADMIN-001", "endpoint": "/employees/", "method": "GET", "statusCode": 200, "responseTime": 533}
{"timestamp": "2026-03-31T22:12:47.804Z", "level": "INFO", "service": "asset-management-service", "environment": "production", "message": "HTTP request completed", "userId": "ADMIN-001", "endpoint": "/tracking/", "method": "GET", "statusCode": 200, "responseTime": 587}
{"timestamp": "2026-03-31T22:12:50.994Z", "level": "INFO", "service": "asset-management-service", "environment": "production", "message": "HTTP request completed", "userId": "ADMIN-001", "endpoint": "/employees/", "method": "GET", "statusCode": 200, "responseTime": 514}
{"timestamp": "2026-03-31T22:29:57.926Z", "level": "INFO", "service": "asset-management-service", "environment": "production", "message": "HTTP request completed", "userId": "ADMIN-001", "endpoint": "/employees/", "method": "GET", "statusCode": 200, "responseTime": 813}
{"timestamp": "2026-03-31T22:30:01.656Z", "level": "INFO", "service": "asset-management-service", "environment": "production", "message": "HTTP request completed", "userId": "ADMIN-001", "endpoint": "/employees/", "method": "GET", "statusCode": 200, "responseTime": 707}
{"timestamp": "2026-03-31T22:30:12.487Z", "level": "INFO", "service": "asset-management-service", "environment": "production", "message": "HTTP request completed", "userId": "ADMIN-001", "endpoint": "/accounts/summary", "method": "GET", "statusCode": 200, "responseTime": 540}
{"timestamp": "2026-03-31T22:30:14.233Z", "level": "INFO", "service": "asset-management-service", "environment": "production", "message": "HTTP request completed", "userId": "ADMIN-001", "endpoint": "/tracking/", "method": "GET", "statusCode": 200, "responseTime": 650}
{"timestamp": "2026-03-31T22:30:16.531Z", "level": "INFO", "service": "asset-management-service", "environment": "production", "message": "HTTP request completed", "userId": "ADMIN-001", "endpoint": "/stock/", "method": "GET", "statusCode": 200, "responseTime": 561}
{"timestamp": "2026-03-31T22:30:18.092Z", "level": "INFO", "service": "asset-management-service", "environment": "production", "message": "HTTP request completed", "userId": "ADMIN-001", "endpoint": "/requests/", "method": "GET", "statusCode": 200, "responseTime": 549}
{"timestamp": "2026-03-31T22:30:21.411Z", "level": "INFO", "service": "asset-management-service", "environment": "production", "message": "HTTP request completed", "userId": "ADMIN-001", "endpoint": "/requests/", "method": "GET", "statusCode": 200, "responseTime": 1297}
{"timestamp": "2026-03-31T22:30:21.977Z", "level": "INFO", "service": "asset-management-service", "environment": "production", "message": "HTTP request completed", "userId": "ADMIN-001", "endpoint": "/accounts/summary", "method": "GET", "statusCode": 200, "responseTime": 1368}
{"timestamp": "2026-03-31T22:30:21.995Z", "level": "INFO", "service": "asset-management-service", "environment": "production", "message": "HTTP request completed", "userId": "ADMIN-001", "endpoint": "/stock/", "method": "GET", "statusCode": 200, "responseTime": 1135}
{"timestamp": "2026-03-31T22:30:22.059Z", "level": "INFO", "service": "asset-management-service", "environment": "production", "message": "HTTP request completed", "userId": "ADMIN-001", "endpoint": "/tracking/", "method": "GET", "statusCode": 200, "responseTime": 1678}
{"timestamp": "2026-03-31T22:30:27.817Z", "level": "INFO", "service": "asset-management-service", "environment": "production", "message": "HTTP request completed", "userId": "ADMIN-001", "endpoint": "/stock/", "method": "GET", "statusCode": 200, "responseTime": 957}
{"timestamp": "2026-03-31T22:30:27.822Z", "level": "INFO", "service": "asset-management-service", "environment": "production", "message": "HTTP request completed", "userId": "ADMIN-001", "endpoint": "/requests/", "method": "GET", "statusCode": 200, "responseTime": 1211}
{"timestamp": "2026-03-31T22:30:27.832Z", "level": "INFO", "service": "asset-management-service", "environment": "production", "message": "HTTP request completed", "userId": "ADMIN-001", "endpoint": "/accounts/summary", "method": "GET", "statusCode": 200, "responseTime": 540}
{"timestamp": "2026-03-31T22:30:27.893Z", "level": "INFO", "service": "asset-management-service", "environment": "production", "message": "HTTP request completed", "userId": "ADMIN-001", "endpoint": "/tracking/", "method": "GET", "statusCode": 200, "responseTime": 829}
{"timestamp": "2026-03-31T22:30:30.590Z", "level": "INFO", "service": "asset-management-service", "environment": "production", "message": "HTTP request completed", "userId": "ADMIN-001", "endpoint": "/requests/", "method": "GET", "statusCode": 200, "responseTime": 535}
{"timestamp": "2026-03-31T22:31:29.800Z", "level": "INFO", "service": "asset-management-service", "environment": "production", "message": "HTTP request completed", "userId": "ADMIN-001", "endpoint": "/requests/", "method": "GET", "statusCode": 200, "responseTime": 748}
{"timestamp": "2026-03-31T22:36:12.255Z", "level": "WARNING", "service": "asset-management-service", "environment": "production", "message": "HTTP request completed with client error", "userId": "anonymous", "endpoint": "/requests/", "method": "GET", "statusCode": 401, "responseTime": 41}
{"timestamp": "2026-03-31T22:36:13.292Z", "level": "WARNING", "service": "asset-management-service", "environment": "production", "message": "HTTP request completed with client error", "userId": "anonymous", "endpoint": "/requests/", "method": "GET", "statusCode": 401, "responseTime": 4}
{"timestamp": "2026-03-31T22:36:15.310Z", "level": "WARNING", "service": "asset-management-service", "environment": "production", "message": "HTTP request completed with client error", "userId": "anonymous", "endpoint": "/requests/", "method": "GET", "statusCode": 401, "responseTime": 4}
{"timestamp": "2026-03-31T22:36:19.348Z", "level": "WARNING", "service": "asset-management-service", "environment": "production", "message": "HTTP request completed with client error", "userId": "anonymous", "endpoint": "/requests/", "method": "GET", "statusCode": 401, "responseTime": 4}
{"timestamp": "2026-03-31T22:36:25.047Z", "level": "WARNING", "service": "asset-management-service", "environment": "production", "message": "HTTP request completed with client error", "userId": "anonymous", "endpoint": "/requests/", "method": "GET", "statusCode": 401, "responseTime": 4}
{"timestamp": "2026-03-31T22:36:26.081Z", "level": "WARNING", "service": "asset-management-service", "environment": "production", "message": "HTTP request completed with client error", "userId": "anonymous", "endpoint": "/requests/", "method": "GET", "statusCode": 401, "responseTime": 4}
{"timestamp": "2026-03-31T22:36:28.100Z", "level": "WARNING", "service": "asset-management-service", "environment": "production", "message": "HTTP request completed with client error", "userId": "anonymous", "endpoint": "/requests/", "method": "GET", "statusCode": 401, "responseTime": 4}
{"timestamp": "2026-03-31T22:38:16.533Z", "level": "WARNING", "service": "asset-management-service", "environment": "production", "message": "HTTP request completed with client error", "userId": "anonymous", "endpoint": "/requests/", "method": "GET", "statusCode": 401, "responseTime": 11}
{"timestamp": "2026-03-31T22:38:30.246Z", "level": "WARNING", "service": "asset-management-service", "environment": "production", "message": "HTTP request completed with client error", "userId": "anonymous", "endpoint": "/requests/", "method": "GET", "statusCode": 401, "responseTime": 7}
{"timestamp": "2026-03-31T22:38:31.313Z", "level": "WARNING", "service": "asset-management-service", "environment": "production", "message": "HTTP request completed with client error", "userId": "anonymous", "endpoint": "/requests/", "method": "GET", "statusCode": 401, "responseTime": 4}
{"timestamp": "2026-03-31T22:47:12.595Z", "level": "WARNING", "service": "asset-management-service", "environment": "production", "message": "HTTP request completed with client error", "userId": "anonymous", "endpoint": "/requests/", "method": "GET", "statusCode": 401, "responseTime": 19}
{"timestamp": "2026-03-31T22:47:14.733Z", "level": "WARNING", "service": "asset-management-service", "environment": "production", "message": "HTTP request completed with client error", "userId": "anonymous", "endpoint": "/stock/", "method": "GET", "statusCode": 401, "responseTime": 2}
{"timestamp": "2026-03-31T22:47:15.772Z", "level": "WARNING", "service": "asset-management-service", "environment": "production", "message": "HTTP request completed with client error", "userId": "anonymous", "endpoint": "/stock/", "method": "GET", "statusCode": 401, "responseTime": 2}
{"timestamp": "2026-03-31T22:47:17.785Z", "level": "WARNING", "service": "asset-management-service", "environment": "production", "message": "HTTP request completed with client error", "userId": "anonymous", "endpoint": "/stock/", "method": "GET", "statusCode": 401, "responseTime": 2}
{"timestamp": "2026-03-31T22:47:21.798Z", "level": "WARNING", "service": "asset-management-service", "environment": "production", "message": "HTTP request completed with client error", "userId": "anonymous", "endpoint": "/stock/", "method": "GET", "statusCode": 401, "responseTime": 2}
{"timestamp": "2026-03-31T22:47:23.406Z", "level": "WARNING", "service": "asset-management-service", "environment": "production", "message": "HTTP request completed with client error", "userId": "anonymous", "endpoint": "/stock/", "method": "GET", "statusCode": 401, "responseTime": 1}
{"timestamp": "2026-03-31T22:47:24.424Z", "level": "WARNING", "service": "asset-management-service", "environment": "production", "message": "HTTP request completed with client error", "userId": "anonymous", "endpoint": "/stock/", "method": "GET", "statusCode": 401, "responseTime": 1}
{"timestamp": "2026-03-31T22:47:26.438Z", "level": "WARNING", "service": "asset-management-service", "environment": "production", "message": "HTTP request completed with client error", "userId": "anonymous", "endpoint": "/stock/", "method": "GET", "statusCode": 401, "responseTime": 1}
{"timestamp": "2026-03-31T22:47:30.456Z", "level": "WARNING", "service": "asset-management-service", "environment": "production", "message": "HTTP request completed with client error", "userId": "anonymous", "endpoint": "/stock/", "method": "GET", "statusCode": 401, "responseTime": 1}
{"timestamp": "2026-03-31T23:00:09.059Z", "level": "WARNING", "service": "asset-management-service", "environment": "production", "message": "HTTP request completed with client error", "userId": "anonymous", "endpoint": "/stock/", "method": "GET", "statusCode": 401, "responseTime": 4}
{"timestamp": "2026-03-31T23:00:09.372Z", "level": "WARNING", "service": "asset-management-service", "environment": "production", "message": "HTTP request completed with client error", "userId": "anonymous", "endpoint": "/stock/", "method": "GET", "statusCode": 401, "responseTime": 4}
{"timestamp": "2026-03-31T23:00:11.670Z", "level": "WARNING", "service": "asset-management-service", "environment": "production", "message": "HTTP request completed with client error", "userId": "anonymous", "endpoint": "/stock/", "method": "GET", "statusCode": 401, "responseTime": 5}
{"timestamp": "2026-03-31T23:00:13.702Z", "level": "WARNING", "service": "asset-management-service", "environment": "production", "message": "HTTP request completed with client error", "userId": "anonymous", "endpoint": "/stock/", "method": "GET", "statusCode": 401, "responseTime": 4}
{"timestamp": "2026-03-31T23:00:17.718Z", "level": "WARNING", "service": "asset-management-service", "environment": "production", "message": "HTTP request completed with client error", "userId": "anonymous", "endpoint": "/stock/", "method": "GET", "statusCode": 401, "responseTime": 2}
{"timestamp": "2026-03-31T23:00:24.075Z", "level": "WARNING", "service": "asset-management-service", "environment": "production", "message": "HTTP request completed with client error", "userId": "anonymous", "endpoint": "/stock/", "method": "GET", "statusCode": 401, "responseTime": 1}
{"timestamp": "2026-03-31T23:00:25.081Z", "level": "WARNING", "service": "asset-management-service", "environment": "production", "message": "HTTP request completed with client error", "userId": "anonymous", "endpoint": "/stock/", "method": "GET", "statusCode": 401, "responseTime": 3}
{"timestamp": "2026-03-31T23:00:27.682Z", "level": "WARNING", "service": "asset-management-service", "environment": "production", "message": "HTTP request completed with client error", "userId": "anonymous", "endpoint": "/tracking/", "method": "GET", "statusCode": 401, "responseTime": 4}
{"timestamp": "2026-03-31T23:00:28.702Z", "level": "WARNING", "service": "asset-management-service", "environment": "production", "message": "HTTP request completed with client error", "userId": "anonymous", "endpoint": "/tracking/", "method": "GET", "statusCode": 401, "responseTime": 1}
{"timestamp": "2026-03-31T23:00:30.717Z", "level": "WARNING", "service": "asset-management-service", "environment": "production", "message": "HTTP request completed with client error", "userId": "anonymous", "endpoint": "/tracking/", "method": "GET", "statusCode": 401, "responseTime": 1}
{"timestamp": "2026-03-31T23:00:34.736Z", "level": "WARNING", "service": "asset-management-service", "environment": "production", "message": "HTTP request completed with client error", "userId": "anonymous", "endpoint": "/tracking/", "method": "GET", "statusCode": 401, "responseTime": 1}
{"timestamp": "2026-03-31T23:00:38.403Z", "level": "INFO", "service": "asset-management-service", "environment": "production", "message": "HTTP request completed", "userId": "anonymous", "endpoint": "/auth/logout", "method": "POST", "statusCode": 200, "responseTime": 2}
{"timestamp": "2026-03-31T23:00:41.893Z", "level": "INFO", "service": "asset-management-service", "environment": "production", "message": "HTTP request completed", "userId": "anonymous", "endpoint": "/auth/login/json", "method": "POST", "statusCode": 200, "responseTime": 919}
{"timestamp": "2026-03-31T23:00:43.124Z", "level": "INFO", "service": "asset-management-service", "environment": "production", "message": "HTTP request completed", "userId": "ADMIN-001", "endpoint": "/requests/", "method": "GET", "statusCode": 200, "responseTime": 1172}
{"timestamp": "2026-03-31T23:00:43.667Z", "level": "INFO", "service": "asset-management-service", "environment": "production", "message": "HTTP request completed", "userId": "ADMIN-001", "endpoint": "/stock/", "method": "GET", "statusCode": 200, "responseTime": 1294}
{"timestamp": "2026-03-31T23:00:43.674Z", "level": "INFO", "service": "asset-management-service", "environment": "production", "message": "HTTP request completed", "userId": "ADMIN-001", "endpoint": "/accounts/summary", "method": "GET", "statusCode": 200, "responseTime": 1503}
{"timestamp": "2026-03-31T23:00:43.970Z", "level": "INFO", "service": "asset-management-service", "environment": "production", "message": "HTTP request completed", "userId": "ADMIN-001", "endpoint": "/tracking/", "method": "GET", "statusCode": 200, "responseTime": 1368}
{"timestamp": "2026-03-31T23:01:01.410Z", "level": "INFO", "service": "asset-management-service", "environment": "production", "message": "HTTP request completed", "userId": "ADMIN-001", "endpoint": "/employees/ADMIN-001/assets", "method": "GET", "statusCode": 200, "responseTime": 510}
{"timestamp": "2026-03-31T23:01:03.757Z", "level": "INFO", "service": "asset-management-service", "environment": "production", "message": "HTTP request completed", "userId": "ADMIN-001", "endpoint": "/requests/", "method": "GET", "statusCode": 200, "responseTime": 572}
{"timestamp": "2026-03-31T23:01:07.352Z", "level": "INFO", "service": "asset-management-service", "environment": "production", "message": "HTTP request completed", "userId": "ADMIN-001", "endpoint": "/stock/", "method": "GET", "statusCode": 200, "responseTime": 499}
{"timestamp": "2026-03-31T23:01:15.605Z", "level": "INFO", "service": "asset-management-service", "environment": "production", "message": "HTTP request completed", "userId": "ADMIN-001", "endpoint": "/tracking/", "method": "GET", "statusCode": 200, "responseTime": 801}
{"timestamp": "2026-03-31T23:02:16.724Z", "level": "INFO", "service": "asset-management-service", "environment": "production", "message": "HTTP request completed", "userId": "ADMIN-001", "endpoint": "/tracking/", "method": "GET", "statusCode": 200, "responseTime": 893}
{"timestamp": "2026-03-31T23:02:27.445Z", "level": "INFO", "service": "asset-management-service", "environment": "production", "message": "HTTP request completed", "userId": "ADMIN-001", "endpoint": "/accounts/summary", "method": "GET", "statusCode": 200, "responseTime": 706}
{"timestamp": "2026-03-31T23:02:29.696Z", "level": "INFO", "service": "asset-management-service", "environment": "production", "message": "HTTP request completed", "userId": "ADMIN-001", "endpoint": "/employees/", "method": "GET", "statusCode": 200, "responseTime": 522}
{"timestamp": "2026-03-31T23:06:49.808Z", "level": "INFO", "service": "asset-management-service", "environment": "production", "message": "HTTP request completed", "userId": "anonymous", "endpoint": "/auth/login/json", "method": "POST", "statusCode": 200, "responseTime": 346}
{"timestamp": "2026-03-31T23:06:49.812Z", "level": "INFO", "service": "asset-management-service", "environment": "production", "message": "HTTP Request: POST http://testserver/auth/login/json \"HTTP/1.1 200 OK\"", "userId": "anonymous", "endpoint": "", "method": "", "statusCode": 0, "responseTime": 0}
{"timestamp": "2026-03-31T23:06:50.527Z", "level": "WARNING", "service": "asset-management-service", "environment": "production", "message": "HTTP request completed with client error", "userId": "anonymous", "endpoint": "/auth/login/json", "method": "POST", "statusCode": 403, "responseTime": 354}
{"timestamp": "2026-03-31T23:06:50.532Z", "level": "INFO", "service": "asset-management-service", "environment": "production", "message": "HTTP Request: POST http://testserver/auth/login/json \"HTTP/1.1 403 Forbidden\"", "userId": "anonymous", "endpoint": "", "method": "", "statusCode": 0, "responseTime": 0}
{"timestamp": "2026-03-31T23:06:51.167Z", "level": "INFO", "service": "asset-management-service", "environment": "production", "message": "HTTP request completed", "userId": "anonymous", "endpoint": "/auth/login/json", "method": "POST", "statusCode": 200, "responseTime": 279}
{"timestamp": "2026-03-31T23:06:51.173Z", "level": "INFO", "service": "asset-management-service", "environment": "production", "message": "HTTP Request: POST http://testserver/auth/login/json \"HTTP/1.1 200 OK\"", "userId": "anonymous", "endpoint": "", "method": "", "statusCode": 0, "responseTime": 0}
{"timestamp": "2026-03-31T23:06:51.468Z", "level": "WARNING", "service": "asset-management-service", "environment": "production", "message": "HTTP request completed with client error", "userId": "user@test.com", "endpoint": "/stock/", "method": "POST", "statusCode": 403, "responseTime": 13}
{"timestamp": "2026-03-31T23:06:51.472Z", "level": "INFO", "service": "asset-management-service", "environment": "production", "message": "HTTP Request: POST http://testserver/stock/ \"HTTP/1.1 403 Forbidden\"", "userId": "anonymous", "endpoint": "", "method": "", "statusCode": 0, "responseTime": 0}
{"timestamp": "2026-03-31T23:06:52.062Z", "level": "WARNING", "service": "asset-management-service", "environment": "production", "message": "HTTP request completed with client error", "userId": "admin@test.com", "endpoint": "/employees/register", "method": "POST", "statusCode": 400, "responseTime": 13}
{"timestamp": "2026-03-31T23:06:52.067Z", "level": "INFO", "service": "asset-management-service", "environment": "production", "message": "HTTP Request: POST http://testserver/employees/register \"HTTP/1.1 400 Bad Request\"", "userId": "anonymous", "endpoint": "", "method": "", "statusCode": 0, "responseTime": 0}
{"timestamp": "2026-03-31T23:06:52.715Z", "level": "INFO", "service": "asset-management-service", "environment": "production", "message": "HTTP request completed", "userId": "admin@test.com", "endpoint": "/employees/register", "method": "POST", "statusCode": 201, "responseTime": 307}
{"timestamp": "2026-03-31T23:06:52.717Z", "level": "INFO", "service": "asset-management-service", "environment": "production", "message": "HTTP Request: POST http://testserver/employees/register \"HTTP/1.1 201 Created\"", "userId": "anonymous", "endpoint": "", "method": "", "statusCode": 0, "responseTime": 0}
{"timestamp": "2026-03-31T23:06:52.730Z", "level": "WARNING", "service": "asset-management-service", "environment": "production", "message": "HTTP request completed with client error", "userId": "admin@test.com", "endpoint": "/employees/register", "method": "POST", "statusCode": 400, "responseTime": 11}
{"timestamp": "2026-03-31T23:06:52.730Z", "level": "INFO", "service": "asset-management-service", "environment": "production", "message": "HTTP Request: POST http://testserver/employees/register \"HTTP/1.1 400 Bad Request\"", "userId": "anonymous", "endpoint": "", "method": "", "statusCode": 0, "responseTime": 0}
{"timestamp": "2026-03-31T23:06:53.361Z", "level": "INFO", "service": "asset-management-service", "environment": "production", "message": "HTTP request completed", "userId": "admin@test.com", "endpoint": "/stock/", "method": "POST", "statusCode": 201, "responseTime": 23}
{"timestamp": "2026-03-31T23:06:53.364Z", "level": "INFO", "service": "asset-management-service", "environment": "production", "message": "HTTP Request: POST http://testserver/stock/ \"HTTP/1.1 201 Created\"", "userId": "anonymous", "endpoint": "", "method": "", "statusCode": 0, "responseTime": 0}
{"timestamp": "2026-03-31T23:06:53.676Z", "level": "INFO", "service": "asset-management-service", "environment": "production", "message": "HTTP request completed", "userId": "admin@test.com", "endpoint": "/employees/register", "method": "POST", "statusCode": 201, "responseTime": 307}
{"timestamp": "2026-03-31T23:06:53.680Z", "level": "INFO", "service": "asset-management-service", "environment": "production", "message": "HTTP Request: POST http://testserver/employees/register \"HTTP/1.1 201 Created\"", "userId": "anonymous", "endpoint": "", "method": "", "statusCode": 0, "responseTime": 0}
{"timestamp": "2026-03-31T23:06:53.718Z", "level": "INFO", "service": "asset-management-service", "environment": "production", "message": "HTTP request completed", "userId": "admin@test.com", "endpoint": "/employees/EMP-27E25EE0/deactivate", "method": "POST", "statusCode": 200, "responseTime": 32}
{"timestamp": "2026-03-31T23:06:53.723Z", "level": "INFO", "service": "asset-management-service", "environment": "production", "message": "HTTP Request: POST http://testserver/employees/EMP-27E25EE0/deactivate \"HTTP/1.1 200 OK\"", "userId": "anonymous", "endpoint": "", "method": "", "statusCode": 0, "responseTime": 0}
{"timestamp": "2026-03-31T23:06:54.033Z", "level": "INFO", "service": "asset-management-service", "environment": "production", "message": "HTTP request completed", "userId": "admin@test.com", "endpoint": "/stock/", "method": "POST", "statusCode": 201, "responseTime": 12}
{"timestamp": "2026-03-31T23:06:54.035Z", "level": "INFO", "service": "asset-management-service", "environment": "production", "message": "HTTP Request: POST http://testserver/stock/ \"HTTP/1.1 201 Created\"", "userId": "anonymous", "endpoint": "", "method": "", "statusCode": 0, "responseTime": 0}
{"timestamp": "2026-03-31T23:06:54.052Z", "level": "INFO", "service": "asset-management-service", "environment": "production", "message": "HTTP request completed", "userId": "admin@test.com", "endpoint": "/stock/add", "method": "POST", "statusCode": 200, "responseTime": 15}
{"timestamp": "2026-03-31T23:06:54.052Z", "level": "INFO", "service": "asset-management-service", "environment": "production", "message": "HTTP Request: POST http://testserver/stock/add \"HTTP/1.1 200 OK\"", "userId": "anonymous", "endpoint": "", "method": "", "statusCode": 0, "responseTime": 0}
{"timestamp": "2026-03-31T23:06:54.652Z", "level": "WARNING", "service": "asset-management-service", "environment": "production", "message": "HTTP request completed with client error", "userId": "admin@test.com", "endpoint": "/stock/", "method": "POST", "statusCode": 422, "responseTime": 16}
{"timestamp": "2026-03-31T23:06:54.652Z", "level": "INFO", "service": "asset-management-service", "environment": "production", "message": "HTTP Request: POST http://testserver/stock/ \"HTTP/1.1 422 Unprocessable Entity\"", "userId": "anonymous", "endpoint": "", "method": "", "statusCode": 0, "responseTime": 0}
{"timestamp": "2026-03-31T23:06:54.669Z", "level": "WARNING", "service": "asset-management-service", "environment": "production", "message": "HTTP request completed with client error", "userId": "admin@test.com", "endpoint": "/stock/allocate_manual_override", "method": "POST", "statusCode": 404, "responseTime": 11}
{"timestamp": "2026-03-31T23:06:54.669Z", "level": "INFO", "service": "asset-management-service", "environment": "production", "message": "HTTP Request: POST http://testserver/stock/allocate_manual_override \"HTTP/1.1 404 Not Found\"", "userId": "anonymous", "endpoint": "", "method": "", "statusCode": 0, "responseTime": 0}
{"timestamp": "2026-03-31T23:06:55.698Z", "level": "INFO", "service": "asset-management-service", "environment": "production", "message": "HTTP request completed", "userId": "user@test.com", "endpoint": "/requests/", "method": "POST", "statusCode": 200, "responseTime": 27}
{"timestamp": "2026-03-31T23:06:55.700Z", "level": "INFO", "service": "asset-management-service", "environment": "production", "message": "HTTP Request: POST http://testserver/requests/ \"HTTP/1.1 200 OK\"", "userId": "anonymous", "endpoint": "", "method": "", "statusCode": 0, "responseTime": 0}
{"timestamp": "2026-03-31T23:06:55.717Z", "level": "INFO", "service": "asset-management-service", "environment": "production", "message": "HTTP request completed", "userId": "hr@test.com", "endpoint": "/requests/REQ-ABA90ECA/review/hr", "method": "POST", "statusCode": 200, "responseTime": 18}
{"timestamp": "2026-03-31T23:06:55.722Z", "level": "INFO", "service": "asset-management-service", "environment": "production", "message": "HTTP Request: POST http://testserver/requests/REQ-ABA90ECA/review/hr \"HTTP/1.1 200 OK\"", "userId": "anonymous", "endpoint": "", "method": "", "statusCode": 0, "responseTime": 0}
{"timestamp": "2026-03-31T23:06:55.736Z", "level": "WARNING", "service": "asset-management-service", "environment": "production", "message": "HTTP request completed with client error", "userId": "admin@test.com", "endpoint": "/requests/REQ-ABA90ECA/review/manager", "method": "POST", "statusCode": 400, "responseTime": 10}
{"timestamp": "2026-03-31T23:06:55.738Z", "level": "INFO", "service": "asset-management-service", "environment": "production", "message": "HTTP Request: POST http://testserver/requests/REQ-ABA90ECA/review/manager \"HTTP/1.1 400 Bad Request\"", "userId": "anonymous", "endpoint": "", "method": "", "statusCode": 0, "responseTime": 0}
{"timestamp": "2026-03-31T23:06:56.331Z", "level": "INFO", "service": "asset-management-service", "environment": "production", "message": "HTTP request completed", "userId": "admin@test.com", "endpoint": "/stock/", "method": "POST", "statusCode": 201, "responseTime": 19}
{"timestamp": "2026-03-31T23:06:56.334Z", "level": "INFO", "service": "asset-management-service", "environment": "production", "message": "HTTP Request: POST http://testserver/stock/ \"HTTP/1.1 201 Created\"", "userId": "anonymous", "endpoint": "", "method": "", "statusCode": 0, "responseTime": 0}
{"timestamp": "2026-03-31T23:06:56.355Z", "level": "INFO", "service": "asset-management-service", "environment": "production", "message": "HTTP request completed", "userId": "admin@test.com", "endpoint": "/stock/", "method": "POST", "statusCode": 201, "responseTime": 15}
{"timestamp": "2026-03-31T23:06:56.357Z", "level": "INFO", "service": "asset-management-service", "environment": "production", "message": "HTTP Request: POST http://testserver/stock/ \"HTTP/1.1 201 Created\"", "userId": "anonymous", "endpoint": "", "method": "", "statusCode": 0, "responseTime": 0}
{"timestamp": "2026-03-31T23:06:56.374Z", "level": "INFO", "service": "asset-management-service", "environment": "production", "message": "HTTP request completed", "userId": "admin@test.com", "endpoint": "/stock/allocate_manual_override", "method": "POST", "statusCode": 200, "responseTime": 16}
{"timestamp": "2026-03-31T23:06:56.381Z", "level": "INFO", "service": "asset-management-service", "environment": "production", "message": "HTTP Request: POST http://testserver/stock/allocate_manual_override \"HTTP/1.1 200 OK\"", "userId": "anonymous", "endpoint": "", "method": "", "statusCode": 0, "responseTime": 0}
{"timestamp": "2026-03-31T23:06:56.402Z", "level": "INFO", "service": "asset-management-service", "environment": "production", "message": "HTTP request completed", "userId": "user@test.com", "endpoint": "/requests/", "method": "POST", "statusCode": 200, "responseTime": 16}
{"timestamp": "2026-03-31T23:06:56.404Z", "level": "INFO", "service": "asset-management-service", "environment": "production", "message": "HTTP Request: POST http://testserver/requests/ \"HTTP/1.1 200 OK\"", "userId": "anonymous", "endpoint": "", "method": "", "statusCode": 0, "responseTime": 0}
{"timestamp": "2026-03-31T23:06:56.424Z", "level": "INFO", "service": "asset-management-service", "environment": "production", "message": "HTTP request completed", "userId": "admin@test.com", "endpoint": "/requests/REQ-47667D8E/review/hr", "method": "POST", "statusCode": 200, "responseTime": 17}
{"timestamp": "2026-03-31T23:06:56.424Z", "level": "INFO", "service": "asset-management-service", "environment": "production", "message": "HTTP Request: POST http://testserver/requests/REQ-47667D8E/review/hr \"HTTP/1.1 200 OK\"", "userId": "anonymous", "endpoint": "", "method": "", "statusCode": 0, "responseTime": 0}
{"timestamp": "2026-03-31T23:06:56.455Z", "level": "INFO", "service": "asset-management-service", "environment": "production", "message": "HTTP request completed", "userId": "admin@test.com", "endpoint": "/requests/REQ-47667D8E/triage", "method": "POST", "statusCode": 200, "responseTime": 25}
{"timestamp": "2026-03-31T23:06:56.457Z", "level": "INFO", "service": "asset-management-service", "environment": "production", "message": "HTTP Request: POST http://testserver/requests/REQ-47667D8E/triage \"HTTP/1.1 200 OK\"", "userId": "anonymous", "endpoint": "", "method": "", "statusCode": 0, "responseTime": 0}
{"timestamp": "2026-03-31T23:06:56.490Z", "level": "INFO", "service": "asset-management-service", "environment": "production", "message": "HTTP request completed", "userId": "admin@test.com", "endpoint": "/requests/REQ-47667D8E/execute", "method": "POST", "statusCode": 200, "responseTime": 29}
{"timestamp": "2026-03-31T23:06:56.492Z", "level": "INFO", "service": "asset-management-service", "environment": "production", "message": "HTTP Request: POST http://testserver/requests/REQ-47667D8E/execute?provided_asset_id=LOANER-1&broken_asset_id=BROKEN-1 \"HTTP/1.1 200 OK\"", "userId": "anonymous", "endpoint": "", "method": "", "statusCode": 0, "responseTime": 0}
{"timestamp": "2026-03-31T23:06:56.518Z", "level": "INFO", "service": "asset-management-service", "environment": "production", "message": "HTTP request completed", "userId": "admin@test.com", "endpoint": "/requests/REQ-47667D8E/resolve", "method": "POST", "statusCode": 200, "responseTime": 19}
{"timestamp": "2026-03-31T23:06:56.520Z", "level": "INFO", "service": "asset-management-service", "environment": "production", "message": "HTTP Request: POST http://testserver/requests/REQ-47667D8E/resolve \"HTTP/1.1 200 OK\"", "userId": "anonymous", "endpoint": "", "method": "", "statusCode": 0, "responseTime": 0}
{"timestamp": "2026-03-31T23:10:31.649Z", "level": "INFO", "service": "asset-management-service", "environment": "production", "message": "HTTP request completed", "userId": "anonymous", "endpoint": "/auth/login/json", "method": "POST", "statusCode": 200, "responseTime": 325}
{"timestamp": "2026-03-31T23:10:31.652Z", "level": "INFO", "service": "asset-management-service", "environment": "production", "message": "HTTP Request: POST http://testserver/auth/login/json \"HTTP/1.1 200 OK\"", "userId": "anonymous", "endpoint": "", "method": "", "statusCode": 0, "responseTime": 0}
{"timestamp": "2026-03-31T23:10:32.287Z", "level": "WARNING", "service": "asset-management-service", "environment": "production", "message": "HTTP request completed with client error", "userId": "anonymous", "endpoint": "/auth/login/json", "method": "POST", "statusCode": 403, "responseTime": 301}
{"timestamp": "2026-03-31T23:10:32.290Z", "level": "INFO", "service": "asset-management-service", "environment": "production", "message": "HTTP Request: POST http://testserver/auth/login/json \"HTTP/1.1 403 Forbidden\"", "userId": "anonymous", "endpoint": "", "method": "", "statusCode": 0, "responseTime": 0}
{"timestamp": "2026-03-31T23:10:32.947Z", "level": "INFO", "service": "asset-management-service", "environment": "production", "message": "HTTP request completed", "userId": "anonymous", "endpoint": "/auth/login/json", "method": "POST", "statusCode": 200, "responseTime": 337}
{"timestamp": "2026-03-31T23:10:32.954Z", "level": "INFO", "service": "asset-management-service", "environment": "production", "message": "HTTP Request: POST http://testserver/auth/login/json \"HTTP/1.1 200 OK\"", "userId": "anonymous", "endpoint": "", "method": "", "statusCode": 0, "responseTime": 0}
{"timestamp": "2026-03-31T23:10:33.291Z", "level": "WARNING", "service": "asset-management-service", "environment": "production", "message": "HTTP request completed with client error", "userId": "user@test.com", "endpoint": "/stock/", "method": "POST", "statusCode": 403, "responseTime": 18}
{"timestamp": "2026-03-31T23:10:33.294Z", "level": "INFO", "service": "asset-management-service", "environment": "production", "message": "HTTP Request: POST http://testserver/stock/ \"HTTP/1.1 403 Forbidden\"", "userId": "anonymous", "endpoint": "", "method": "", "statusCode": 0, "responseTime": 0}
{"timestamp": "2026-03-31T23:10:33.952Z", "level": "WARNING", "service": "asset-management-service", "environment": "production", "message": "HTTP request completed with client error", "userId": "admin@test.com", "endpoint": "/employees/register", "method": "POST", "statusCode": 400, "responseTime": 17}
{"timestamp": "2026-03-31T23:10:33.954Z", "level": "INFO", "service": "asset-management-service", "environment": "production", "message": "HTTP Request: POST http://testserver/employees/register \"HTTP/1.1 400 Bad Request\"", "userId": "anonymous", "endpoint": "", "method": "", "statusCode": 0, "responseTime": 0}
{"timestamp": "2026-03-31T23:10:34.588Z", "level": "INFO", "service": "asset-management-service", "environment": "production", "message": "HTTP request completed", "userId": "admin@test.com", "endpoint": "/employees/register", "method": "POST", "statusCode": 201, "responseTime": 318}
{"timestamp": "2026-03-31T23:10:34.590Z", "level": "INFO", "service": "asset-management-service", "environment": "production", "message": "HTTP Request: POST http://testserver/employees/register \"HTTP/1.1 201 Created\"", "userId": "anonymous", "endpoint": "", "method": "", "statusCode": 0, "responseTime": 0}
{"timestamp": "2026-03-31T23:10:34.617Z", "level": "WARNING", "service": "asset-management-service", "environment": "production", "message": "HTTP request completed with client error", "userId": "admin@test.com", "endpoint": "/employees/register", "method": "POST", "statusCode": 400, "responseTime": 16}
{"timestamp": "2026-03-31T23:10:34.620Z", "level": "INFO", "service": "asset-management-service", "environment": "production", "message": "HTTP Request: POST http://testserver/employees/register \"HTTP/1.1 400 Bad Request\"", "userId": "anonymous", "endpoint": "", "method": "", "statusCode": 0, "responseTime": 0}
{"timestamp": "2026-03-31T23:10:35.107Z", "level": "INFO", "service": "asset-management-service", "environment": "production", "message": "HTTP request completed", "userId": "admin@test.com", "endpoint": "/stock/", "method": "POST", "statusCode": 201, "responseTime": 34}
{"timestamp": "2026-03-31T23:10:35.111Z", "level": "INFO", "service": "asset-management-service", "environment": "production", "message": "HTTP Request: POST http://testserver/stock/ \"HTTP/1.1 201 Created\"", "userId": "anonymous", "endpoint": "", "method": "", "statusCode": 0, "responseTime": 0}
{"timestamp": "2026-03-31T23:10:35.437Z", "level": "INFO", "service": "asset-management-service", "environment": "production", "message": "HTTP request completed", "userId": "admin@test.com", "endpoint": "/employees/register", "method": "POST", "statusCode": 201, "responseTime": 322}
{"timestamp": "2026-03-31T23:10:35.440Z", "level": "INFO", "service": "asset-management-service", "environment": "production", "message": "HTTP Request: POST http://testserver/employees/register \"HTTP/1.1 201 Created\"", "userId": "anonymous", "endpoint": "", "method": "", "statusCode": 0, "responseTime": 0}
{"timestamp": "2026-03-31T23:10:35.467Z", "level": "INFO", "service": "asset-management-service", "environment": "production", "message": "HTTP request completed", "userId": "admin@test.com", "endpoint": "/employees/EMP-24D7F58C/deactivate", "method": "POST", "statusCode": 200, "responseTime": 23}
{"timestamp": "2026-03-31T23:10:35.472Z", "level": "INFO", "service": "asset-management-service", "environment": "production", "message": "HTTP Request: POST http://testserver/employees/EMP-24D7F58C/deactivate \"HTTP/1.1 200 OK\"", "userId": "anonymous", "endpoint": "", "method": "", "statusCode": 0, "responseTime": 0}
{"timestamp": "2026-03-31T23:10:35.791Z", "level": "INFO", "service": "asset-management-service", "environment": "production", "message": "HTTP request completed", "userId": "admin@test.com", "endpoint": "/stock/", "method": "POST", "statusCode": 201, "responseTime": 11}
{"timestamp": "2026-03-31T23:10:35.793Z", "level": "INFO", "service": "asset-management-service", "environment": "production", "message": "HTTP Request: POST http://testserver/stock/ \"HTTP/1.1 201 Created\"", "userId": "anonymous", "endpoint": "", "method": "", "statusCode": 0, "responseTime": 0}
{"timestamp": "2026-03-31T23:10:35.809Z", "level": "INFO", "service": "asset-management-service", "environment": "production", "message": "HTTP request completed", "userId": "admin@test.com", "endpoint": "/stock/add", "method": "POST", "statusCode": 200, "responseTime": 13}
{"timestamp": "2026-03-31T23:10:35.809Z", "level": "INFO", "service": "asset-management-service", "environment": "production", "message": "HTTP Request: POST http://testserver/stock/add \"HTTP/1.1 200 OK\"", "userId": "anonymous", "endpoint": "", "method": "", "statusCode": 0, "responseTime": 0}
{"timestamp": "2026-03-31T23:10:36.387Z", "level": "WARNING", "service": "asset-management-service", "environment": "production", "message": "HTTP request completed with client error", "userId": "admin@test.com", "endpoint": "/stock/", "method": "POST", "statusCode": 422, "responseTime": 8}
{"timestamp": "2026-03-31T23:10:36.388Z", "level": "INFO", "service": "asset-management-service", "environment": "production", "message": "HTTP Request: POST http://testserver/stock/ \"HTTP/1.1 422 Unprocessable Entity\"", "userId": "anonymous", "endpoint": "", "method": "", "statusCode": 0, "responseTime": 0}
{"timestamp": "2026-03-31T23:10:37.256Z", "level": "INFO", "service": "asset-management-service", "environment": "production", "message": "HTTP request completed", "userId": "user@test.com", "endpoint": "/requests/", "method": "POST", "statusCode": 200, "responseTime": 19}
{"timestamp": "2026-03-31T23:10:37.257Z", "level": "INFO", "service": "asset-management-service", "environment": "production", "message": "HTTP Request: POST http://testserver/requests/ \"HTTP/1.1 200 OK\"", "userId": "anonymous", "endpoint": "", "method": "", "statusCode": 0, "responseTime": 0}
{"timestamp": "2026-03-31T23:10:37.281Z", "level": "INFO", "service": "asset-management-service", "environment": "production", "message": "HTTP request completed", "userId": "hr@test.com", "endpoint": "/requests/REQ-CB80625F/review/hr", "method": "POST", "statusCode": 200, "responseTime": 18}
{"timestamp": "2026-03-31T23:10:37.283Z", "level": "INFO", "service": "asset-management-service", "environment": "production", "message": "HTTP Request: POST http://testserver/requests/REQ-CB80625F/review/hr \"HTTP/1.1 200 OK\"", "userId": "anonymous", "endpoint": "", "method": "", "statusCode": 0, "responseTime": 0}
{"timestamp": "2026-03-31T23:10:37.296Z", "level": "WARNING", "service": "asset-management-service", "environment": "production", "message": "HTTP request completed with client error", "userId": "admin@test.com", "endpoint": "/requests/REQ-CB80625F/review/manager", "method": "POST", "statusCode": 400, "responseTime": 9}
{"timestamp": "2026-03-31T23:10:37.298Z", "level": "INFO", "service": "asset-management-service", "environment": "production", "message": "HTTP Request: POST http://testserver/requests/REQ-CB80625F/review/manager \"HTTP/1.1 400 Bad Request\"", "userId": "anonymous", "endpoint": "", "method": "", "statusCode": 0, "responseTime": 0}
{"timestamp": "2026-03-31T23:10:37.888Z", "level": "INFO", "service": "asset-management-service", "environment": "production", "message": "HTTP request completed", "userId": "admin@test.com", "endpoint": "/stock/", "method": "POST", "statusCode": 201, "responseTime": 14}
{"timestamp": "2026-03-31T23:10:37.890Z", "level": "INFO", "service": "asset-management-service", "environment": "production", "message": "HTTP Request: POST http://testserver/stock/ \"HTTP/1.1 201 Created\"", "userId": "anonymous", "endpoint": "", "method": "", "statusCode": 0, "responseTime": 0}
{"timestamp": "2026-03-31T23:10:37.912Z", "level": "INFO", "service": "asset-management-service", "environment": "production", "message": "HTTP request completed", "userId": "admin@test.com", "endpoint": "/stock/", "method": "POST", "statusCode": 201, "responseTime": 17}
{"timestamp": "2026-03-31T23:10:37.919Z", "level": "INFO", "service": "asset-management-service", "environment": "production", "message": "HTTP Request: POST http://testserver/stock/ \"HTTP/1.1 201 Created\"", "userId": "anonymous", "endpoint": "", "method": "", "statusCode": 0, "responseTime": 0}
{"timestamp": "2026-03-31T23:10:37.976Z", "level": "INFO", "service": "asset-management-service", "environment": "production", "message": "HTTP request completed", "userId": "admin@test.com", "endpoint": "/stock/allocate_manual_override", "method": "POST", "statusCode": 200, "responseTime": 42}
{"timestamp": "2026-03-31T23:10:37.979Z", "level": "INFO", "service": "asset-management-service", "environment": "production", "message": "HTTP Request: POST http://testserver/stock/allocate_manual_override \"HTTP/1.1 200 OK\"", "userId": "anonymous", "endpoint": "", "method": "", "statusCode": 0, "responseTime": 0}
{"timestamp": "2026-03-31T23:10:38.045Z", "level": "INFO", "service": "asset-management-service", "environment": "production", "message": "HTTP request completed", "userId": "user@test.com", "endpoint": "/requests/", "method": "POST", "statusCode": 200, "responseTime": 28}
{"timestamp": "2026-03-31T23:10:38.047Z", "level": "INFO", "service": "asset-management-service", "environment": "production", "message": "HTTP Request: POST http://testserver/requests/ \"HTTP/1.1 200 OK\"", "userId": "anonymous", "endpoint": "", "method": "", "statusCode": 0, "responseTime": 0}
{"timestamp": "2026-03-31T23:10:38.100Z", "level": "INFO", "service": "asset-management-service", "environment": "production", "message": "HTTP request completed", "userId": "admin@test.com", "endpoint": "/requests/REQ-13417269/review/hr", "method": "POST", "statusCode": 200, "responseTime": 44}
{"timestamp": "2026-03-31T23:10:38.103Z", "level": "INFO", "service": "asset-management-service", "environment": "production", "message": "HTTP Request: POST http://testserver/requests/REQ-13417269/review/hr \"HTTP/1.1 200 OK\"", "userId": "anonymous", "endpoint": "", "method": "", "statusCode": 0, "responseTime": 0}
{"timestamp": "2026-03-31T23:10:38.148Z", "level": "INFO", "service": "asset-management-service", "environment": "production", "message": "HTTP request completed", "userId": "admin@test.com", "endpoint": "/requests/REQ-13417269/triage", "method": "POST", "statusCode": 200, "responseTime": 29}
{"timestamp": "2026-03-31T23:10:38.152Z", "level": "INFO", "service": "asset-management-service", "environment": "production", "message": "HTTP Request: POST http://testserver/requests/REQ-13417269/triage \"HTTP/1.1 200 OK\"", "userId": "anonymous", "endpoint": "", "method": "", "statusCode": 0, "responseTime": 0}
{"timestamp": "2026-03-31T23:10:38.195Z", "level": "INFO", "service": "asset-management-service", "environment": "production", "message": "HTTP request completed", "userId": "admin@test.com", "endpoint": "/requests/REQ-13417269/execute", "method": "POST", "statusCode": 200, "responseTime": 37}
{"timestamp": "2026-03-31T23:10:38.198Z", "level": "INFO", "service": "asset-management-service", "environment": "production", "message": "HTTP Request: POST http://testserver/requests/REQ-13417269/execute?provided_asset_id=LOANER-1&broken_asset_id=BROKEN-1 \"HTTP/1.1 200 OK\"", "userId": "anonymous", "endpoint": "", "method": "", "statusCode": 0, "responseTime": 0}
{"timestamp": "2026-03-31T23:10:38.226Z", "level": "INFO", "service": "asset-management-service", "environment": "production", "message": "HTTP request completed", "userId": "admin@test.com", "endpoint": "/requests/REQ-13417269/resolve", "method": "POST", "statusCode": 200, "responseTime": 22}
{"timestamp": "2026-03-31T23:10:38.227Z", "level": "INFO", "service": "asset-management-service", "environment": "production", "message": "HTTP Request: POST http://testserver/requests/REQ-13417269/resolve \"HTTP/1.1 200 OK\"", "userId": "anonymous", "endpoint": "", "method": "", "statusCode": 0, "responseTime": 0}
{"timestamp": "2026-03-31T23:16:42.121Z", "level": "INFO", "service": "asset-management-service", "environment": "production", "message": "HTTP request completed", "userId": "anonymous", "endpoint": "/auth/login/json", "method": "POST", "statusCode": 200, "responseTime": 496}
{"timestamp": "2026-03-31T23:16:42.126Z", "level": "INFO", "service": "asset-management-service", "environment": "production", "message": "HTTP Request: POST http://testserver/auth/login/json \"HTTP/1.1 200 OK\"", "userId": "anonymous", "endpoint": "", "method": "", "statusCode": 0, "responseTime": 0}
{"timestamp": "2026-03-31T23:16:42.836Z", "level": "WARNING", "service": "asset-management-service", "environment": "production", "message": "HTTP request completed with client error", "userId": "anonymous", "endpoint": "/auth/login/json", "method": "POST", "statusCode": 403, "responseTime": 341}
{"timestamp": "2026-03-31T23:16:42.840Z", "level": "INFO", "service": "asset-management-service", "environment": "production", "message": "HTTP Request: POST http://testserver/auth/login/json \"HTTP/1.1 403 Forbidden\"", "userId": "anonymous", "endpoint": "", "method": "", "statusCode": 0, "responseTime": 0}
{"timestamp": "2026-03-31T23:16:43.540Z", "level": "INFO", "service": "asset-management-service", "environment": "production", "message": "HTTP request completed", "userId": "anonymous", "endpoint": "/auth/login/json", "method": "POST", "statusCode": 200, "responseTime": 329}
{"timestamp": "2026-03-31T23:16:43.542Z", "level": "INFO", "service": "asset-management-service", "environment": "production", "message": "HTTP Request: POST http://testserver/auth/login/json \"HTTP/1.1 200 OK\"", "userId": "anonymous", "endpoint": "", "method": "", "statusCode": 0, "responseTime": 0}
{"timestamp": "2026-03-31T23:16:44.156Z", "level": "WARNING", "service": "asset-management-service", "environment": "production", "message": "HTTP request completed with client error", "userId": "user@test.com", "endpoint": "/stock/", "method": "POST", "statusCode": 403, "responseTime": 237}
{"timestamp": "2026-03-31T23:16:44.158Z", "level": "INFO", "service": "asset-management-service", "environment": "production", "message": "HTTP Request: POST http://testserver/stock/ \"HTTP/1.1 403 Forbidden\"", "userId": "anonymous", "endpoint": "", "method": "", "statusCode": 0, "responseTime": 0}
{"timestamp": "2026-03-31T23:16:45.120Z", "level": "WARNING", "service": "asset-management-service", "environment": "production", "message": "HTTP request completed with client error", "userId": "admin@test.com", "endpoint": "/employees/register", "method": "POST", "statusCode": 400, "responseTime": 276}
{"timestamp": "2026-03-31T23:16:45.123Z", "level": "INFO", "service": "asset-management-service", "environment": "production", "message": "HTTP Request: POST http://testserver/employees/register \"HTTP/1.1 400 Bad Request\"", "userId": "anonymous", "endpoint": "", "method": "", "statusCode": 0, "responseTime": 0}
{"timestamp": "2026-03-31T23:16:46.078Z", "level": "INFO", "service": "asset-management-service", "environment": "production", "message": "HTTP request completed", "userId": "admin@test.com", "endpoint": "/employees/register", "method": "POST", "statusCode": 201, "responseTime": 599}
{"timestamp": "2026-03-31T23:16:46.083Z", "level": "INFO", "service": "asset-management-service", "environment": "production", "message": "HTTP Request: POST http://testserver/employees/register \"HTTP/1.1 201 Created\"", "userId": "anonymous", "endpoint": "", "method": "", "statusCode": 0, "responseTime": 0}
{"timestamp": "2026-03-31T23:16:46.328Z", "level": "WARNING", "service": "asset-management-service", "environment": "production", "message": "HTTP request completed with client error", "userId": "admin@test.com", "endpoint": "/employees/register", "method": "POST", "statusCode": 400, "responseTime": 240}
{"timestamp": "2026-03-31T23:16:46.333Z", "level": "INFO", "service": "asset-management-service", "environment": "production", "message": "HTTP Request: POST http://testserver/employees/register \"HTTP/1.1 400 Bad Request\"", "userId": "anonymous", "endpoint": "", "method": "", "statusCode": 0, "responseTime": 0}
{"timestamp": "2026-03-31T23:16:46.970Z", "level": "INFO", "service": "asset-management-service", "environment": "production", "message": "HTTP request completed", "userId": "admin@test.com", "endpoint": "/stock/", "method": "POST", "statusCode": 201, "responseTime": 277}
{"timestamp": "2026-03-31T23:16:46.973Z", "level": "INFO", "service": "asset-management-service", "environment": "production", "message": "HTTP Request: POST http://testserver/stock/ \"HTTP/1.1 201 Created\"", "userId": "anonymous", "endpoint": "", "method": "", "statusCode": 0, "responseTime": 0}
{"timestamp": "2026-03-31T23:16:47.502Z", "level": "INFO", "service": "asset-management-service", "environment": "production", "message": "HTTP request completed", "userId": "admin@test.com", "endpoint": "/employees/register", "method": "POST", "statusCode": 201, "responseTime": 524}
{"timestamp": "2026-03-31T23:16:47.504Z", "level": "INFO", "service": "asset-management-service", "environment": "production", "message": "HTTP Request: POST http://testserver/employees/register \"HTTP/1.1 201 Created\"", "userId": "anonymous", "endpoint": "", "method": "", "statusCode": 0, "responseTime": 0}
{"timestamp": "2026-03-31T23:16:47.764Z", "level": "INFO", "service": "asset-management-service", "environment": "production", "message": "HTTP request completed", "userId": "admin@test.com", "endpoint": "/employees/EMP-524F649A/deactivate", "method": "POST", "statusCode": 200, "responseTime": 253}
{"timestamp": "2026-03-31T23:16:47.767Z", "level": "INFO", "service": "asset-management-service", "environment": "production", "message": "HTTP Request: POST http://testserver/employees/EMP-524F649A/deactivate \"HTTP/1.1 200 OK\"", "userId": "anonymous", "endpoint": "", "method": "", "statusCode": 0, "responseTime": 0}
{"timestamp": "2026-03-31T23:16:48.350Z", "level": "INFO", "service": "asset-management-service", "environment": "production", "message": "HTTP request completed", "userId": "admin@test.com", "endpoint": "/stock/", "method": "POST", "statusCode": 201, "responseTime": 233}
{"timestamp": "2026-03-31T23:16:48.354Z", "level": "INFO", "service": "asset-management-service", "environment": "production", "message": "HTTP Request: POST http://testserver/stock/ \"HTTP/1.1 201 Created\"", "userId": "anonymous", "endpoint": "", "method": "", "statusCode": 0, "responseTime": 0}
{"timestamp": "2026-03-31T23:16:48.586Z", "level": "INFO", "service": "asset-management-service", "environment": "production", "message": "HTTP request completed", "userId": "admin@test.com", "endpoint": "/stock/add", "method": "POST", "statusCode": 200, "responseTime": 223}
{"timestamp": "2026-03-31T23:16:48.589Z", "level": "INFO", "service": "asset-management-service", "environment": "production", "message": "HTTP Request: POST http://testserver/stock/add \"HTTP/1.1 200 OK\"", "userId": "anonymous", "endpoint": "", "method": "", "statusCode": 0, "responseTime": 0}
{"timestamp": "2026-03-31T23:16:49.460Z", "level": "WARNING", "service": "asset-management-service", "environment": "production", "message": "HTTP request completed with client error", "userId": "admin@test.com", "endpoint": "/stock/", "method": "POST", "statusCode": 422, "responseTime": 249}
{"timestamp": "2026-03-31T23:16:49.467Z", "level": "INFO", "service": "asset-management-service", "environment": "production", "message": "HTTP Request: POST http://testserver/stock/ \"HTTP/1.1 422 Unprocessable Entity\"", "userId": "anonymous", "endpoint": "", "method": "", "statusCode": 0, "responseTime": 0}
{"timestamp": "2026-03-31T23:16:50.629Z", "level": "INFO", "service": "asset-management-service", "environment": "production", "message": "HTTP request completed", "userId": "user@test.com", "endpoint": "/requests/", "method": "POST", "statusCode": 200, "responseTime": 232}
{"timestamp": "2026-03-31T23:16:50.631Z", "level": "INFO", "service": "asset-management-service", "environment": "production", "message": "HTTP Request: POST http://testserver/requests/ \"HTTP/1.1 200 OK\"", "userId": "anonymous", "endpoint": "", "method": "", "statusCode": 0, "responseTime": 0}
{"timestamp": "2026-03-31T23:16:50.861Z", "level": "INFO", "service": "asset-management-service", "environment": "production", "message": "HTTP request completed", "userId": "hr@test.com", "endpoint": "/requests/REQ-FE4A3686/review/hr", "method": "POST", "statusCode": 200, "responseTime": 230}
{"timestamp": "2026-03-31T23:16:50.869Z", "level": "INFO", "service": "asset-management-service", "environment": "production", "message": "HTTP Request: POST http://testserver/requests/REQ-FE4A3686/review/hr \"HTTP/1.1 200 OK\"", "userId": "anonymous", "endpoint": "", "method": "", "statusCode": 0, "responseTime": 0}
{"timestamp": "2026-03-31T23:16:51.105Z", "level": "WARNING", "service": "asset-management-service", "environment": "production", "message": "HTTP request completed with client error", "userId": "admin@test.com", "endpoint": "/requests/REQ-FE4A3686/review/manager", "method": "POST", "statusCode": 400, "responseTime": 231}
{"timestamp": "2026-03-31T23:16:51.110Z", "level": "INFO", "service": "asset-management-service", "environment": "production", "message": "HTTP Request: POST http://testserver/requests/REQ-FE4A3686/review/manager \"HTTP/1.1 400 Bad Request\"", "userId": "anonymous", "endpoint": "", "method": "", "statusCode": 0, "responseTime": 0}
{"timestamp": "2026-03-31T23:16:52.010Z", "level": "INFO", "service": "asset-management-service", "environment": "production", "message": "HTTP request completed", "userId": "admin@test.com", "endpoint": "/stock/", "method": "POST", "statusCode": 201, "responseTime": 224}
{"timestamp": "2026-03-31T23:16:52.010Z", "level": "INFO", "service": "asset-management-service", "environment": "production", "message": "HTTP Request: POST http://testserver/stock/ \"HTTP/1.1 201 Created\"", "userId": "anonymous", "endpoint": "", "method": "", "statusCode": 0, "responseTime": 0}
{"timestamp": "2026-03-31T23:16:52.260Z", "level": "INFO", "service": "asset-management-service", "environment": "production", "message": "HTTP request completed", "userId": "admin@test.com", "endpoint": "/stock/", "method": "POST", "statusCode": 201, "responseTime": 237}
{"timestamp": "2026-03-31T23:16:52.262Z", "level": "INFO", "service": "asset-management-service", "environment": "production", "message": "HTTP Request: POST http://testserver/stock/ \"HTTP/1.1 201 Created\"", "userId": "anonymous", "endpoint": "", "method": "", "statusCode": 0, "responseTime": 0}
{"timestamp": "2026-03-31T23:16:52.524Z", "level": "INFO", "service": "asset-management-service", "environment": "production", "message": "HTTP request completed", "userId": "admin@test.com", "endpoint": "/stock/allocate_manual_override", "method": "POST", "statusCode": 200, "responseTime": 254}
{"timestamp": "2026-03-31T23:16:52.528Z", "level": "INFO", "service": "asset-management-service", "environment": "production", "message": "HTTP Request: POST http://testserver/stock/allocate_manual_override \"HTTP/1.1 200 OK\"", "userId": "anonymous", "endpoint": "", "method": "", "statusCode": 0, "responseTime": 0}
{"timestamp": "2026-03-31T23:16:52.752Z", "level": "INFO", "service": "asset-management-service", "environment": "production", "message": "HTTP request completed", "userId": "user@test.com", "endpoint": "/requests/", "method": "POST", "statusCode": 200, "responseTime": 216}
{"timestamp": "2026-03-31T23:16:52.754Z", "level": "INFO", "service": "asset-management-service", "environment": "production", "message": "HTTP Request: POST http://testserver/requests/ \"HTTP/1.1 200 OK\"", "userId": "anonymous", "endpoint": "", "method": "", "statusCode": 0, "responseTime": 0}
{"timestamp": "2026-03-31T23:16:52.980Z", "level": "INFO", "service": "asset-management-service", "environment": "production", "message": "HTTP request completed", "userId": "admin@test.com", "endpoint": "/requests/REQ-1551E40F/review/hr", "method": "POST", "statusCode": 200, "responseTime": 225}
{"timestamp": "2026-03-31T23:16:52.984Z", "level": "INFO", "service": "asset-management-service", "environment": "production", "message": "HTTP Request: POST http://testserver/requests/REQ-1551E40F/review/hr \"HTTP/1.1 200 OK\"", "userId": "anonymous", "endpoint": "", "method": "", "statusCode": 0, "responseTime": 0}
{"timestamp": "2026-03-31T23:16:53.223Z", "level": "INFO", "service": "asset-management-service", "environment": "production", "message": "HTTP request completed", "userId": "admin@test.com", "endpoint": "/requests/REQ-1551E40F/triage", "method": "POST", "statusCode": 200, "responseTime": 234}
{"timestamp": "2026-03-31T23:16:53.224Z", "level": "INFO", "service": "asset-management-service", "environment": "production", "message": "HTTP Request: POST http://testserver/requests/REQ-1551E40F/triage \"HTTP/1.1 200 OK\"", "userId": "anonymous", "endpoint": "", "method": "", "statusCode": 0, "responseTime": 0}
{"timestamp": "2026-03-31T23:16:53.454Z", "level": "INFO", "service": "asset-management-service", "environment": "production", "message": "HTTP request completed", "userId": "admin@test.com", "endpoint": "/requests/REQ-1551E40F/execute", "method": "POST", "statusCode": 200, "responseTime": 223}
{"timestamp": "2026-03-31T23:16:53.457Z", "level": "INFO", "service": "asset-management-service", "environment": "production", "message": "HTTP Request: POST http://testserver/requests/REQ-1551E40F/execute?provided_asset_id=LOANER-1&broken_asset_id=BROKEN-1 \"HTTP/1.1 200 OK\"", "userId": "anonymous", "endpoint": "", "method": "", "statusCode": 0, "responseTime": 0}
{"timestamp": "2026-03-31T23:16:53.699Z", "level": "INFO", "service": "asset-management-service", "environment": "production", "message": "HTTP request completed", "userId": "admin@test.com", "endpoint": "/requests/REQ-1551E40F/resolve", "method": "POST", "statusCode": 200, "responseTime": 235}
{"timestamp": "2026-03-31T23:16:53.701Z", "level": "INFO", "service": "asset-management-service", "environment": "production", "message": "HTTP Request: POST http://testserver/requests/REQ-1551E40F/resolve \"HTTP/1.1 200 OK\"", "userId": "anonymous", "endpoint": "", "method": "", "statusCode": 0, "responseTime": 0}
{"timestamp": "2026-03-31T23:16:54.949Z", "level": "INFO", "service": "asset-management-service", "environment": "production", "message": "HTTP request completed", "userId": "admin@test.com", "endpoint": "/stock/", "method": "POST", "statusCode": 201, "responseTime": 237}
{"timestamp": "2026-03-31T23:16:54.953Z", "level": "INFO", "service": "asset-management-service", "environment": "production", "message": "HTTP Request: POST http://testserver/stock/ \"HTTP/1.1 201 Created\"", "userId": "anonymous", "endpoint": "", "method": "", "statusCode": 0, "responseTime": 0}
{"timestamp": "2026-03-31T23:16:55.205Z", "level": "INFO", "service": "asset-management-service", "environment": "production", "message": "HTTP request completed", "userId": "admin@test.com", "endpoint": "/accounts/procure", "method": "POST", "statusCode": 200, "responseTime": 233}
{"timestamp": "2026-03-31T23:16:55.207Z", "level": "INFO", "service": "asset-management-service", "environment": "production", "message": "HTTP Request: POST http://testserver/accounts/procure \"HTTP/1.1 200 OK\"", "userId": "anonymous", "endpoint": "", "method": "", "statusCode": 0, "responseTime": 0}
{"timestamp": "2026-03-31T23:16:55.438Z", "level": "INFO", "service": "asset-management-service", "environment": "production", "message": "HTTP request completed", "userId": "admin@test.com", "endpoint": "/stock/add", "method": "POST", "statusCode": 200, "responseTime": 226}
{"timestamp": "2026-03-31T23:16:55.441Z", "level": "INFO", "service": "asset-management-service", "environment": "production", "message": "HTTP Request: POST http://testserver/stock/add \"HTTP/1.1 200 OK\"", "userId": "anonymous", "endpoint": "", "method": "", "statusCode": 0, "responseTime": 0}
{"timestamp": "2026-03-31T23:16:55.691Z", "level": "INFO", "service": "asset-management-service", "environment": "production", "message": "HTTP request completed", "userId": "admin@test.com", "endpoint": "/stock/allocate_manual_override", "method": "POST", "statusCode": 200, "responseTime": 244}
{"timestamp": "2026-03-31T23:16:55.694Z", "level": "INFO", "service": "asset-management-service", "environment": "production", "message": "HTTP Request: POST http://testserver/stock/allocate_manual_override \"HTTP/1.1 200 OK\"", "userId": "anonymous", "endpoint": "", "method": "", "statusCode": 0, "responseTime": 0}
{"timestamp": "2026-03-31T23:16:55.932Z", "level": "INFO", "service": "asset-management-service", "environment": "production", "message": "HTTP request completed", "userId": "user@test.com", "endpoint": "/accounts/acknowledge/TRK-3E5B4D38", "method": "POST", "statusCode": 200, "responseTime": 227}
{"timestamp": "2026-03-31T23:16:55.934Z", "level": "INFO", "service": "asset-management-service", "environment": "production", "message": "HTTP Request: POST http://testserver/accounts/acknowledge/TRK-3E5B4D38 \"HTTP/1.1 200 OK\"", "userId": "anonymous", "endpoint": "", "method": "", "statusCode": 0, "responseTime": 0}
{"timestamp": "2026-03-31T23:16:56.167Z", "level": "INFO", "service": "asset-management-service", "environment": "production", "message": "HTTP request completed", "userId": "admin@test.com", "endpoint": "/accounts/maintenance", "method": "POST", "statusCode": 200, "responseTime": 226}
{"timestamp": "2026-03-31T23:16:56.171Z", "level": "INFO", "service": "asset-management-service", "environment": "production", "message": "HTTP Request: POST http://testserver/accounts/maintenance \"HTTP/1.1 200 OK\"", "userId": "anonymous", "endpoint": "", "method": "", "statusCode": 0, "responseTime": 0}
{"timestamp": "2026-03-31T23:16:56.410Z", "level": "INFO", "service": "asset-management-service", "environment": "production", "message": "HTTP request completed", "userId": "user@test.com", "endpoint": "/requests/", "method": "POST", "statusCode": 200, "responseTime": 233}
{"timestamp": "2026-03-31T23:16:56.414Z", "level": "INFO", "service": "asset-management-service", "environment": "production", "message": "HTTP Request: POST http://testserver/requests/ \"HTTP/1.1 200 OK\"", "userId": "anonymous", "endpoint": "", "method": "", "statusCode": 0, "responseTime": 0}
{"timestamp": "2026-03-31T23:16:56.949Z", "level": "INFO", "service": "asset-management-service", "environment": "production", "message": "HTTP request completed", "userId": "hr@test.com", "endpoint": "/requests/REQ-A05E0E72/review/hr", "method": "POST", "statusCode": 200, "responseTime": 522}
{"timestamp": "2026-03-31T23:16:56.957Z", "level": "INFO", "service": "asset-management-service", "environment": "production", "message": "HTTP Request: POST http://testserver/requests/REQ-A05E0E72/review/hr \"HTTP/1.1 200 OK\"", "userId": "anonymous", "endpoint": "", "method": "", "statusCode": 0, "responseTime": 0}
{"timestamp": "2026-03-31T23:16:57.207Z", "level": "INFO", "service": "asset-management-service", "environment": "production", "message": "HTTP request completed", "userId": "admin@test.com", "endpoint": "/requests/REQ-A05E0E72/triage", "method": "POST", "statusCode": 200, "responseTime": 240}
{"timestamp": "2026-03-31T23:16:57.209Z", "level": "INFO", "service": "asset-management-service", "environment": "production", "message": "HTTP Request: POST http://testserver/requests/REQ-A05E0E72/triage \"HTTP/1.1 200 OK\"", "userId": "anonymous", "endpoint": "", "method": "", "statusCode": 0, "responseTime": 0}
{"timestamp": "2026-03-31T23:16:57.886Z", "level": "INFO", "service": "asset-management-service", "environment": "production", "message": "HTTP request completed", "userId": "admin@test.com", "endpoint": "/stock/", "method": "POST", "statusCode": 201, "responseTime": 221}
{"timestamp": "2026-03-31T23:16:57.889Z", "level": "INFO", "service": "asset-management-service", "environment": "production", "message": "HTTP Request: POST http://testserver/stock/ \"HTTP/1.1 201 Created\"", "userId": "anonymous", "endpoint": "", "method": "", "statusCode": 0, "responseTime": 0}
{"timestamp": "2026-03-31T23:16:58.475Z", "level": "INFO", "service": "asset-management-service", "environment": "production", "message": "HTTP request completed", "userId": "admin@test.com", "endpoint": "/stock/", "method": "POST", "statusCode": 201, "responseTime": 242}
{"timestamp": "2026-03-31T23:16:58.481Z", "level": "INFO", "service": "asset-management-service", "environment": "production", "message": "HTTP Request: POST http://testserver/stock/ \"HTTP/1.1 201 Created\"", "userId": "anonymous", "endpoint": "", "method": "", "statusCode": 0, "responseTime": 0}
{"timestamp": "2026-03-31T23:16:58.712Z", "level": "INFO", "service": "asset-management-service", "environment": "production", "message": "HTTP request completed", "userId": "admin@test.com", "endpoint": "/stock/", "method": "POST", "statusCode": 201, "responseTime": 226}
{"timestamp": "2026-03-31T23:16:58.717Z", "level": "INFO", "service": "asset-management-service", "environment": "production", "message": "HTTP Request: POST http://testserver/stock/ \"HTTP/1.1 201 Created\"", "userId": "anonymous", "endpoint": "", "method": "", "statusCode": 0, "responseTime": 0}
{"timestamp": "2026-03-31T23:16:59.276Z", "level": "INFO", "service": "asset-management-service", "environment": "production", "message": "HTTP request completed", "userId": "admin@test.com", "endpoint": "/stock/", "method": "POST", "statusCode": 201, "responseTime": 219}
{"timestamp": "2026-03-31T23:16:59.279Z", "level": "INFO", "service": "asset-management-service", "environment": "production", "message": "HTTP Request: POST http://testserver/stock/ \"HTTP/1.1 201 Created\"", "userId": "anonymous", "endpoint": "", "method": "", "statusCode": 0, "responseTime": 0}
{"timestamp": "2026-03-31T23:16:59.536Z", "level": "INFO", "service": "asset-management-service", "environment": "production", "message": "HTTP request completed", "userId": "admin@test.com", "endpoint": "/stock/", "method": "POST", "statusCode": 201, "responseTime": 251}
{"timestamp": "2026-03-31T23:16:59.538Z", "level": "INFO", "service": "asset-management-service", "environment": "production", "message": "HTTP Request: POST http://testserver/stock/ \"HTTP/1.1 201 Created\"", "userId": "anonymous", "endpoint": "", "method": "", "statusCode": 0, "responseTime": 0}
{"timestamp": "2026-03-31T23:17:00.186Z", "level": "INFO", "service": "asset-management-service", "environment": "production", "message": "HTTP request completed", "userId": "admin@test.com", "endpoint": "/stock/", "method": "POST", "statusCode": 201, "responseTime": 249}
{"timestamp": "2026-03-31T23:17:00.188Z", "level": "INFO", "service": "asset-management-service", "environment": "production", "message": "HTTP Request: POST http://testserver/stock/ \"HTTP/1.1 201 Created\"", "userId": "anonymous", "endpoint": "", "method": "", "statusCode": 0, "responseTime": 0}
{"timestamp": "2026-03-31T23:17:00.999Z", "level": "INFO", "service": "asset-management-service", "environment": "production", "message": "HTTP request completed", "userId": "admin@test.com", "endpoint": "/stock/", "method": "POST", "statusCode": 201, "responseTime": 218}
{"timestamp": "2026-03-31T23:17:01.003Z", "level": "INFO", "service": "asset-management-service", "environment": "production", "message": "HTTP Request: POST http://testserver/stock/ \"HTTP/1.1 201 Created\"", "userId": "anonymous", "endpoint": "", "method": "", "statusCode": 0, "responseTime": 0}
{"timestamp": "2026-03-31T23:17:01.640Z", "level": "INFO", "service": "asset-management-service", "environment": "production", "message": "HTTP request completed", "userId": "admin@test.com", "endpoint": "/stock/", "method": "POST", "statusCode": 201, "responseTime": 249}
{"timestamp": "2026-03-31T23:17:01.646Z", "level": "INFO", "service": "asset-management-service", "environment": "production", "message": "HTTP Request: POST http://testserver/stock/ \"HTTP/1.1 201 Created\"", "userId": "anonymous", "endpoint": "", "method": "", "statusCode": 0, "responseTime": 0}
{"timestamp": "2026-03-31T23:17:02.282Z", "level": "INFO", "service": "asset-management-service", "environment": "production", "message": "HTTP request completed", "userId": "admin@test.com", "endpoint": "/stock/", "method": "POST", "statusCode": 201, "responseTime": 249}
{"timestamp": "2026-03-31T23:17:02.284Z", "level": "INFO", "service": "asset-management-service", "environment": "production", "message": "HTTP Request: POST http://testserver/stock/ \"HTTP/1.1 201 Created\"", "userId": "anonymous", "endpoint": "", "method": "", "statusCode": 0, "responseTime": 0}
{"timestamp": "2026-03-31T23:17:02.918Z", "level": "INFO", "service": "asset-management-service", "environment": "production", "message": "HTTP request completed", "userId": "admin@test.com", "endpoint": "/stock/", "method": "POST", "statusCode": 201, "responseTime": 266}
{"timestamp": "2026-03-31T23:17:02.921Z", "level": "INFO", "service": "asset-management-service", "environment": "production", "message": "HTTP Request: POST http://testserver/stock/ \"HTTP/1.1 201 Created\"", "userId": "anonymous", "endpoint": "", "method": "", "statusCode": 0, "responseTime": 0}
{"timestamp": "2026-03-31T23:17:03.158Z", "level": "INFO", "service": "asset-management-service", "environment": "production", "message": "HTTP request completed", "userId": "admin@test.com", "endpoint": "/stock/", "method": "POST", "statusCode": 201, "responseTime": 232}
{"timestamp": "2026-03-31T23:17:03.160Z", "level": "INFO", "service": "asset-management-service", "environment": "production", "message": "HTTP Request: POST http://testserver/stock/ \"HTTP/1.1 201 Created\"", "userId": "anonymous", "endpoint": "", "method": "", "statusCode": 0, "responseTime": 0}
{"timestamp": "2026-03-31T23:17:03.850Z", "level": "INFO", "service": "asset-management-service", "environment": "production", "message": "HTTP request completed", "userId": "admin@test.com", "endpoint": "/stock/", "method": "POST", "statusCode": 201, "responseTime": 326}
{"timestamp": "2026-03-31T23:17:03.854Z", "level": "INFO", "service": "asset-management-service", "environment": "production", "message": "HTTP Request: POST http://testserver/stock/ \"HTTP/1.1 201 Created\"", "userId": "anonymous", "endpoint": "", "method": "", "statusCode": 0, "responseTime": 0}
{"timestamp": "2026-03-31T23:17:04.621Z", "level": "INFO", "service": "asset-management-service", "environment": "production", "message": "HTTP request completed", "userId": "admin@test.com", "endpoint": "/stock/", "method": "POST", "statusCode": 201, "responseTime": 225}
{"timestamp": "2026-03-31T23:17:04.625Z", "level": "INFO", "service": "asset-management-service", "environment": "production", "message": "HTTP Request: POST http://testserver/stock/ \"HTTP/1.1 201 Created\"", "userId": "anonymous", "endpoint": "", "method": "", "statusCode": 0, "responseTime": 0}
{"timestamp": "2026-03-31T23:17:38.325Z", "level": "INFO", "service": "asset-management-service", "environment": "production", "message": "HTTP request completed", "userId": "anonymous", "endpoint": "/auth/login/json", "method": "POST", "statusCode": 200, "responseTime": 366}
{"timestamp": "2026-03-31T23:17:38.327Z", "level": "INFO", "service": "asset-management-service", "environment": "production", "message": "HTTP Request: POST http://testserver/auth/login/json \"HTTP/1.1 200 OK\"", "userId": "anonymous", "endpoint": "", "method": "", "statusCode": 0, "responseTime": 0}
{"timestamp": "2026-03-31T23:17:38.997Z", "level": "WARNING", "service": "asset-management-service", "environment": "production", "message": "HTTP request completed with client error", "userId": "anonymous", "endpoint": "/auth/login/json", "method": "POST", "statusCode": 403, "responseTime": 309}
{"timestamp": "2026-03-31T23:17:39.000Z", "level": "INFO", "service": "asset-management-service", "environment": "production", "message": "HTTP Request: POST http://testserver/auth/login/json \"HTTP/1.1 403 Forbidden\"", "userId": "anonymous", "endpoint": "", "method": "", "statusCode": 0, "responseTime": 0}
{"timestamp": "2026-03-31T23:17:39.654Z", "level": "INFO", "service": "asset-management-service", "environment": "production", "message": "HTTP request completed", "userId": "anonymous", "endpoint": "/auth/login/json", "method": "POST", "statusCode": 200, "responseTime": 333}
{"timestamp": "2026-03-31T23:17:39.656Z", "level": "INFO", "service": "asset-management-service", "environment": "production", "message": "HTTP Request: POST http://testserver/auth/login/json \"HTTP/1.1 200 OK\"", "userId": "anonymous", "endpoint": "", "method": "", "statusCode": 0, "responseTime": 0}
{"timestamp": "2026-03-31T23:17:40.220Z", "level": "WARNING", "service": "asset-management-service", "environment": "production", "message": "HTTP request completed with client error", "userId": "user@test.com", "endpoint": "/stock/", "method": "POST", "statusCode": 403, "responseTime": 254}
{"timestamp": "2026-03-31T23:17:40.222Z", "level": "INFO", "service": "asset-management-service", "environment": "production", "message": "HTTP Request: POST http://testserver/stock/ \"HTTP/1.1 403 Forbidden\"", "userId": "anonymous", "endpoint": "", "method": "", "statusCode": 0, "responseTime": 0}
{"timestamp": "2026-03-31T23:17:41.112Z", "level": "WARNING", "service": "asset-management-service", "environment": "production", "message": "HTTP request completed with client error", "userId": "admin@test.com", "endpoint": "/employees/register", "method": "POST", "statusCode": 400, "responseTime": 233}
{"timestamp": "2026-03-31T23:17:41.117Z", "level": "INFO", "service": "asset-management-service", "environment": "production", "message": "HTTP Request: POST http://testserver/employees/register \"HTTP/1.1 400 Bad Request\"", "userId": "anonymous", "endpoint": "", "method": "", "statusCode": 0, "responseTime": 0}
{"timestamp": "2026-03-31T23:17:41.984Z", "level": "INFO", "service": "asset-management-service", "environment": "production", "message": "HTTP request completed", "userId": "admin@test.com", "endpoint": "/employees/register", "method": "POST", "statusCode": 201, "responseTime": 557}
{"timestamp": "2026-03-31T23:17:41.987Z", "level": "INFO", "service": "asset-management-service", "environment": "production", "message": "HTTP Request: POST http://testserver/employees/register \"HTTP/1.1 201 Created\"", "userId": "anonymous", "endpoint": "", "method": "", "statusCode": 0, "responseTime": 0}
{"timestamp": "2026-03-31T23:17:42.224Z", "level": "WARNING", "service": "asset-management-service", "environment": "production", "message": "HTTP request completed with client error", "userId": "admin@test.com", "endpoint": "/employees/register", "method": "POST", "statusCode": 400, "responseTime": 228}
{"timestamp": "2026-03-31T23:17:42.224Z", "level": "INFO", "service": "asset-management-service", "environment": "production", "message": "HTTP Request: POST http://testserver/employees/register \"HTTP/1.1 400 Bad Request\"", "userId": "anonymous", "endpoint": "", "method": "", "statusCode": 0, "responseTime": 0}
{"timestamp": "2026-03-31T23:17:42.801Z", "level": "INFO", "service": "asset-management-service", "environment": "production", "message": "HTTP request completed", "userId": "admin@test.com", "endpoint": "/stock/", "method": "POST", "statusCode": 201, "responseTime": 265}
{"timestamp": "2026-03-31T23:17:42.804Z", "level": "INFO", "service": "asset-management-service", "environment": "production", "message": "HTTP Request: POST http://testserver/stock/ \"HTTP/1.1 201 Created\"", "userId": "anonymous", "endpoint": "", "method": "", "statusCode": 0, "responseTime": 0}
{"timestamp": "2026-03-31T23:17:43.367Z", "level": "INFO", "service": "asset-management-service", "environment": "production", "message": "HTTP request completed", "userId": "admin@test.com", "endpoint": "/employees/register", "method": "POST", "statusCode": 201, "responseTime": 554}
{"timestamp": "2026-03-31T23:17:43.374Z", "level": "INFO", "service": "asset-management-service", "environment": "production", "message": "HTTP Request: POST http://testserver/employees/register \"HTTP/1.1 201 Created\"", "userId": "anonymous", "endpoint": "", "method": "", "statusCode": 0, "responseTime": 0}
{"timestamp": "2026-03-31T23:17:43.617Z", "level": "INFO", "service": "asset-management-service", "environment": "production", "message": "HTTP request completed", "userId": "admin@test.com", "endpoint": "/employees/EMP-8AE5021E/deactivate", "method": "POST", "statusCode": 200, "responseTime": 241}
{"timestamp": "2026-03-31T23:17:43.617Z", "level": "INFO", "service": "asset-management-service", "environment": "production", "message": "HTTP Request: POST http://testserver/employees/EMP-8AE5021E/deactivate \"HTTP/1.1 200 OK\"", "userId": "anonymous", "endpoint": "", "method": "", "statusCode": 0, "responseTime": 0}
{"timestamp": "2026-03-31T23:17:44.189Z", "level": "INFO", "service": "asset-management-service", "environment": "production", "message": "HTTP request completed", "userId": "admin@test.com", "endpoint": "/stock/", "method": "POST", "statusCode": 201, "responseTime": 262}
{"timestamp": "2026-03-31T23:17:44.191Z", "level": "INFO", "service": "asset-management-service", "environment": "production", "message": "HTTP Request: POST http://testserver/stock/ \"HTTP/1.1 201 Created\"", "userId": "anonymous", "endpoint": "", "method": "", "statusCode": 0, "responseTime": 0}
{"timestamp": "2026-03-31T23:17:44.432Z", "level": "INFO", "service": "asset-management-service", "environment": "production", "message": "HTTP request completed", "userId": "admin@test.com", "endpoint": "/stock/add", "method": "POST", "statusCode": 200, "responseTime": 238}
{"timestamp": "2026-03-31T23:17:44.434Z", "level": "INFO", "service": "asset-management-service", "environment": "production", "message": "HTTP Request: POST http://testserver/stock/add \"HTTP/1.1 200 OK\"", "userId": "anonymous", "endpoint": "", "method": "", "statusCode": 0, "responseTime": 0}
{"timestamp": "2026-03-31T23:17:45.264Z", "level": "WARNING", "service": "asset-management-service", "environment": "production", "message": "HTTP request completed with client error", "userId": "admin@test.com", "endpoint": "/stock/", "method": "POST", "statusCode": 422, "responseTime": 246}
{"timestamp": "2026-03-31T23:17:45.265Z", "level": "INFO", "service": "asset-management-service", "environment": "production", "message": "HTTP Request: POST http://testserver/stock/ \"HTTP/1.1 422 Unprocessable Entity\"", "userId": "anonymous", "endpoint": "", "method": "", "statusCode": 0, "responseTime": 0}
{"timestamp": "2026-03-31T23:17:46.468Z", "level": "INFO", "service": "asset-management-service", "environment": "production", "message": "HTTP request completed", "userId": "user@test.com", "endpoint": "/requests/", "method": "POST", "statusCode": 200, "responseTime": 322}
{"timestamp": "2026-03-31T23:17:46.468Z", "level": "INFO", "service": "asset-management-service", "environment": "production", "message": "HTTP Request: POST http://testserver/requests/ \"HTTP/1.1 200 OK\"", "userId": "anonymous", "endpoint": "", "method": "", "statusCode": 0, "responseTime": 0}
{"timestamp": "2026-03-31T23:17:46.717Z", "level": "INFO", "service": "asset-management-service", "environment": "production", "message": "HTTP request completed", "userId": "hr@test.com", "endpoint": "/requests/REQ-58809A67/review/hr", "method": "POST", "statusCode": 200, "responseTime": 242}
{"timestamp": "2026-03-31T23:17:46.719Z", "level": "INFO", "service": "asset-management-service", "environment": "production", "message": "HTTP Request: POST http://testserver/requests/REQ-58809A67/review/hr \"HTTP/1.1 200 OK\"", "userId": "anonymous", "endpoint": "", "method": "", "statusCode": 0, "responseTime": 0}
{"timestamp": "2026-03-31T23:17:46.962Z", "level": "WARNING", "service": "asset-management-service", "environment": "production", "message": "HTTP request completed with client error", "userId": "admin@test.com", "endpoint": "/requests/REQ-58809A67/review/manager", "method": "POST", "statusCode": 400, "responseTime": 240}
{"timestamp": "2026-03-31T23:17:46.966Z", "level": "INFO", "service": "asset-management-service", "environment": "production", "message": "HTTP Request: POST http://testserver/requests/REQ-58809A67/review/manager \"HTTP/1.1 400 Bad Request\"", "userId": "anonymous", "endpoint": "", "method": "", "statusCode": 0, "responseTime": 0}
{"timestamp": "2026-03-31T23:17:47.827Z", "level": "INFO", "service": "asset-management-service", "environment": "production", "message": "HTTP request completed", "userId": "admin@test.com", "endpoint": "/stock/", "method": "POST", "statusCode": 201, "responseTime": 245}
{"timestamp": "2026-03-31T23:17:47.829Z", "level": "INFO", "service": "asset-management-service", "environment": "production", "message": "HTTP Request: POST http://testserver/stock/ \"HTTP/1.1 201 Created\"", "userId": "anonymous", "endpoint": "", "method": "", "statusCode": 0, "responseTime": 0}
{"timestamp": "2026-03-31T23:17:48.080Z", "level": "INFO", "service": "asset-management-service", "environment": "production", "message": "HTTP request completed", "userId": "admin@test.com", "endpoint": "/stock/", "method": "POST", "statusCode": 201, "responseTime": 247}
{"timestamp": "2026-03-31T23:17:48.082Z", "level": "INFO", "service": "asset-management-service", "environment": "production", "message": "HTTP Request: POST http://testserver/stock/ \"HTTP/1.1 201 Created\"", "userId": "anonymous", "endpoint": "", "method": "", "statusCode": 0, "responseTime": 0}
{"timestamp": "2026-03-31T23:17:48.318Z", "level": "INFO", "service": "asset-management-service", "environment": "production", "message": "HTTP request completed", "userId": "admin@test.com", "endpoint": "/stock/allocate_manual_override", "method": "POST", "statusCode": 200, "responseTime": 231}
{"timestamp": "2026-03-31T23:17:48.321Z", "level": "INFO", "service": "asset-management-service", "environment": "production", "message": "HTTP Request: POST http://testserver/stock/allocate_manual_override \"HTTP/1.1 200 OK\"", "userId": "anonymous", "endpoint": "", "method": "", "statusCode": 0, "responseTime": 0}
{"timestamp": "2026-03-31T23:17:48.559Z", "level": "INFO", "service": "asset-management-service", "environment": "production", "message": "HTTP request completed", "userId": "user@test.com", "endpoint": "/requests/", "method": "POST", "statusCode": 200, "responseTime": 239}
{"timestamp": "2026-03-31T23:17:48.559Z", "level": "INFO", "service": "asset-management-service", "environment": "production", "message": "HTTP Request: POST http://testserver/requests/ \"HTTP/1.1 200 OK\"", "userId": "anonymous", "endpoint": "", "method": "", "statusCode": 0, "responseTime": 0}
{"timestamp": "2026-03-31T23:17:48.807Z", "level": "INFO", "service": "asset-management-service", "environment": "production", "message": "HTTP request completed", "userId": "admin@test.com", "endpoint": "/requests/REQ-86A411BA/review/hr", "method": "POST", "statusCode": 200, "responseTime": 236}
{"timestamp": "2026-03-31T23:17:48.810Z", "level": "INFO", "service": "asset-management-service", "environment": "production", "message": "HTTP Request: POST http://testserver/requests/REQ-86A411BA/review/hr \"HTTP/1.1 200 OK\"", "userId": "anonymous", "endpoint": "", "method": "", "statusCode": 0, "responseTime": 0}
{"timestamp": "2026-03-31T23:17:49.052Z", "level": "INFO", "service": "asset-management-service", "environment": "production", "message": "HTTP request completed", "userId": "admin@test.com", "endpoint": "/requests/REQ-86A411BA/triage", "method": "POST", "statusCode": 200, "responseTime": 243}
{"timestamp": "2026-03-31T23:17:49.057Z", "level": "INFO", "service": "asset-management-service", "environment": "production", "message": "HTTP Request: POST http://testserver/requests/REQ-86A411BA/triage \"HTTP/1.1 200 OK\"", "userId": "anonymous", "endpoint": "", "method": "", "statusCode": 0, "responseTime": 0}
{"timestamp": "2026-03-31T23:17:49.280Z", "level": "WARNING", "service": "asset-management-service", "environment": "production", "message": "HTTP request completed with client error", "userId": "admin@test.com", "endpoint": "/requests/REQ-86A411BA/execute", "method": "POST", "statusCode": 400, "responseTime": 219}
{"timestamp": "2026-03-31T23:17:49.282Z", "level": "INFO", "service": "asset-management-service", "environment": "production", "message": "HTTP Request: POST http://testserver/requests/REQ-86A411BA/execute?provided_asset_id=LOANER-1&broken_asset_id=BROKEN-1 \"HTTP/1.1 400 Bad Request\"", "userId": "anonymous", "endpoint": "", "method": "", "statusCode": 0, "responseTime": 0}
{"timestamp": "2026-03-31T23:17:50.802Z", "level": "INFO", "service": "asset-management-service", "environment": "production", "message": "HTTP request completed", "userId": "admin@test.com", "endpoint": "/stock/", "method": "POST", "statusCode": 201, "responseTime": 243}
{"timestamp": "2026-03-31T23:17:50.803Z", "level": "INFO", "service": "asset-management-service", "environment": "production", "message": "HTTP Request: POST http://testserver/stock/ \"HTTP/1.1 201 Created\"", "userId": "anonymous", "endpoint": "", "method": "", "statusCode": 0, "responseTime": 0}
{"timestamp": "2026-03-31T23:17:51.047Z", "level": "INFO", "service": "asset-management-service", "environment": "production", "message": "HTTP request completed", "userId": "admin@test.com", "endpoint": "/accounts/procure", "method": "POST", "statusCode": 200, "responseTime": 229}
{"timestamp": "2026-03-31T23:17:51.049Z", "level": "INFO", "service": "asset-management-service", "environment": "production", "message": "HTTP Request: POST http://testserver/accounts/procure \"HTTP/1.1 200 OK\"", "userId": "anonymous", "endpoint": "", "method": "", "statusCode": 0, "responseTime": 0}
{"timestamp": "2026-03-31T23:17:51.312Z", "level": "INFO", "service": "asset-management-service", "environment": "production", "message": "HTTP request completed", "userId": "admin@test.com", "endpoint": "/stock/add", "method": "POST", "statusCode": 200, "responseTime": 259}
{"timestamp": "2026-03-31T23:17:51.318Z", "level": "INFO", "service": "asset-management-service", "environment": "production", "message": "HTTP Request: POST http://testserver/stock/add \"HTTP/1.1 200 OK\"", "userId": "anonymous", "endpoint": "", "method": "", "statusCode": 0, "responseTime": 0}
{"timestamp": "2026-03-31T23:17:51.583Z", "level": "INFO", "service": "asset-management-service", "environment": "production", "message": "HTTP request completed", "userId": "admin@test.com", "endpoint": "/stock/allocate_manual_override", "method": "POST", "statusCode": 200, "responseTime": 259}
{"timestamp": "2026-03-31T23:17:51.586Z", "level": "INFO", "service": "asset-management-service", "environment": "production", "message": "HTTP Request: POST http://testserver/stock/allocate_manual_override \"HTTP/1.1 200 OK\"", "userId": "anonymous", "endpoint": "", "method": "", "statusCode": 0, "responseTime": 0}
{"timestamp": "2026-03-31T23:17:51.830Z", "level": "INFO", "service": "asset-management-service", "environment": "production", "message": "HTTP request completed", "userId": "user@test.com", "endpoint": "/accounts/acknowledge/TRK-80EFE88F", "method": "POST", "statusCode": 200, "responseTime": 236}
{"timestamp": "2026-03-31T23:17:51.832Z", "level": "INFO", "service": "asset-management-service", "environment": "production", "message": "HTTP Request: POST http://testserver/accounts/acknowledge/TRK-80EFE88F \"HTTP/1.1 200 OK\"", "userId": "anonymous", "endpoint": "", "method": "", "statusCode": 0, "responseTime": 0}
{"timestamp": "2026-03-31T23:17:52.084Z", "level": "INFO", "service": "asset-management-service", "environment": "production", "message": "HTTP request completed", "userId": "admin@test.com", "endpoint": "/accounts/maintenance", "method": "POST", "statusCode": 200, "responseTime": 246}
{"timestamp": "2026-03-31T23:17:52.089Z", "level": "INFO", "service": "asset-management-service", "environment": "production", "message": "HTTP Request: POST http://testserver/accounts/maintenance \"HTTP/1.1 200 OK\"", "userId": "anonymous", "endpoint": "", "method": "", "statusCode": 0, "responseTime": 0}
{"timestamp": "2026-03-31T23:17:52.348Z", "level": "INFO", "service": "asset-management-service", "environment": "production", "message": "HTTP request completed", "userId": "user@test.com", "endpoint": "/requests/", "method": "POST", "statusCode": 200, "responseTime": 248}
{"timestamp": "2026-03-31T23:17:52.352Z", "level": "INFO", "service": "asset-management-service", "environment": "production", "message": "HTTP Request: POST http://testserver/requests/ \"HTTP/1.1 200 OK\"", "userId": "anonymous", "endpoint": "", "method": "", "statusCode": 0, "responseTime": 0}
{"timestamp": "2026-03-31T23:17:52.619Z", "level": "INFO", "service": "asset-management-service", "environment": "production", "message": "HTTP request completed", "userId": "hr@test.com", "endpoint": "/requests/REQ-5A11E895/review/hr", "method": "POST", "statusCode": 200, "responseTime": 256}
{"timestamp": "2026-03-31T23:17:52.621Z", "level": "INFO", "service": "asset-management-service", "environment": "production", "message": "HTTP Request: POST http://testserver/requests/REQ-5A11E895/review/hr \"HTTP/1.1 200 OK\"", "userId": "anonymous", "endpoint": "", "method": "", "statusCode": 0, "responseTime": 0}
{"timestamp": "2026-03-31T23:17:52.871Z", "level": "INFO", "service": "asset-management-service", "environment": "production", "message": "HTTP request completed", "userId": "admin@test.com", "endpoint": "/requests/REQ-5A11E895/triage", "method": "POST", "statusCode": 200, "responseTime": 246}
{"timestamp": "2026-03-31T23:17:52.874Z", "level": "INFO", "service": "asset-management-service", "environment": "production", "message": "HTTP Request: POST http://testserver/requests/REQ-5A11E895/triage \"HTTP/1.1 200 OK\"", "userId": "anonymous", "endpoint": "", "method": "", "statusCode": 0, "responseTime": 0}
{"timestamp": "2026-03-31T23:17:53.539Z", "level": "INFO", "service": "asset-management-service", "environment": "production", "message": "HTTP request completed", "userId": "admin@test.com", "endpoint": "/stock/", "method": "POST", "statusCode": 201, "responseTime": 254}
{"timestamp": "2026-03-31T23:17:53.541Z", "level": "INFO", "service": "asset-management-service", "environment": "production", "message": "HTTP Request: POST http://testserver/stock/ \"HTTP/1.1 201 Created\"", "userId": "anonymous", "endpoint": "", "method": "", "statusCode": 0, "responseTime": 0}
{"timestamp": "2026-03-31T23:17:54.107Z", "level": "INFO", "service": "asset-management-service", "environment": "production", "message": "HTTP request completed", "userId": "admin@test.com", "endpoint": "/stock/", "method": "POST", "statusCode": 201, "responseTime": 244}
{"timestamp": "2026-03-31T23:17:54.109Z", "level": "INFO", "service": "asset-management-service", "environment": "production", "message": "HTTP Request: POST http://testserver/stock/ \"HTTP/1.1 201 Created\"", "userId": "anonymous", "endpoint": "", "method": "", "statusCode": 0, "responseTime": 0}
{"timestamp": "2026-03-31T23:17:54.353Z", "level": "INFO", "service": "asset-management-service", "environment": "production", "message": "HTTP request completed", "userId": "admin@test.com", "endpoint": "/stock/", "method": "POST", "statusCode": 201, "responseTime": 237}
{"timestamp": "2026-03-31T23:17:54.354Z", "level": "INFO", "service": "asset-management-service", "environment": "production", "message": "HTTP Request: POST http://testserver/stock/ \"HTTP/1.1 201 Created\"", "userId": "anonymous", "endpoint": "", "method": "", "statusCode": 0, "responseTime": 0}
{"timestamp": "2026-03-31T23:17:54.910Z", "level": "INFO", "service": "asset-management-service", "environment": "production", "message": "HTTP request completed", "userId": "admin@test.com", "endpoint": "/stock/", "method": "POST", "statusCode": 201, "responseTime": 239}
{"timestamp": "2026-03-31T23:17:54.911Z", "level": "INFO", "service": "asset-management-service", "environment": "production", "message": "HTTP Request: POST http://testserver/stock/ \"HTTP/1.1 201 Created\"", "userId": "anonymous", "endpoint": "", "method": "", "statusCode": 0, "responseTime": 0}
{"timestamp": "2026-03-31T23:17:55.156Z", "level": "INFO", "service": "asset-management-service", "environment": "production", "message": "HTTP request completed", "userId": "admin@test.com", "endpoint": "/stock/", "method": "POST", "statusCode": 201, "responseTime": 239}
{"timestamp": "2026-03-31T23:17:55.158Z", "level": "INFO", "service": "asset-management-service", "environment": "production", "message": "HTTP Request: POST http://testserver/stock/ \"HTTP/1.1 201 Created\"", "userId": "anonymous", "endpoint": "", "method": "", "statusCode": 0, "responseTime": 0}
{"timestamp": "2026-03-31T23:17:55.701Z", "level": "INFO", "service": "asset-management-service", "environment": "production", "message": "HTTP request completed", "userId": "admin@test.com", "endpoint": "/stock/", "method": "POST", "statusCode": 201, "responseTime": 240}
{"timestamp": "2026-03-31T23:17:55.705Z", "level": "INFO", "service": "asset-management-service", "environment": "production", "message": "HTTP Request: POST http://testserver/stock/ \"HTTP/1.1 201 Created\"", "userId": "anonymous", "endpoint": "", "method": "", "statusCode": 0, "responseTime": 0}
{"timestamp": "2026-03-31T23:17:56.531Z", "level": "INFO", "service": "asset-management-service", "environment": "production", "message": "HTTP request completed", "userId": "admin@test.com", "endpoint": "/stock/", "method": "POST", "statusCode": 201, "responseTime": 247}
{"timestamp": "2026-03-31T23:17:56.532Z", "level": "INFO", "service": "asset-management-service", "environment": "production", "message": "HTTP Request: POST http://testserver/stock/ \"HTTP/1.1 201 Created\"", "userId": "anonymous", "endpoint": "", "method": "", "statusCode": 0, "responseTime": 0}
{"timestamp": "2026-03-31T23:17:57.128Z", "level": "INFO", "service": "asset-management-service", "environment": "production", "message": "HTTP request completed", "userId": "admin@test.com", "endpoint": "/stock/", "method": "POST", "statusCode": 201, "responseTime": 228}
{"timestamp": "2026-03-31T23:17:57.131Z", "level": "INFO", "service": "asset-management-service", "environment": "production", "message": "HTTP Request: POST http://testserver/stock/ \"HTTP/1.1 201 Created\"", "userId": "anonymous", "endpoint": "", "method": "", "statusCode": 0, "responseTime": 0}
{"timestamp": "2026-03-31T23:17:57.719Z", "level": "INFO", "service": "asset-management-service", "environment": "production", "message": "HTTP request completed", "userId": "admin@test.com", "endpoint": "/stock/", "method": "POST", "statusCode": 201, "responseTime": 273}
{"timestamp": "2026-03-31T23:17:57.723Z", "level": "INFO", "service": "asset-management-service", "environment": "production", "message": "HTTP Request: POST http://testserver/stock/ \"HTTP/1.1 201 Created\"", "userId": "anonymous", "endpoint": "", "method": "", "statusCode": 0, "responseTime": 0}
{"timestamp": "2026-03-31T23:17:58.338Z", "level": "INFO", "service": "asset-management-service", "environment": "production", "message": "HTTP request completed", "userId": "admin@test.com", "endpoint": "/stock/", "method": "POST", "statusCode": 201, "responseTime": 243}
{"timestamp": "2026-03-31T23:17:58.340Z", "level": "INFO", "service": "asset-management-service", "environment": "production", "message": "HTTP Request: POST http://testserver/stock/ \"HTTP/1.1 201 Created\"", "userId": "anonymous", "endpoint": "", "method": "", "statusCode": 0, "responseTime": 0}
{"timestamp": "2026-03-31T23:17:58.597Z", "level": "INFO", "service": "asset-management-service", "environment": "production", "message": "HTTP request completed", "userId": "admin@test.com", "endpoint": "/stock/", "method": "POST", "statusCode": 201, "responseTime": 254}
{"timestamp": "2026-03-31T23:17:58.599Z", "level": "INFO", "service": "asset-management-service", "environment": "production", "message": "HTTP Request: POST http://testserver/stock/ \"HTTP/1.1 201 Created\"", "userId": "anonymous", "endpoint": "", "method": "", "statusCode": 0, "responseTime": 0}
{"timestamp": "2026-03-31T23:17:59.238Z", "level": "INFO", "service": "asset-management-service", "environment": "production", "message": "HTTP request completed", "userId": "admin@test.com", "endpoint": "/stock/", "method": "POST", "statusCode": 201, "responseTime": 251}
{"timestamp": "2026-03-31T23:17:59.241Z", "level": "INFO", "service": "asset-management-service", "environment": "production", "message": "HTTP Request: POST http://testserver/stock/ \"HTTP/1.1 201 Created\"", "userId": "anonymous", "endpoint": "", "method": "", "statusCode": 0, "responseTime": 0}
{"timestamp": "2026-03-31T23:17:59.934Z", "level": "INFO", "service": "asset-management-service", "environment": "production", "message": "HTTP request completed", "userId": "admin@test.com", "endpoint": "/stock/", "method": "POST", "statusCode": 201, "responseTime": 257}
{"timestamp": "2026-03-31T23:17:59.937Z", "level": "INFO", "service": "asset-management-service", "environment": "production", "message": "HTTP Request: POST http://testserver/stock/ \"HTTP/1.1 201 Created\"", "userId": "anonymous", "endpoint": "", "method": "", "statusCode": 0, "responseTime": 0}
{"timestamp": "2026-03-31T23:18:34.387Z", "level": "INFO", "service": "asset-management-service", "environment": "production", "message": "HTTP request completed", "userId": "admin@test.com", "endpoint": "/stock/", "method": "POST", "statusCode": 201, "responseTime": 213}
{"timestamp": "2026-03-31T23:18:34.389Z", "level": "INFO", "service": "asset-management-service", "environment": "production", "message": "HTTP Request: POST http://testserver/stock/ \"HTTP/1.1 201 Created\"", "userId": "anonymous", "endpoint": "", "method": "", "statusCode": 0, "responseTime": 0}
{"timestamp": "2026-03-31T23:18:34.583Z", "level": "INFO", "service": "asset-management-service", "environment": "production", "message": "HTTP request completed", "userId": "admin@test.com", "endpoint": "/stock/", "method": "POST", "statusCode": 201, "responseTime": 189}
{"timestamp": "2026-03-31T23:18:34.594Z", "level": "INFO", "service": "asset-management-service", "environment": "production", "message": "HTTP Request: POST http://testserver/stock/ \"HTTP/1.1 201 Created\"", "userId": "anonymous", "endpoint": "", "method": "", "statusCode": 0, "responseTime": 0}
{"timestamp": "2026-03-31T23:18:34.822Z", "level": "INFO", "service": "asset-management-service", "environment": "production", "message": "HTTP request completed", "userId": "admin@test.com", "endpoint": "/stock/allocate_manual_override", "method": "POST", "statusCode": 200, "responseTime": 222}
{"timestamp": "2026-03-31T23:18:34.824Z", "level": "INFO", "service": "asset-management-service", "environment": "production", "message": "HTTP Request: POST http://testserver/stock/allocate_manual_override \"HTTP/1.1 200 OK\"", "userId": "anonymous", "endpoint": "", "method": "", "statusCode": 0, "responseTime": 0}
{"timestamp": "2026-03-31T23:18:35.090Z", "level": "INFO", "service": "asset-management-service", "environment": "production", "message": "HTTP request completed", "userId": "user@test.com", "endpoint": "/requests/", "method": "POST", "statusCode": 200, "responseTime": 201}
{"timestamp": "2026-03-31T23:18:35.092Z", "level": "INFO", "service": "asset-management-service", "environment": "production", "message": "HTTP Request: POST http://testserver/requests/ \"HTTP/1.1 200 OK\"", "userId": "anonymous", "endpoint": "", "method": "", "statusCode": 0, "responseTime": 0}
{"timestamp": "2026-03-31T23:18:35.299Z", "level": "INFO", "service": "asset-management-service", "environment": "production", "message": "HTTP request completed", "userId": "admin@test.com", "endpoint": "/requests/REQ-2FE5F53B/review/hr", "method": "POST", "statusCode": 200, "responseTime": 202}
{"timestamp": "2026-03-31T23:18:35.300Z", "level": "INFO", "service": "asset-management-service", "environment": "production", "message": "HTTP Request: POST http://testserver/requests/REQ-2FE5F53B/review/hr \"HTTP/1.1 200 OK\"", "userId": "anonymous", "endpoint": "", "method": "", "statusCode": 0, "responseTime": 0}
{"timestamp": "2026-03-31T23:18:35.498Z", "level": "INFO", "service": "asset-management-service", "environment": "production", "message": "HTTP request completed", "userId": "admin@test.com", "endpoint": "/requests/REQ-2FE5F53B/triage", "method": "POST", "statusCode": 200, "responseTime": 193}
{"timestamp": "2026-03-31T23:18:35.500Z", "level": "INFO", "service": "asset-management-service", "environment": "production", "message": "HTTP Request: POST http://testserver/requests/REQ-2FE5F53B/triage \"HTTP/1.1 200 OK\"", "userId": "anonymous", "endpoint": "", "method": "", "statusCode": 0, "responseTime": 0}
{"timestamp": "2026-03-31T23:18:35.734Z", "level": "INFO", "service": "asset-management-service", "environment": "production", "message": "HTTP request completed", "userId": "admin@test.com", "endpoint": "/requests/REQ-2FE5F53B/execute", "method": "POST", "statusCode": 200, "responseTime": 229}
{"timestamp": "2026-03-31T23:18:35.737Z", "level": "INFO", "service": "asset-management-service", "environment": "production", "message": "HTTP Request: POST http://testserver/requests/REQ-2FE5F53B/execute?provided_asset_id=LOANER-1&broken_asset_id=BROKEN-1 \"HTTP/1.1 200 OK\"", "userId": "anonymous", "endpoint": "", "method": "", "statusCode": 0, "responseTime": 0}
{"timestamp": "2026-03-31T23:18:36.005Z", "level": "INFO", "service": "asset-management-service", "environment": "production", "message": "HTTP request completed", "userId": "admin@test.com", "endpoint": "/requests/REQ-2FE5F53B/resolve", "method": "POST", "statusCode": 200, "responseTime": 253}
{"timestamp": "2026-03-31T23:18:36.006Z", "level": "INFO", "service": "asset-management-service", "environment": "production", "message": "HTTP Request: POST http://testserver/requests/REQ-2FE5F53B/resolve \"HTTP/1.1 200 OK\"", "userId": "anonymous", "endpoint": "", "method": "", "statusCode": 0, "responseTime": 0}
{"timestamp": "2026-03-31T23:18:49.674Z", "level": "INFO", "service": "asset-management-service", "environment": "production", "message": "HTTP request completed", "userId": "anonymous", "endpoint": "/auth/login/json", "method": "POST", "statusCode": 200, "responseTime": 335}
{"timestamp": "2026-03-31T23:18:49.674Z", "level": "INFO", "service": "asset-management-service", "environment": "production", "message": "HTTP Request: POST http://testserver/auth/login/json \"HTTP/1.1 200 OK\"", "userId": "anonymous", "endpoint": "", "method": "", "statusCode": 0, "responseTime": 0}
{"timestamp": "2026-03-31T23:18:50.274Z", "level": "WARNING", "service": "asset-management-service", "environment": "production", "message": "HTTP request completed with client error", "userId": "anonymous", "endpoint": "/auth/login/json", "method": "POST", "statusCode": 403, "responseTime": 296}
{"timestamp": "2026-03-31T23:18:50.284Z", "level": "INFO", "service": "asset-management-service", "environment": "production", "message": "HTTP Request: POST http://testserver/auth/login/json \"HTTP/1.1 403 Forbidden\"", "userId": "anonymous", "endpoint": "", "method": "", "statusCode": 0, "responseTime": 0}
{"timestamp": "2026-03-31T23:18:50.978Z", "level": "INFO", "service": "asset-management-service", "environment": "production", "message": "HTTP request completed", "userId": "anonymous", "endpoint": "/auth/login/json", "method": "POST", "statusCode": 200, "responseTime": 341}
{"timestamp": "2026-03-31T23:18:50.982Z", "level": "INFO", "service": "asset-management-service", "environment": "production", "message": "HTTP Request: POST http://testserver/auth/login/json \"HTTP/1.1 200 OK\"", "userId": "anonymous", "endpoint": "", "method": "", "statusCode": 0, "responseTime": 0}
{"timestamp": "2026-03-31T23:18:51.498Z", "level": "WARNING", "service": "asset-management-service", "environment": "production", "message": "HTTP request completed with client error", "userId": "user@test.com", "endpoint": "/stock/", "method": "POST", "statusCode": 403, "responseTime": 210}
{"timestamp": "2026-03-31T23:18:51.501Z", "level": "INFO", "service": "asset-management-service", "environment": "production", "message": "HTTP Request: POST http://testserver/stock/ \"HTTP/1.1 403 Forbidden\"", "userId": "anonymous", "endpoint": "", "method": "", "statusCode": 0, "responseTime": 0}
{"timestamp": "2026-03-31T23:18:52.309Z", "level": "WARNING", "service": "asset-management-service", "environment": "production", "message": "HTTP request completed with client error", "userId": "admin@test.com", "endpoint": "/employees/register", "method": "POST", "statusCode": 400, "responseTime": 204}
{"timestamp": "2026-03-31T23:18:52.309Z", "level": "INFO", "service": "asset-management-service", "environment": "production", "message": "HTTP Request: POST http://testserver/employees/register \"HTTP/1.1 400 Bad Request\"", "userId": "anonymous", "endpoint": "", "method": "", "statusCode": 0, "responseTime": 0}
{"timestamp": "2026-03-31T23:18:53.181Z", "level": "INFO", "service": "asset-management-service", "environment": "production", "message": "HTTP request completed", "userId": "admin@test.com", "endpoint": "/employees/register", "method": "POST", "statusCode": 201, "responseTime": 499}
{"timestamp": "2026-03-31T23:18:53.183Z", "level": "INFO", "service": "asset-management-service", "environment": "production", "message": "HTTP Request: POST http://testserver/employees/register \"HTTP/1.1 201 Created\"", "userId": "anonymous", "endpoint": "", "method": "", "statusCode": 0, "responseTime": 0}
{"timestamp": "2026-03-31T23:18:53.364Z", "level": "WARNING", "service": "asset-management-service", "environment": "production", "message": "HTTP request completed with client error", "userId": "admin@test.com", "endpoint": "/employees/register", "method": "POST", "statusCode": 400, "responseTime": 179}
{"timestamp": "2026-03-31T23:18:53.367Z", "level": "INFO", "service": "asset-management-service", "environment": "production", "message": "HTTP Request: POST http://testserver/employees/register \"HTTP/1.1 400 Bad Request\"", "userId": "anonymous", "endpoint": "", "method": "", "statusCode": 0, "responseTime": 0}
{"timestamp": "2026-03-31T23:18:53.875Z", "level": "INFO", "service": "asset-management-service", "environment": "production", "message": "HTTP request completed", "userId": "admin@test.com", "endpoint": "/stock/", "method": "POST", "statusCode": 201, "responseTime": 200}
{"timestamp": "2026-03-31T23:18:53.876Z", "level": "INFO", "service": "asset-management-service", "environment": "production", "message": "HTTP Request: POST http://testserver/stock/ \"HTTP/1.1 201 Created\"", "userId": "anonymous", "endpoint": "", "method": "", "statusCode": 0, "responseTime": 0}
{"timestamp": "2026-03-31T23:18:54.357Z", "level": "INFO", "service": "asset-management-service", "environment": "production", "message": "HTTP request completed", "userId": "admin@test.com", "endpoint": "/employees/register", "method": "POST", "statusCode": 201, "responseTime": 478}
{"timestamp": "2026-03-31T23:18:54.360Z", "level": "INFO", "service": "asset-management-service", "environment": "production", "message": "HTTP Request: POST http://testserver/employees/register \"HTTP/1.1 201 Created\"", "userId": "anonymous", "endpoint": "", "method": "", "statusCode": 0, "responseTime": 0}
{"timestamp": "2026-03-31T23:18:54.585Z", "level": "INFO", "service": "asset-management-service", "environment": "production", "message": "HTTP request completed", "userId": "admin@test.com", "endpoint": "/employees/EMP-66235B77/deactivate", "method": "POST", "statusCode": 200, "responseTime": 220}
{"timestamp": "2026-03-31T23:18:54.589Z", "level": "INFO", "service": "asset-management-service", "environment": "production", "message": "HTTP Request: POST http://testserver/employees/EMP-66235B77/deactivate \"HTTP/1.1 200 OK\"", "userId": "anonymous", "endpoint": "", "method": "", "statusCode": 0, "responseTime": 0}
{"timestamp": "2026-03-31T23:18:55.084Z", "level": "INFO", "service": "asset-management-service", "environment": "production", "message": "HTTP request completed", "userId": "admin@test.com", "endpoint": "/stock/", "method": "POST", "statusCode": 201, "responseTime": 184}
{"timestamp": "2026-03-31T23:18:55.086Z", "level": "INFO", "service": "asset-management-service", "environment": "production", "message": "HTTP Request: POST http://testserver/stock/ \"HTTP/1.1 201 Created\"", "userId": "anonymous", "endpoint": "", "method": "", "statusCode": 0, "responseTime": 0}
{"timestamp": "2026-03-31T23:18:55.294Z", "level": "INFO", "service": "asset-management-service", "environment": "production", "message": "HTTP request completed", "userId": "admin@test.com", "endpoint": "/stock/add", "method": "POST", "statusCode": 200, "responseTime": 203}
{"timestamp": "2026-03-31T23:18:55.297Z", "level": "INFO", "service": "asset-management-service", "environment": "production", "message": "HTTP Request: POST http://testserver/stock/add \"HTTP/1.1 200 OK\"", "userId": "anonymous", "endpoint": "", "method": "", "statusCode": 0, "responseTime": 0}
{"timestamp": "2026-03-31T23:18:56.098Z", "level": "WARNING", "service": "asset-management-service", "environment": "production", "message": "HTTP request completed with client error", "userId": "admin@test.com", "endpoint": "/stock/", "method": "POST", "statusCode": 422, "responseTime": 188}
{"timestamp": "2026-03-31T23:18:56.100Z", "level": "INFO", "service": "asset-management-service", "environment": "production", "message": "HTTP Request: POST http://testserver/stock/ \"HTTP/1.1 422 Unprocessable Entity\"", "userId": "anonymous", "endpoint": "", "method": "", "statusCode": 0, "responseTime": 0}
{"timestamp": "2026-03-31T23:18:57.221Z", "level": "INFO", "service": "asset-management-service", "environment": "production", "message": "HTTP request completed", "userId": "user@test.com", "endpoint": "/requests/", "method": "POST", "statusCode": 200, "responseTime": 198}
{"timestamp": "2026-03-31T23:18:57.223Z", "level": "INFO", "service": "asset-management-service", "environment": "production", "message": "HTTP Request: POST http://testserver/requests/ \"HTTP/1.1 200 OK\"", "userId": "anonymous", "endpoint": "", "method": "", "statusCode": 0, "responseTime": 0}
{"timestamp": "2026-03-31T23:18:57.427Z", "level": "INFO", "service": "asset-management-service", "environment": "production", "message": "HTTP request completed", "userId": "hr@test.com", "endpoint": "/requests/REQ-0190AC23/review/hr", "method": "POST", "statusCode": 200, "responseTime": 201}
{"timestamp": "2026-03-31T23:18:57.427Z", "level": "INFO", "service": "asset-management-service", "environment": "production", "message": "HTTP Request: POST http://testserver/requests/REQ-0190AC23/review/hr \"HTTP/1.1 200 OK\"", "userId": "anonymous", "endpoint": "", "method": "", "statusCode": 0, "responseTime": 0}
{"timestamp": "2026-03-31T23:18:57.633Z", "level": "WARNING", "service": "asset-management-service", "environment": "production", "message": "HTTP request completed with client error", "userId": "admin@test.com", "endpoint": "/requests/REQ-0190AC23/review/manager", "method": "POST", "statusCode": 400, "responseTime": 197}
{"timestamp": "2026-03-31T23:18:57.637Z", "level": "INFO", "service": "asset-management-service", "environment": "production", "message": "HTTP Request: POST http://testserver/requests/REQ-0190AC23/review/manager \"HTTP/1.1 400 Bad Request\"", "userId": "anonymous", "endpoint": "", "method": "", "statusCode": 0, "responseTime": 0}
{"timestamp": "2026-03-31T23:18:58.520Z", "level": "INFO", "service": "asset-management-service", "environment": "production", "message": "HTTP request completed", "userId": "admin@test.com", "endpoint": "/stock/", "method": "POST", "statusCode": 201, "responseTime": 207}
{"timestamp": "2026-03-31T23:18:58.523Z", "level": "INFO", "service": "asset-management-service", "environment": "production", "message": "HTTP Request: POST http://testserver/stock/ \"HTTP/1.1 201 Created\"", "userId": "anonymous", "endpoint": "", "method": "", "statusCode": 0, "responseTime": 0}
{"timestamp": "2026-03-31T23:18:58.709Z", "level": "INFO", "service": "asset-management-service", "environment": "production", "message": "HTTP request completed", "userId": "admin@test.com", "endpoint": "/stock/", "method": "POST", "statusCode": 201, "responseTime": 186}
{"timestamp": "2026-03-31T23:18:58.714Z", "level": "INFO", "service": "asset-management-service", "environment": "production", "message": "HTTP Request: POST http://testserver/stock/ \"HTTP/1.1 201 Created\"", "userId": "anonymous", "endpoint": "", "method": "", "statusCode": 0, "responseTime": 0}
{"timestamp": "2026-03-31T23:18:58.919Z", "level": "INFO", "service": "asset-management-service", "environment": "production", "message": "HTTP request completed", "userId": "admin@test.com", "endpoint": "/stock/allocate_manual_override", "method": "POST", "statusCode": 200, "responseTime": 200}
{"timestamp": "2026-03-31T23:18:58.921Z", "level": "INFO", "service": "asset-management-service", "environment": "production", "message": "HTTP Request: POST http://testserver/stock/allocate_manual_override \"HTTP/1.1 200 OK\"", "userId": "anonymous", "endpoint": "", "method": "", "statusCode": 0, "responseTime": 0}
{"timestamp": "2026-03-31T23:18:59.125Z", "level": "INFO", "service": "asset-management-service", "environment": "production", "message": "HTTP request completed", "userId": "user@test.com", "endpoint": "/requests/", "method": "POST", "statusCode": 200, "responseTime": 197}
{"timestamp": "2026-03-31T23:18:59.127Z", "level": "INFO", "service": "asset-management-service", "environment": "production", "message": "HTTP Request: POST http://testserver/requests/ \"HTTP/1.1 200 OK\"", "userId": "anonymous", "endpoint": "", "method": "", "statusCode": 0, "responseTime": 0}
{"timestamp": "2026-03-31T23:18:59.322Z", "level": "INFO", "service": "asset-management-service", "environment": "production", "message": "HTTP request completed", "userId": "admin@test.com", "endpoint": "/requests/REQ-4709B60A/review/hr", "method": "POST", "statusCode": 200, "responseTime": 191}
{"timestamp": "2026-03-31T23:18:59.324Z", "level": "INFO", "service": "asset-management-service", "environment": "production", "message": "HTTP Request: POST http://testserver/requests/REQ-4709B60A/review/hr \"HTTP/1.1 200 OK\"", "userId": "anonymous", "endpoint": "", "method": "", "statusCode": 0, "responseTime": 0}
{"timestamp": "2026-03-31T23:18:59.521Z", "level": "INFO", "service": "asset-management-service", "environment": "production", "message": "HTTP request completed", "userId": "admin@test.com", "endpoint": "/requests/REQ-4709B60A/triage", "method": "POST", "statusCode": 200, "responseTime": 193}
{"timestamp": "2026-03-31T23:18:59.524Z", "level": "INFO", "service": "asset-management-service", "environment": "production", "message": "HTTP Request: POST http://testserver/requests/REQ-4709B60A/triage \"HTTP/1.1 200 OK\"", "userId": "anonymous", "endpoint": "", "method": "", "statusCode": 0, "responseTime": 0}
{"timestamp": "2026-03-31T23:18:59.737Z", "level": "INFO", "service": "asset-management-service", "environment": "production", "message": "HTTP request completed", "userId": "admin@test.com", "endpoint": "/requests/REQ-4709B60A/execute", "method": "POST", "statusCode": 200, "responseTime": 209}
{"timestamp": "2026-03-31T23:18:59.740Z", "level": "INFO", "service": "asset-management-service", "environment": "production", "message": "HTTP Request: POST http://testserver/requests/REQ-4709B60A/execute?provided_asset_id=LOANER-1&broken_asset_id=BROKEN-1 \"HTTP/1.1 200 OK\"", "userId": "anonymous", "endpoint": "", "method": "", "statusCode": 0, "responseTime": 0}
{"timestamp": "2026-03-31T23:18:59.951Z", "level": "INFO", "service": "asset-management-service", "environment": "production", "message": "HTTP request completed", "userId": "admin@test.com", "endpoint": "/requests/REQ-4709B60A/resolve", "method": "POST", "statusCode": 200, "responseTime": 206}
{"timestamp": "2026-03-31T23:18:59.953Z", "level": "INFO", "service": "asset-management-service", "environment": "production", "message": "HTTP Request: POST http://testserver/requests/REQ-4709B60A/resolve \"HTTP/1.1 200 OK\"", "userId": "anonymous", "endpoint": "", "method": "", "statusCode": 0, "responseTime": 0}
{"timestamp": "2026-03-31T23:19:01.052Z", "level": "INFO", "service": "asset-management-service", "environment": "production", "message": "HTTP request completed", "userId": "admin@test.com", "endpoint": "/stock/", "method": "POST", "statusCode": 201, "responseTime": 194}
{"timestamp": "2026-03-31T23:19:01.053Z", "level": "INFO", "service": "asset-management-service", "environment": "production", "message": "HTTP Request: POST http://testserver/stock/ \"HTTP/1.1 201 Created\"", "userId": "anonymous", "endpoint": "", "method": "", "statusCode": 0, "responseTime": 0}
{"timestamp": "2026-03-31T23:19:01.249Z", "level": "INFO", "service": "asset-management-service", "environment": "production", "message": "HTTP request completed", "userId": "admin@test.com", "endpoint": "/accounts/procure", "method": "POST", "statusCode": 200, "responseTime": 183}
{"timestamp": "2026-03-31T23:19:01.252Z", "level": "INFO", "service": "asset-management-service", "environment": "production", "message": "HTTP Request: POST http://testserver/accounts/procure \"HTTP/1.1 200 OK\"", "userId": "anonymous", "endpoint": "", "method": "", "statusCode": 0, "responseTime": 0}
{"timestamp": "2026-03-31T23:19:01.443Z", "level": "INFO", "service": "asset-management-service", "environment": "production", "message": "HTTP request completed", "userId": "admin@test.com", "endpoint": "/stock/add", "method": "POST", "statusCode": 200, "responseTime": 187}
{"timestamp": "2026-03-31T23:19:01.445Z", "level": "INFO", "service": "asset-management-service", "environment": "production", "message": "HTTP Request: POST http://testserver/stock/add \"HTTP/1.1 200 OK\"", "userId": "anonymous", "endpoint": "", "method": "", "statusCode": 0, "responseTime": 0}
{"timestamp": "2026-03-31T23:19:01.648Z", "level": "INFO", "service": "asset-management-service", "environment": "production", "message": "HTTP request completed", "userId": "admin@test.com", "endpoint": "/stock/allocate_manual_override", "method": "POST", "statusCode": 200, "responseTime": 197}
{"timestamp": "2026-03-31T23:19:01.651Z", "level": "INFO", "service": "asset-management-service", "environment": "production", "message": "HTTP Request: POST http://testserver/stock/allocate_manual_override \"HTTP/1.1 200 OK\"", "userId": "anonymous", "endpoint": "", "method": "", "statusCode": 0, "responseTime": 0}
{"timestamp": "2026-03-31T23:19:01.844Z", "level": "INFO", "service": "asset-management-service", "environment": "production", "message": "HTTP request completed", "userId": "user@test.com", "endpoint": "/accounts/acknowledge/TRK-14215F83", "method": "POST", "statusCode": 200, "responseTime": 186}
{"timestamp": "2026-03-31T23:19:01.846Z", "level": "INFO", "service": "asset-management-service", "environment": "production", "message": "HTTP Request: POST http://testserver/accounts/acknowledge/TRK-14215F83 \"HTTP/1.1 200 OK\"", "userId": "anonymous", "endpoint": "", "method": "", "statusCode": 0, "responseTime": 0}
{"timestamp": "2026-03-31T23:19:02.049Z", "level": "INFO", "service": "asset-management-service", "environment": "production", "message": "HTTP request completed", "userId": "admin@test.com", "endpoint": "/accounts/maintenance", "method": "POST", "statusCode": 200, "responseTime": 196}
{"timestamp": "2026-03-31T23:19:02.052Z", "level": "INFO", "service": "asset-management-service", "environment": "production", "message": "HTTP Request: POST http://testserver/accounts/maintenance \"HTTP/1.1 200 OK\"", "userId": "anonymous", "endpoint": "", "method": "", "statusCode": 0, "responseTime": 0}
{"timestamp": "2026-03-31T23:19:02.330Z", "level": "INFO", "service": "asset-management-service", "environment": "production", "message": "HTTP request completed", "userId": "user@test.com", "endpoint": "/requests/", "method": "POST", "statusCode": 200, "responseTime": 274}
{"timestamp": "2026-03-31T23:19:02.333Z", "level": "INFO", "service": "asset-management-service", "environment": "production", "message": "HTTP Request: POST http://testserver/requests/ \"HTTP/1.1 200 OK\"", "userId": "anonymous", "endpoint": "", "method": "", "statusCode": 0, "responseTime": 0}
{"timestamp": "2026-03-31T23:19:02.569Z", "level": "INFO", "service": "asset-management-service", "environment": "production", "message": "HTTP request completed", "userId": "hr@test.com", "endpoint": "/requests/REQ-A337803C/review/hr", "method": "POST", "statusCode": 200, "responseTime": 226}
{"timestamp": "2026-03-31T23:19:02.571Z", "level": "INFO", "service": "asset-management-service", "environment": "production", "message": "HTTP Request: POST http://testserver/requests/REQ-A337803C/review/hr \"HTTP/1.1 200 OK\"", "userId": "anonymous", "endpoint": "", "method": "", "statusCode": 0, "responseTime": 0}
{"timestamp": "2026-03-31T23:19:02.760Z", "level": "INFO", "service": "asset-management-service", "environment": "production", "message": "HTTP request completed", "userId": "admin@test.com", "endpoint": "/requests/REQ-A337803C/triage", "method": "POST", "statusCode": 200, "responseTime": 185}
{"timestamp": "2026-03-31T23:19:02.762Z", "level": "INFO", "service": "asset-management-service", "environment": "production", "message": "HTTP Request: POST http://testserver/requests/REQ-A337803C/triage \"HTTP/1.1 200 OK\"", "userId": "anonymous", "endpoint": "", "method": "", "statusCode": 0, "responseTime": 0}
{"timestamp": "2026-03-31T23:19:03.424Z", "level": "INFO", "service": "asset-management-service", "environment": "production", "message": "HTTP request completed", "userId": "admin@test.com", "endpoint": "/stock/", "method": "POST", "statusCode": 201, "responseTime": 209}
{"timestamp": "2026-03-31T23:19:03.428Z", "level": "INFO", "service": "asset-management-service", "environment": "production", "message": "HTTP Request: POST http://testserver/stock/ \"HTTP/1.1 201 Created\"", "userId": "anonymous", "endpoint": "", "method": "", "statusCode": 0, "responseTime": 0}
{"timestamp": "2026-03-31T23:19:03.973Z", "level": "INFO", "service": "asset-management-service", "environment": "production", "message": "HTTP request completed", "userId": "admin@test.com", "endpoint": "/stock/", "method": "POST", "statusCode": 201, "responseTime": 194}
{"timestamp": "2026-03-31T23:19:03.977Z", "level": "INFO", "service": "asset-management-service", "environment": "production", "message": "HTTP Request: POST http://testserver/stock/ \"HTTP/1.1 201 Created\"", "userId": "anonymous", "endpoint": "", "method": "", "statusCode": 0, "responseTime": 0}
{"timestamp": "2026-03-31T23:19:04.180Z", "level": "INFO", "service": "asset-management-service", "environment": "production", "message": "HTTP request completed", "userId": "admin@test.com", "endpoint": "/stock/", "method": "POST", "statusCode": 201, "responseTime": 199}
{"timestamp": "2026-03-31T23:19:04.182Z", "level": "INFO", "service": "asset-management-service", "environment": "production", "message": "HTTP Request: POST http://testserver/stock/ \"HTTP/1.1 201 Created\"", "userId": "anonymous", "endpoint": "", "method": "", "statusCode": 0, "responseTime": 0}
{"timestamp": "2026-03-31T23:19:04.739Z", "level": "INFO", "service": "asset-management-service", "environment": "production", "message": "HTTP request completed", "userId": "admin@test.com", "endpoint": "/stock/", "method": "POST", "statusCode": 201, "responseTime": 199}
{"timestamp": "2026-03-31T23:19:04.742Z", "level": "INFO", "service": "asset-management-service", "environment": "production", "message": "HTTP Request: POST http://testserver/stock/ \"HTTP/1.1 201 Created\"", "userId": "anonymous", "endpoint": "", "method": "", "statusCode": 0, "responseTime": 0}
{"timestamp": "2026-03-31T23:19:04.959Z", "level": "INFO", "service": "asset-management-service", "environment": "production", "message": "HTTP request completed", "userId": "admin@test.com", "endpoint": "/stock/", "method": "POST", "statusCode": 201, "responseTime": 218}
{"timestamp": "2026-03-31T23:19:04.968Z", "level": "INFO", "service": "asset-management-service", "environment": "production", "message": "HTTP Request: POST http://testserver/stock/ \"HTTP/1.1 201 Created\"", "userId": "anonymous", "endpoint": "", "method": "", "statusCode": 0, "responseTime": 0}
{"timestamp": "2026-03-31T23:19:05.521Z", "level": "INFO", "service": "asset-management-service", "environment": "production", "message": "HTTP request completed", "userId": "admin@test.com", "endpoint": "/stock/", "method": "POST", "statusCode": 201, "responseTime": 217}
{"timestamp": "2026-03-31T23:19:05.524Z", "level": "INFO", "service": "asset-management-service", "environment": "production", "message": "HTTP Request: POST http://testserver/stock/ \"HTTP/1.1 201 Created\"", "userId": "anonymous", "endpoint": "", "method": "", "statusCode": 0, "responseTime": 0}
{"timestamp": "2026-03-31T23:19:06.302Z", "level": "INFO", "service": "asset-management-service", "environment": "production", "message": "HTTP request completed", "userId": "admin@test.com", "endpoint": "/stock/", "method": "POST", "statusCode": 201, "responseTime": 189}
{"timestamp": "2026-03-31T23:19:06.305Z", "level": "INFO", "service": "asset-management-service", "environment": "production", "message": "HTTP Request: POST http://testserver/stock/ \"HTTP/1.1 201 Created\"", "userId": "anonymous", "endpoint": "", "method": "", "statusCode": 0, "responseTime": 0}
{"timestamp": "2026-03-31T23:19:06.818Z", "level": "INFO", "service": "asset-management-service", "environment": "production", "message": "HTTP request completed", "userId": "admin@test.com", "endpoint": "/stock/", "method": "POST", "statusCode": 201, "responseTime": 184}
{"timestamp": "2026-03-31T23:19:06.818Z", "level": "INFO", "service": "asset-management-service", "environment": "production", "message": "HTTP Request: POST http://testserver/stock/ \"HTTP/1.1 201 Created\"", "userId": "anonymous", "endpoint": "", "method": "", "statusCode": 0, "responseTime": 0}
{"timestamp": "2026-03-31T23:19:07.395Z", "level": "INFO", "service": "asset-management-service", "environment": "production", "message": "HTTP request completed", "userId": "admin@test.com", "endpoint": "/stock/", "method": "POST", "statusCode": 201, "responseTime": 252}
{"timestamp": "2026-03-31T23:19:07.399Z", "level": "INFO", "service": "asset-management-service", "environment": "production", "message": "HTTP Request: POST http://testserver/stock/ \"HTTP/1.1 201 Created\"", "userId": "anonymous", "endpoint": "", "method": "", "statusCode": 0, "responseTime": 0}
{"timestamp": "2026-03-31T23:19:08.076Z", "level": "INFO", "service": "asset-management-service", "environment": "production", "message": "HTTP request completed", "userId": "admin@test.com", "endpoint": "/stock/", "method": "POST", "statusCode": 201, "responseTime": 210}
{"timestamp": "2026-03-31T23:19:08.079Z", "level": "INFO", "service": "asset-management-service", "environment": "production", "message": "HTTP Request: POST http://testserver/stock/ \"HTTP/1.1 201 Created\"", "userId": "anonymous", "endpoint": "", "method": "", "statusCode": 0, "responseTime": 0}
{"timestamp": "2026-03-31T23:19:08.283Z", "level": "INFO", "service": "asset-management-service", "environment": "production", "message": "HTTP request completed", "userId": "admin@test.com", "endpoint": "/stock/", "method": "POST", "statusCode": 201, "responseTime": 197}
{"timestamp": "2026-03-31T23:19:08.284Z", "level": "INFO", "service": "asset-management-service", "environment": "production", "message": "HTTP Request: POST http://testserver/stock/ \"HTTP/1.1 201 Created\"", "userId": "anonymous", "endpoint": "", "method": "", "statusCode": 0, "responseTime": 0}
{"timestamp": "2026-03-31T23:19:08.827Z", "level": "INFO", "service": "asset-management-service", "environment": "production", "message": "HTTP request completed", "userId": "admin@test.com", "endpoint": "/stock/", "method": "POST", "statusCode": 201, "responseTime": 206}
{"timestamp": "2026-03-31T23:19:08.831Z", "level": "INFO", "service": "asset-management-service", "environment": "production", "message": "HTTP Request: POST http://testserver/stock/ \"HTTP/1.1 201 Created\"", "userId": "anonymous", "endpoint": "", "method": "", "statusCode": 0, "responseTime": 0}
{"timestamp": "2026-03-31T23:19:09.445Z", "level": "INFO", "service": "asset-management-service", "environment": "production", "message": "HTTP request completed", "userId": "admin@test.com", "endpoint": "/stock/", "method": "POST", "statusCode": 201, "responseTime": 214}
{"timestamp": "2026-03-31T23:19:09.445Z", "level": "INFO", "service": "asset-management-service", "environment": "production", "message": "HTTP Request: POST http://testserver/stock/ \"HTTP/1.1 201 Created\"", "userId": "anonymous", "endpoint": "", "method": "", "statusCode": 0, "responseTime": 0}
{"timestamp": "2026-03-31T23:20:08.367Z", "level": "INFO", "service": "asset-management-service", "environment": "production", "message": "HTTP request completed", "userId": "ADMIN-001", "endpoint": "/employees/", "method": "GET", "statusCode": 200, "responseTime": 498}
{"timestamp": "2026-03-31T23:20:14.262Z", "level": "INFO", "service": "asset-management-service", "environment": "production", "message": "HTTP request completed", "userId": "ADMIN-001", "endpoint": "/accounts/summary", "method": "GET", "statusCode": 200, "responseTime": 519}
{"timestamp": "2026-03-31T23:20:17.934Z", "level": "INFO", "service": "asset-management-service", "environment": "production", "message": "HTTP request completed", "userId": "ADMIN-001", "endpoint": "/tracking/", "method": "GET", "statusCode": 200, "responseTime": 2194}
{"timestamp": "2026-03-31T23:20:18.240Z", "level": "INFO", "service": "asset-management-service", "environment": "production", "message": "HTTP request completed", "userId": "ADMIN-001", "endpoint": "/stock/", "method": "GET", "statusCode": 200, "responseTime": 1048}
{"timestamp": "2026-03-31T23:23:06.384Z", "level": "INFO", "service": "asset-management-service", "environment": "production", "message": "HTTP request completed", "userId": "ADMIN-001", "endpoint": "/stock/", "method": "GET", "statusCode": 200, "responseTime": 804}
{"timestamp": "2026-03-31T23:23:51.652Z", "level": "INFO", "service": "asset-management-service", "environment": "production", "message": "HTTP request completed", "userId": "ADMIN-001", "endpoint": "/stock/", "method": "GET", "statusCode": 200, "responseTime": 472}
{"timestamp": "2026-03-31T23:23:52.049Z", "level": "INFO", "service": "asset-management-service", "environment": "production", "message": "HTTP request completed", "userId": "ADMIN-001", "endpoint": "/stock/", "method": "GET", "statusCode": 200, "responseTime": 1110}
{"timestamp": "2026-03-31T23:23:57.560Z", "level": "INFO", "service": "asset-management-service", "environment": "production", "message": "HTTP request completed", "userId": "ADMIN-001", "endpoint": "/stock/", "method": "GET", "statusCode": 200, "responseTime": 524}
{"timestamp": "2026-03-31T23:24:53.709Z", "level": "INFO", "service": "asset-management-service", "environment": "production", "message": "HTTP request completed", "userId": "anonymous", "endpoint": "/auth/login/json", "method": "POST", "statusCode": 200, "responseTime": 608}
{"timestamp": "2026-03-31T23:24:53.715Z", "level": "INFO", "service": "asset-management-service", "environment": "production", "message": "HTTP Request: POST http://testserver/auth/login/json \"HTTP/1.1 200 OK\"", "userId": "anonymous", "endpoint": "", "method": "", "statusCode": 0, "responseTime": 0}
{"timestamp": "2026-03-31T23:24:54.740Z", "level": "WARNING", "service": "asset-management-service", "environment": "production", "message": "HTTP request completed with client error", "userId": "anonymous", "endpoint": "/auth/login/json", "method": "POST", "statusCode": 403, "responseTime": 499}
{"timestamp": "2026-03-31T23:24:54.742Z", "level": "INFO", "service": "asset-management-service", "environment": "production", "message": "HTTP Request: POST http://testserver/auth/login/json \"HTTP/1.1 403 Forbidden\"", "userId": "anonymous", "endpoint": "", "method": "", "statusCode": 0, "responseTime": 0}
{"timestamp": "2026-03-31T23:24:55.824Z", "level": "INFO", "service": "asset-management-service", "environment": "production", "message": "HTTP request completed", "userId": "anonymous", "endpoint": "/auth/login/json", "method": "POST", "statusCode": 200, "responseTime": 523}
{"timestamp": "2026-03-31T23:24:55.824Z", "level": "INFO", "service": "asset-management-service", "environment": "production", "message": "HTTP Request: POST http://testserver/auth/login/json \"HTTP/1.1 200 OK\"", "userId": "anonymous", "endpoint": "", "method": "", "statusCode": 0, "responseTime": 0}
{"timestamp": "2026-03-31T23:24:57.687Z", "level": "WARNING", "service": "asset-management-service", "environment": "production", "message": "HTTP request completed with client error", "userId": "user@test.com", "endpoint": "/stock/", "method": "POST", "statusCode": 403, "responseTime": 1299}
{"timestamp": "2026-03-31T23:24:57.692Z", "level": "INFO", "service": "asset-management-service", "environment": "production", "message": "HTTP Request: POST http://testserver/stock/ \"HTTP/1.1 403 Forbidden\"", "userId": "anonymous", "endpoint": "", "method": "", "statusCode": 0, "responseTime": 0}
{"timestamp": "2026-03-31T23:24:59.169Z", "level": "WARNING", "service": "asset-management-service", "environment": "production", "message": "HTTP request completed with client error", "userId": "admin@test.com", "endpoint": "/employees/register", "method": "POST", "statusCode": 400, "responseTime": 306}
{"timestamp": "2026-03-31T23:24:59.174Z", "level": "INFO", "service": "asset-management-service", "environment": "production", "message": "HTTP Request: POST http://testserver/employees/register \"HTTP/1.1 400 Bad Request\"", "userId": "anonymous", "endpoint": "", "method": "", "statusCode": 0, "responseTime": 0}
{"timestamp": "2026-03-31T23:25:00.547Z", "level": "INFO", "service": "asset-management-service", "environment": "production", "message": "HTTP request completed", "userId": "admin@test.com", "endpoint": "/employees/register", "method": "POST", "statusCode": 201, "responseTime": 827}
{"timestamp": "2026-03-31T23:25:00.552Z", "level": "INFO", "service": "asset-management-service", "environment": "production", "message": "HTTP Request: POST http://testserver/employees/register \"HTTP/1.1 201 Created\"", "userId": "anonymous", "endpoint": "", "method": "", "statusCode": 0, "responseTime": 0}
{"timestamp": "2026-03-31T23:25:00.842Z", "level": "WARNING", "service": "asset-management-service", "environment": "production", "message": "HTTP request completed with client error", "userId": "admin@test.com", "endpoint": "/employees/register", "method": "POST", "statusCode": 400, "responseTime": 285}
{"timestamp": "2026-03-31T23:25:00.845Z", "level": "INFO", "service": "asset-management-service", "environment": "production", "message": "HTTP Request: POST http://testserver/employees/register \"HTTP/1.1 400 Bad Request\"", "userId": "anonymous", "endpoint": "", "method": "", "statusCode": 0, "responseTime": 0}
{"timestamp": "2026-03-31T23:25:02.122Z", "level": "INFO", "service": "asset-management-service", "environment": "production", "message": "HTTP request completed", "userId": "admin@test.com", "endpoint": "/stock/", "method": "POST", "statusCode": 201, "responseTime": 323}
{"timestamp": "2026-03-31T23:25:02.132Z", "level": "INFO", "service": "asset-management-service", "environment": "production", "message": "HTTP Request: POST http://testserver/stock/ \"HTTP/1.1 201 Created\"", "userId": "anonymous", "endpoint": "", "method": "", "statusCode": 0, "responseTime": 0}
{"timestamp": "2026-03-31T23:25:03.122Z", "level": "INFO", "service": "asset-management-service", "environment": "production", "message": "HTTP request completed", "userId": "admin@test.com", "endpoint": "/employees/register", "method": "POST", "statusCode": 201, "responseTime": 969}
{"timestamp": "2026-03-31T23:25:03.126Z", "level": "INFO", "service": "asset-management-service", "environment": "production", "message": "HTTP Request: POST http://testserver/employees/register \"HTTP/1.1 201 Created\"", "userId": "anonymous", "endpoint": "", "method": "", "statusCode": 0, "responseTime": 0}
{"timestamp": "2026-03-31T23:25:03.468Z", "level": "INFO", "service": "asset-management-service", "environment": "production", "message": "HTTP request completed", "userId": "admin@test.com", "endpoint": "/employees/EMP-7FB01FAF/deactivate", "method": "POST", "statusCode": 200, "responseTime": 323}
{"timestamp": "2026-03-31T23:25:03.473Z", "level": "INFO", "service": "asset-management-service", "environment": "production", "message": "HTTP Request: POST http://testserver/employees/EMP-7FB01FAF/deactivate \"HTTP/1.1 200 OK\"", "userId": "anonymous", "endpoint": "", "method": "", "statusCode": 0, "responseTime": 0}
{"timestamp": "2026-03-31T23:25:04.267Z", "level": "INFO", "service": "asset-management-service", "environment": "production", "message": "HTTP request completed", "userId": "admin@test.com", "endpoint": "/stock/", "method": "POST", "statusCode": 201, "responseTime": 261}
{"timestamp": "2026-03-31T23:25:04.269Z", "level": "INFO", "service": "asset-management-service", "environment": "production", "message": "HTTP Request: POST http://testserver/stock/ \"HTTP/1.1 201 Created\"", "userId": "anonymous", "endpoint": "", "method": "", "statusCode": 0, "responseTime": 0}
{"timestamp": "2026-03-31T23:25:04.569Z", "level": "INFO", "service": "asset-management-service", "environment": "production", "message": "HTTP request completed", "userId": "admin@test.com", "endpoint": "/stock/add", "method": "POST", "statusCode": 200, "responseTime": 289}
{"timestamp": "2026-03-31T23:25:04.574Z", "level": "INFO", "service": "asset-management-service", "environment": "production", "message": "HTTP Request: POST http://testserver/stock/add \"HTTP/1.1 200 OK\"", "userId": "anonymous", "endpoint": "", "method": "", "statusCode": 0, "responseTime": 0}
{"timestamp": "2026-03-31T23:25:05.929Z", "level": "WARNING", "service": "asset-management-service", "environment": "production", "message": "HTTP request completed with client error", "userId": "admin@test.com", "endpoint": "/stock/", "method": "POST", "statusCode": 422, "responseTime": 290}
{"timestamp": "2026-03-31T23:25:05.934Z", "level": "INFO", "service": "asset-management-service", "environment": "production", "message": "HTTP Request: POST http://testserver/stock/ \"HTTP/1.1 422 Unprocessable Entity\"", "userId": "anonymous", "endpoint": "", "method": "", "statusCode": 0, "responseTime": 0}
{"timestamp": "2026-03-31T23:25:07.785Z", "level": "INFO", "service": "asset-management-service", "environment": "production", "message": "HTTP request completed", "userId": "user@test.com", "endpoint": "/requests/", "method": "POST", "statusCode": 200, "responseTime": 330}
{"timestamp": "2026-03-31T23:25:07.785Z", "level": "INFO", "service": "asset-management-service", "environment": "production", "message": "HTTP Request: POST http://testserver/requests/ \"HTTP/1.1 200 OK\"", "userId": "anonymous", "endpoint": "", "method": "", "statusCode": 0, "responseTime": 0}
{"timestamp": "2026-03-31T23:25:08.083Z", "level": "INFO", "service": "asset-management-service", "environment": "production", "message": "HTTP request completed", "userId": "hr@test.com", "endpoint": "/requests/REQ-51E38E46/review/hr", "method": "POST", "statusCode": 200, "responseTime": 296}
{"timestamp": "2026-03-31T23:25:08.092Z", "level": "INFO", "service": "asset-management-service", "environment": "production", "message": "HTTP Request: POST http://testserver/requests/REQ-51E38E46/review/hr \"HTTP/1.1 200 OK\"", "userId": "anonymous", "endpoint": "", "method": "", "statusCode": 0, "responseTime": 0}
{"timestamp": "2026-03-31T23:25:08.365Z", "level": "WARNING", "service": "asset-management-service", "environment": "production", "message": "HTTP request completed with client error", "userId": "admin@test.com", "endpoint": "/requests/REQ-51E38E46/review/manager", "method": "POST", "statusCode": 400, "responseTime": 268}
{"timestamp": "2026-03-31T23:25:08.367Z", "level": "INFO", "service": "asset-management-service", "environment": "production", "message": "HTTP Request: POST http://testserver/requests/REQ-51E38E46/review/manager \"HTTP/1.1 400 Bad Request\"", "userId": "anonymous", "endpoint": "", "method": "", "statusCode": 0, "responseTime": 0}
{"timestamp": "2026-03-31T23:25:09.731Z", "level": "INFO", "service": "asset-management-service", "environment": "production", "message": "HTTP request completed", "userId": "admin@test.com", "endpoint": "/stock/", "method": "POST", "statusCode": 201, "responseTime": 310}
{"timestamp": "2026-03-31T23:25:09.733Z", "level": "INFO", "service": "asset-management-service", "environment": "production", "message": "HTTP Request: POST http://testserver/stock/ \"HTTP/1.1 201 Created\"", "userId": "anonymous", "endpoint": "", "method": "", "statusCode": 0, "responseTime": 0}
{"timestamp": "2026-03-31T23:25:10.011Z", "level": "INFO", "service": "asset-management-service", "environment": "production", "message": "HTTP request completed", "userId": "admin@test.com", "endpoint": "/stock/", "method": "POST", "statusCode": 201, "responseTime": 271}
{"timestamp": "2026-03-31T23:25:10.016Z", "level": "INFO", "service": "asset-management-service", "environment": "production", "message": "HTTP Request: POST http://testserver/stock/ \"HTTP/1.1 201 Created\"", "userId": "anonymous", "endpoint": "", "method": "", "statusCode": 0, "responseTime": 0}
{"timestamp": "2026-03-31T23:25:10.305Z", "level": "INFO", "service": "asset-management-service", "environment": "production", "message": "HTTP request completed", "userId": "admin@test.com", "endpoint": "/stock/allocate_manual_override", "method": "POST", "statusCode": 200, "responseTime": 279}
{"timestamp": "2026-03-31T23:25:10.307Z", "level": "INFO", "service": "asset-management-service", "environment": "production", "message": "HTTP Request: POST http://testserver/stock/allocate_manual_override \"HTTP/1.1 200 OK\"", "userId": "anonymous", "endpoint": "", "method": "", "statusCode": 0, "responseTime": 0}
{"timestamp": "2026-03-31T23:25:10.629Z", "level": "INFO", "service": "asset-management-service", "environment": "production", "message": "HTTP request completed", "userId": "user@test.com", "endpoint": "/requests/", "method": "POST", "statusCode": 200, "responseTime": 312}
{"timestamp": "2026-03-31T23:25:10.634Z", "level": "INFO", "service": "asset-management-service", "environment": "production", "message": "HTTP Request: POST http://testserver/requests/ \"HTTP/1.1 200 OK\"", "userId": "anonymous", "endpoint": "", "method": "", "statusCode": 0, "responseTime": 0}
{"timestamp": "2026-03-31T23:25:10.972Z", "level": "INFO", "service": "asset-management-service", "environment": "production", "message": "HTTP request completed", "userId": "admin@test.com", "endpoint": "/requests/REQ-37B6C5E9/review/hr", "method": "POST", "statusCode": 200, "responseTime": 327}
{"timestamp": "2026-03-31T23:25:10.976Z", "level": "INFO", "service": "asset-management-service", "environment": "production", "message": "HTTP Request: POST http://testserver/requests/REQ-37B6C5E9/review/hr \"HTTP/1.1 200 OK\"", "userId": "anonymous", "endpoint": "", "method": "", "statusCode": 0, "responseTime": 0}
{"timestamp": "2026-03-31T23:25:11.290Z", "level": "INFO", "service": "asset-management-service", "environment": "production", "message": "HTTP request completed", "userId": "admin@test.com", "endpoint": "/requests/REQ-37B6C5E9/triage", "method": "POST", "statusCode": 200, "responseTime": 308}
{"timestamp": "2026-03-31T23:25:11.293Z", "level": "INFO", "service": "asset-management-service", "environment": "production", "message": "HTTP Request: POST http://testserver/requests/REQ-37B6C5E9/triage \"HTTP/1.1 200 OK\"", "userId": "anonymous", "endpoint": "", "method": "", "statusCode": 0, "responseTime": 0}
{"timestamp": "2026-03-31T23:25:11.592Z", "level": "INFO", "service": "asset-management-service", "environment": "production", "message": "HTTP request completed", "userId": "admin@test.com", "endpoint": "/requests/REQ-37B6C5E9/execute", "method": "POST", "statusCode": 200, "responseTime": 294}
{"timestamp": "2026-03-31T23:25:11.595Z", "level": "INFO", "service": "asset-management-service", "environment": "production", "message": "HTTP Request: POST http://testserver/requests/REQ-37B6C5E9/execute?provided_asset_id=LOANER-1&broken_asset_id=BROKEN-1 \"HTTP/1.1 200 OK\"", "userId": "anonymous", "endpoint": "", "method": "", "statusCode": 0, "responseTime": 0}
{"timestamp": "2026-03-31T23:25:11.907Z", "level": "INFO", "service": "asset-management-service", "environment": "production", "message": "HTTP request completed", "userId": "admin@test.com", "endpoint": "/requests/REQ-37B6C5E9/resolve", "method": "POST", "statusCode": 200, "responseTime": 307}
{"timestamp": "2026-03-31T23:25:11.911Z", "level": "INFO", "service": "asset-management-service", "environment": "production", "message": "HTTP Request: POST http://testserver/requests/REQ-37B6C5E9/resolve \"HTTP/1.1 200 OK\"", "userId": "anonymous", "endpoint": "", "method": "", "statusCode": 0, "responseTime": 0}
{"timestamp": "2026-03-31T23:25:13.742Z", "level": "INFO", "service": "asset-management-service", "environment": "production", "message": "HTTP request completed", "userId": "admin@test.com", "endpoint": "/stock/", "method": "POST", "statusCode": 201, "responseTime": 265}
{"timestamp": "2026-03-31T23:25:13.745Z", "level": "INFO", "service": "asset-management-service", "environment": "production", "message": "HTTP Request: POST http://testserver/stock/ \"HTTP/1.1 201 Created\"", "userId": "anonymous", "endpoint": "", "method": "", "statusCode": 0, "responseTime": 0}
{"timestamp": "2026-03-31T23:25:14.029Z", "level": "INFO", "service": "asset-management-service", "environment": "production", "message": "HTTP request completed", "userId": "admin@test.com", "endpoint": "/accounts/procure", "method": "POST", "statusCode": 200, "responseTime": 266}
{"timestamp": "2026-03-31T23:25:14.033Z", "level": "INFO", "service": "asset-management-service", "environment": "production", "message": "HTTP Request: POST http://testserver/accounts/procure \"HTTP/1.1 200 OK\"", "userId": "anonymous", "endpoint": "", "method": "", "statusCode": 0, "responseTime": 0}
{"timestamp": "2026-03-31T23:25:14.329Z", "level": "INFO", "service": "asset-management-service", "environment": "production", "message": "HTTP request completed", "userId": "admin@test.com", "endpoint": "/stock/add", "method": "POST", "statusCode": 200, "responseTime": 290}
{"timestamp": "2026-03-31T23:25:14.332Z", "level": "INFO", "service": "asset-management-service", "environment": "production", "message": "HTTP Request: POST http://testserver/stock/add \"HTTP/1.1 200 OK\"", "userId": "anonymous", "endpoint": "", "method": "", "statusCode": 0, "responseTime": 0}
{"timestamp": "2026-03-31T23:25:14.623Z", "level": "INFO", "service": "asset-management-service", "environment": "production", "message": "HTTP request completed", "userId": "admin@test.com", "endpoint": "/stock/allocate_manual_override", "method": "POST", "statusCode": 200, "responseTime": 283}
{"timestamp": "2026-03-31T23:25:14.626Z", "level": "INFO", "service": "asset-management-service", "environment": "production", "message": "HTTP Request: POST http://testserver/stock/allocate_manual_override \"HTTP/1.1 200 OK\"", "userId": "anonymous", "endpoint": "", "method": "", "statusCode": 0, "responseTime": 0}
{"timestamp": "2026-03-31T23:25:14.975Z", "level": "INFO", "service": "asset-management-service", "environment": "production", "message": "HTTP request completed", "userId": "user@test.com", "endpoint": "/accounts/acknowledge/TRK-3503BDEE", "method": "POST", "statusCode": 200, "responseTime": 337}
{"timestamp": "2026-03-31T23:25:14.983Z", "level": "INFO", "service": "asset-management-service", "environment": "production", "message": "HTTP Request: POST http://testserver/accounts/acknowledge/TRK-3503BDEE \"HTTP/1.1 200 OK\"", "userId": "anonymous", "endpoint": "", "method": "", "statusCode": 0, "responseTime": 0}
{"timestamp": "2026-03-31T23:25:15.340Z", "level": "INFO", "service": "asset-management-service", "environment": "production", "message": "HTTP request completed", "userId": "admin@test.com", "endpoint": "/accounts/maintenance", "method": "POST", "statusCode": 200, "responseTime": 351}
{"timestamp": "2026-03-31T23:25:15.345Z", "level": "INFO", "service": "asset-management-service", "environment": "production", "message": "HTTP Request: POST http://testserver/accounts/maintenance \"HTTP/1.1 200 OK\"", "userId": "anonymous", "endpoint": "", "method": "", "statusCode": 0, "responseTime": 0}
{"timestamp": "2026-03-31T23:25:15.681Z", "level": "INFO", "service": "asset-management-service", "environment": "production", "message": "HTTP request completed", "userId": "user@test.com", "endpoint": "/requests/", "method": "POST", "statusCode": 200, "responseTime": 336}
{"timestamp": "2026-03-31T23:25:15.690Z", "level": "INFO", "service": "asset-management-service", "environment": "production", "message": "HTTP Request: POST http://testserver/requests/ \"HTTP/1.1 200 OK\"", "userId": "anonymous", "endpoint": "", "method": "", "statusCode": 0, "responseTime": 0}
{"timestamp": "2026-03-31T23:25:15.982Z", "level": "INFO", "service": "asset-management-service", "environment": "production", "message": "HTTP request completed", "userId": "hr@test.com", "endpoint": "/requests/REQ-776D7F7A/review/hr", "method": "POST", "statusCode": 200, "responseTime": 292}
{"timestamp": "2026-03-31T23:25:15.991Z", "level": "INFO", "service": "asset-management-service", "environment": "production", "message": "HTTP Request: POST http://testserver/requests/REQ-776D7F7A/review/hr \"HTTP/1.1 200 OK\"", "userId": "anonymous", "endpoint": "", "method": "", "statusCode": 0, "responseTime": 0}
{"timestamp": "2026-03-31T23:25:16.289Z", "level": "INFO", "service": "asset-management-service", "environment": "production", "message": "HTTP request completed", "userId": "admin@test.com", "endpoint": "/requests/REQ-776D7F7A/triage", "method": "POST", "statusCode": 200, "responseTime": 295}
{"timestamp": "2026-03-31T23:25:16.292Z", "level": "INFO", "service": "asset-management-service", "environment": "production", "message": "HTTP Request: POST http://testserver/requests/REQ-776D7F7A/triage \"HTTP/1.1 200 OK\"", "userId": "anonymous", "endpoint": "", "method": "", "statusCode": 0, "responseTime": 0}
{"timestamp": "2026-03-31T23:25:17.217Z", "level": "INFO", "service": "asset-management-service", "environment": "production", "message": "HTTP request completed", "userId": "admin@test.com", "endpoint": "/stock/", "method": "POST", "statusCode": 201, "responseTime": 318}
{"timestamp": "2026-03-31T23:25:17.224Z", "level": "INFO", "service": "asset-management-service", "environment": "production", "message": "HTTP Request: POST http://testserver/stock/ \"HTTP/1.1 201 Created\"", "userId": "anonymous", "endpoint": "", "method": "", "statusCode": 0, "responseTime": 0}
{"timestamp": "2026-03-31T23:25:18.036Z", "level": "INFO", "service": "asset-management-service", "environment": "production", "message": "HTTP request completed", "userId": "admin@test.com", "endpoint": "/stock/", "method": "POST", "statusCode": 201, "responseTime": 283}
{"timestamp": "2026-03-31T23:25:18.040Z", "level": "INFO", "service": "asset-management-service", "environment": "production", "message": "HTTP Request: POST http://testserver/stock/ \"HTTP/1.1 201 Created\"", "userId": "anonymous", "endpoint": "", "method": "", "statusCode": 0, "responseTime": 0}
{"timestamp": "2026-03-31T23:25:18.342Z", "level": "INFO", "service": "asset-management-service", "environment": "production", "message": "HTTP request completed", "userId": "admin@test.com", "endpoint": "/stock/", "method": "POST", "statusCode": 201, "responseTime": 297}
{"timestamp": "2026-03-31T23:25:18.345Z", "level": "INFO", "service": "asset-management-service", "environment": "production", "message": "HTTP Request: POST http://testserver/stock/ \"HTTP/1.1 201 Created\"", "userId": "anonymous", "endpoint": "", "method": "", "statusCode": 0, "responseTime": 0}
{"timestamp": "2026-03-31T23:25:19.181Z", "level": "INFO", "service": "asset-management-service", "environment": "production", "message": "HTTP request completed", "userId": "admin@test.com", "endpoint": "/stock/", "method": "POST", "statusCode": 201, "responseTime": 303}
{"timestamp": "2026-03-31T23:25:19.184Z", "level": "INFO", "service": "asset-management-service", "environment": "production", "message": "HTTP Request: POST http://testserver/stock/ \"HTTP/1.1 201 Created\"", "userId": "anonymous", "endpoint": "", "method": "", "statusCode": 0, "responseTime": 0}
{"timestamp": "2026-03-31T23:25:19.517Z", "level": "INFO", "service": "asset-management-service", "environment": "production", "message": "HTTP request completed", "userId": "admin@test.com", "endpoint": "/stock/", "method": "POST", "statusCode": 201, "responseTime": 326}
{"timestamp": "2026-03-31T23:25:19.517Z", "level": "INFO", "service": "asset-management-service", "environment": "production", "message": "HTTP Request: POST http://testserver/stock/ \"HTTP/1.1 201 Created\"", "userId": "anonymous", "endpoint": "", "method": "", "statusCode": 0, "responseTime": 0}
{"timestamp": "2026-03-31T23:25:20.367Z", "level": "INFO", "service": "asset-management-service", "environment": "production", "message": "HTTP request completed", "userId": "admin@test.com", "endpoint": "/stock/", "method": "POST", "statusCode": 201, "responseTime": 308}
{"timestamp": "2026-03-31T23:25:20.371Z", "level": "INFO", "service": "asset-management-service", "environment": "production", "message": "HTTP Request: POST http://testserver/stock/ \"HTTP/1.1 201 Created\"", "userId": "anonymous", "endpoint": "", "method": "", "statusCode": 0, "responseTime": 0}
{"timestamp": "2026-03-31T23:25:21.526Z", "level": "INFO", "service": "asset-management-service", "environment": "production", "message": "HTTP request completed", "userId": "admin@test.com", "endpoint": "/stock/", "method": "POST", "statusCode": 201, "responseTime": 262}
{"timestamp": "2026-03-31T23:25:21.529Z", "level": "INFO", "service": "asset-management-service", "environment": "production", "message": "HTTP Request: POST http://testserver/stock/ \"HTTP/1.1 201 Created\"", "userId": "anonymous", "endpoint": "", "method": "", "statusCode": 0, "responseTime": 0}
{"timestamp": "2026-03-31T23:25:22.460Z", "level": "INFO", "service": "asset-management-service", "environment": "production", "message": "HTTP request completed", "userId": "admin@test.com", "endpoint": "/stock/", "method": "POST", "statusCode": 201, "responseTime": 396}
{"timestamp": "2026-03-31T23:25:22.463Z", "level": "INFO", "service": "asset-management-service", "environment": "production", "message": "HTTP Request: POST http://testserver/stock/ \"HTTP/1.1 201 Created\"", "userId": "anonymous", "endpoint": "", "method": "", "statusCode": 0, "responseTime": 0}
{"timestamp": "2026-03-31T23:25:23.319Z", "level": "INFO", "service": "asset-management-service", "environment": "production", "message": "HTTP request completed", "userId": "admin@test.com", "endpoint": "/stock/", "method": "POST", "statusCode": 201, "responseTime": 254}
{"timestamp": "2026-03-31T23:25:23.322Z", "level": "INFO", "service": "asset-management-service", "environment": "production", "message": "HTTP Request: POST http://testserver/stock/ \"HTTP/1.1 201 Created\"", "userId": "anonymous", "endpoint": "", "method": "", "statusCode": 0, "responseTime": 0}
{"timestamp": "2026-03-31T23:25:24.257Z", "level": "INFO", "service": "asset-management-service", "environment": "production", "message": "HTTP request completed", "userId": "admin@test.com", "endpoint": "/stock/", "method": "POST", "statusCode": 201, "responseTime": 264}
{"timestamp": "2026-03-31T23:25:24.259Z", "level": "INFO", "service": "asset-management-service", "environment": "production", "message": "HTTP Request: POST http://testserver/stock/ \"HTTP/1.1 201 Created\"", "userId": "anonymous", "endpoint": "", "method": "", "statusCode": 0, "responseTime": 0}
{"timestamp": "2026-03-31T23:25:24.531Z", "level": "INFO", "service": "asset-management-service", "environment": "production", "message": "HTTP request completed", "userId": "admin@test.com", "endpoint": "/stock/", "method": "POST", "statusCode": 201, "responseTime": 267}
{"timestamp": "2026-03-31T23:25:24.531Z", "level": "INFO", "service": "asset-management-service", "environment": "production", "message": "HTTP Request: POST http://testserver/stock/ \"HTTP/1.1 201 Created\"", "userId": "anonymous", "endpoint": "", "method": "", "statusCode": 0, "responseTime": 0}
{"timestamp": "2026-03-31T23:25:25.331Z", "level": "INFO", "service": "asset-management-service", "environment": "production", "message": "HTTP request completed", "userId": "admin@test.com", "endpoint": "/stock/", "method": "POST", "statusCode": 201, "responseTime": 257}
{"timestamp": "2026-03-31T23:25:25.336Z", "level": "INFO", "service": "asset-management-service", "environment": "production", "message": "HTTP Request: POST http://testserver/stock/ \"HTTP/1.1 201 Created\"", "userId": "anonymous", "endpoint": "", "method": "", "statusCode": 0, "responseTime": 0}
{"timestamp": "2026-03-31T23:25:26.260Z", "level": "INFO", "service": "asset-management-service", "environment": "production", "message": "HTTP request completed", "userId": "admin@test.com", "endpoint": "/stock/", "method": "POST", "statusCode": 201, "responseTime": 244}
{"timestamp": "2026-03-31T23:25:26.264Z", "level": "INFO", "service": "asset-management-service", "environment": "production", "message": "HTTP Request: POST http://testserver/stock/ \"HTTP/1.1 201 Created\"", "userId": "anonymous", "endpoint": "", "method": "", "statusCode": 0, "responseTime": 0}
{"timestamp": "2026-04-01T04:07:30.129Z", "level": "WARNING", "service": "asset-management-service", "environment": "production", "message": "HTTP request completed with client error", "userId": "anonymous", "endpoint": "/stock/", "method": "GET", "statusCode": 401, "responseTime": 23}
{"timestamp": "2026-04-01T04:07:32.259Z", "level": "WARNING", "service": "asset-management-service", "environment": "production", "message": "HTTP request completed with client error", "userId": "anonymous", "endpoint": "/stock/", "method": "GET", "statusCode": 401, "responseTime": 5}
{"timestamp": "2026-04-01T04:07:33.281Z", "level": "WARNING", "service": "asset-management-service", "environment": "production", "message": "HTTP request completed with client error", "userId": "anonymous", "endpoint": "/stock/", "method": "GET", "statusCode": 401, "responseTime": 4}
{"timestamp": "2026-04-01T04:07:35.303Z", "level": "WARNING", "service": "asset-management-service", "environment": "production", "message": "HTTP request completed with client error", "userId": "anonymous", "endpoint": "/stock/", "method": "GET", "statusCode": 401, "responseTime": 3}
{"timestamp": "2026-04-01T04:07:39.317Z", "level": "WARNING", "service": "asset-management-service", "environment": "production", "message": "HTTP request completed with client error", "userId": "anonymous", "endpoint": "/stock/", "method": "GET", "statusCode": 401, "responseTime": 3}
{"timestamp": "2026-04-01T04:07:39.452Z", "level": "WARNING", "service": "asset-management-service", "environment": "production", "message": "HTTP request completed with client error", "userId": "anonymous", "endpoint": "/stock/", "method": "GET", "statusCode": 401, "responseTime": 17}
{"timestamp": "2026-04-01T04:07:39.454Z", "level": "WARNING", "service": "asset-management-service", "environment": "production", "message": "HTTP request completed with client error", "userId": "anonymous", "endpoint": "/requests/", "method": "GET", "statusCode": 401, "responseTime": 17}
{"timestamp": "2026-04-01T04:07:39.456Z", "level": "WARNING", "service": "asset-management-service", "environment": "production", "message": "HTTP request completed with client error", "userId": "anonymous", "endpoint": "/tracking/", "method": "GET", "statusCode": 401, "responseTime": 16}
{"timestamp": "2026-04-01T04:07:39.457Z", "level": "WARNING", "service": "asset-management-service", "environment": "production", "message": "HTTP request completed with client error", "userId": "anonymous", "endpoint": "/accounts/summary", "method": "GET", "statusCode": 401, "responseTime": 16}
{"timestamp": "2026-04-01T04:07:40.479Z", "level": "WARNING", "service": "asset-management-service", "environment": "production", "message": "HTTP request completed with client error", "userId": "anonymous", "endpoint": "/stock/", "method": "GET", "statusCode": 401, "responseTime": 6}
{"timestamp": "2026-04-01T04:07:40.510Z", "level": "WARNING", "service": "asset-management-service", "environment": "production", "message": "HTTP request completed with client error", "userId": "anonymous", "endpoint": "/requests/", "method": "GET", "statusCode": 401, "responseTime": 13}
{"timestamp": "2026-04-01T04:07:40.514Z", "level": "WARNING", "service": "asset-management-service", "environment": "production", "message": "HTTP request completed with client error", "userId": "anonymous", "endpoint": "/tracking/", "method": "GET", "statusCode": 401, "responseTime": 14}
{"timestamp": "2026-04-01T04:07:40.518Z", "level": "WARNING", "service": "asset-management-service", "environment": "production", "message": "HTTP request completed with client error", "userId": "anonymous", "endpoint": "/accounts/summary", "method": "GET", "statusCode": 401, "responseTime": 14}
{"timestamp": "2026-04-01T04:07:42.519Z", "level": "WARNING", "service": "asset-management-service", "environment": "production", "message": "HTTP request completed with client error", "userId": "anonymous", "endpoint": "/stock/", "method": "GET", "statusCode": 401, "responseTime": 3}
{"timestamp": "2026-04-01T04:07:42.572Z", "level": "WARNING", "service": "asset-management-service", "environment": "production", "message": "HTTP request completed with client error", "userId": "anonymous", "endpoint": "/tracking/", "method": "GET", "statusCode": 401, "responseTime": 17}
{"timestamp": "2026-04-01T04:07:42.574Z", "level": "WARNING", "service": "asset-management-service", "environment": "production", "message": "HTTP request completed with client error", "userId": "anonymous", "endpoint": "/requests/", "method": "GET", "statusCode": 401, "responseTime": 20}
{"timestamp": "2026-04-01T04:07:42.577Z", "level": "WARNING", "service": "asset-management-service", "environment": "production", "message": "HTTP request completed with client error", "userId": "anonymous", "endpoint": "/accounts/summary", "method": "GET", "statusCode": 401, "responseTime": 19}
{"timestamp": "2026-04-01T04:07:46.390Z", "level": "WARNING", "service": "asset-management-service", "environment": "production", "message": "HTTP request completed with client error", "userId": "anonymous", "endpoint": "/employees/ADMIN-001/assets", "method": "GET", "statusCode": 401, "responseTime": 5}
{"timestamp": "2026-04-01T04:07:47.420Z", "level": "WARNING", "service": "asset-management-service", "environment": "production", "message": "HTTP request completed with client error", "userId": "anonymous", "endpoint": "/employees/ADMIN-001/assets", "method": "GET", "statusCode": 401, "responseTime": 2}
{"timestamp": "2026-04-01T04:07:49.437Z", "level": "WARNING", "service": "asset-management-service", "environment": "production", "message": "HTTP request completed with client error", "userId": "anonymous", "endpoint": "/employees/ADMIN-001/assets", "method": "GET", "statusCode": 401, "responseTime": 3}
{"timestamp": "2026-04-01T04:07:53.453Z", "level": "WARNING", "service": "asset-management-service", "environment": "production", "message": "HTTP request completed with client error", "userId": "anonymous", "endpoint": "/employees/ADMIN-001/assets", "method": "GET", "statusCode": 401, "responseTime": 4}
{"timestamp": "2026-04-01T04:07:56.831Z", "level": "INFO", "service": "asset-management-service", "environment": "production", "message": "HTTP request completed", "userId": "anonymous", "endpoint": "/auth/logout", "method": "POST", "statusCode": 200, "responseTime": 4}
{"timestamp": "2026-04-01T04:07:59.533Z", "level": "INFO", "service": "asset-management-service", "environment": "production", "message": "HTTP request completed", "userId": "anonymous", "endpoint": "/auth/login/json", "method": "POST", "statusCode": 200, "responseTime": 1157}
{"timestamp": "2026-04-01T04:08:01.109Z", "level": "INFO", "service": "asset-management-service", "environment": "production", "message": "HTTP request completed", "userId": "ADMIN-001", "endpoint": "/requests/", "method": "GET", "statusCode": 200, "responseTime": 1506}
{"timestamp": "2026-04-01T04:08:01.481Z", "level": "INFO", "service": "asset-management-service", "environment": "production", "message": "HTTP request completed", "userId": "ADMIN-001", "endpoint": "/accounts/summary", "method": "GET", "statusCode": 200, "responseTime": 1317}
{"timestamp": "2026-04-01T04:08:01.481Z", "level": "INFO", "service": "asset-management-service", "environment": "production", "message": "HTTP request completed", "userId": "ADMIN-001", "endpoint": "/stock/", "method": "GET", "statusCode": 200, "responseTime": 1053}
{"timestamp": "2026-04-01T04:08:02.945Z", "level": "INFO", "service": "asset-management-service", "environment": "production", "message": "HTTP request completed", "userId": "ADMIN-001", "endpoint": "/tracking/", "method": "GET", "statusCode": 200, "responseTime": 3061}
{"timestamp": "2026-04-01T04:08:05.267Z", "level": "INFO", "service": "asset-management-service", "environment": "production", "message": "HTTP request completed", "userId": "ADMIN-001", "endpoint": "/employees/ADMIN-001/assets", "method": "GET", "statusCode": 200, "responseTime": 575}
{"timestamp": "2026-04-01T04:08:07.598Z", "level": "INFO", "service": "asset-management-service", "environment": "production", "message": "HTTP request completed", "userId": "ADMIN-001", "endpoint": "/requests/", "method": "GET", "statusCode": 200, "responseTime": 566}
{"timestamp": "2026-04-01T04:08:09.424Z", "level": "INFO", "service": "asset-management-service", "environment": "production", "message": "HTTP request completed", "userId": "ADMIN-001", "endpoint": "/stock/", "method": "GET", "statusCode": 200, "responseTime": 609}
{"timestamp": "2026-04-01T04:08:12.441Z", "level": "INFO", "service": "asset-management-service", "environment": "production", "message": "HTTP request completed", "userId": "ADMIN-001", "endpoint": "/tracking/", "method": "GET", "statusCode": 200, "responseTime": 1892}
{"timestamp": "2026-04-01T04:08:24.392Z", "level": "INFO", "service": "asset-management-service", "environment": "production", "message": "HTTP request completed", "userId": "ADMIN-001", "endpoint": "/accounts/summary", "method": "GET", "statusCode": 200, "responseTime": 556}
{"timestamp": "2026-04-01T04:08:28.670Z", "level": "INFO", "service": "asset-management-service", "environment": "production", "message": "HTTP request completed", "userId": "ADMIN-001", "endpoint": "/accounts/summary", "method": "GET", "statusCode": 200, "responseTime": 542}
{"timestamp": "2026-04-01T04:08:30.542Z", "level": "INFO", "service": "asset-management-service", "environment": "production", "message": "HTTP request completed", "userId": "ADMIN-001", "endpoint": "/employees/", "method": "GET", "statusCode": 200, "responseTime": 539}
{"timestamp": "2026-04-01T04:08:39.253Z", "level": "INFO", "service": "asset-management-service", "environment": "production", "message": "HTTP request completed", "userId": "ADMIN-001", "endpoint": "/accounts/summary", "method": "GET", "statusCode": 200, "responseTime": 504}
{"timestamp": "2026-04-01T04:08:39.297Z", "level": "INFO", "service": "asset-management-service", "environment": "production", "message": "HTTP request completed", "userId": "ADMIN-001", "endpoint": "/stock/", "method": "GET", "statusCode": 200, "responseTime": 795}
{"timestamp": "2026-04-01T04:08:39.326Z", "level": "INFO", "service": "asset-management-service", "environment": "production", "message": "HTTP request completed", "userId": "ADMIN-001", "endpoint": "/requests/", "method": "GET", "statusCode": 200, "responseTime": 1285}
{"timestamp": "2026-04-01T04:08:40.401Z", "level": "INFO", "service": "asset-management-service", "environment": "production", "message": "HTTP request completed", "userId": "ADMIN-001", "endpoint": "/tracking/", "method": "GET", "statusCode": 200, "responseTime": 2160}
{"timestamp": "2026-04-01T04:10:00.436Z", "level": "INFO", "service": "asset-management-service", "environment": "production", "message": "HTTP request completed", "userId": "ADMIN-001", "endpoint": "/employees/", "method": "GET", "statusCode": 200, "responseTime": 621}
{"timestamp": "2026-04-01T04:11:02.195Z", "level": "WARNING", "service": "asset-management-service", "environment": "production", "message": "HTTP request completed with client error", "userId": "ADMIN-001", "endpoint": "/employees/register", "method": "POST", "statusCode": 422, "responseTime": 1562}
{"timestamp": "2026-04-01T04:11:33.759Z", "level": "INFO", "service": "asset-management-service", "environment": "production", "message": "HTTP request completed", "userId": "ADMIN-001", "endpoint": "/employees/", "method": "GET", "statusCode": 200, "responseTime": 643}
{"timestamp": "2026-04-01T04:11:36.525Z", "level": "WARNING", "service": "asset-management-service", "environment": "production", "message": "HTTP request completed with client error", "userId": "ADMIN-001", "endpoint": "/employees/register", "method": "POST", "statusCode": 422, "responseTime": 475}
{"timestamp": "2026-04-01T04:12:30.880Z", "level": "INFO", "service": "asset-management-service", "environment": "production", "message": "HTTP request completed", "userId": "ADMIN-001", "endpoint": "/employees/", "method": "GET", "statusCode": 200, "responseTime": 561}
{"timestamp": "2026-04-01T04:13:32.240Z", "level": "INFO", "service": "asset-management-service", "environment": "production", "message": "HTTP request completed", "userId": "ADMIN-001", "endpoint": "/employees/", "method": "GET", "statusCode": 200, "responseTime": 646}
{"timestamp": "2026-04-01T04:14:02.876Z", "level": "INFO", "service": "asset-management-service", "environment": "production", "message": "HTTP request completed", "userId": "ADMIN-001", "endpoint": "/employees/", "method": "GET", "statusCode": 200, "responseTime": 603}
{"timestamp": "2026-04-01T04:15:43.552Z", "level": "INFO", "service": "asset-management-service", "environment": "production", "message": "HTTP request completed", "userId": "ADMIN-001", "endpoint": "/employees/", "method": "GET", "statusCode": 200, "responseTime": 562}
{"timestamp": "2026-04-01T04:15:49.626Z", "level": "INFO", "service": "asset-management-service", "environment": "production", "message": "HTTP request completed", "userId": "ADMIN-001", "endpoint": "/employees/", "method": "GET", "statusCode": 200, "responseTime": 610}
{"timestamp": "2026-04-01T04:15:50.617Z", "level": "INFO", "service": "asset-management-service", "environment": "production", "message": "HTTP request completed", "userId": "ADMIN-001", "endpoint": "/employees/", "method": "GET", "statusCode": 200, "responseTime": 621}
{"timestamp": "2026-04-01T04:16:52.937Z", "level": "INFO", "service": "asset-management-service", "environment": "production", "message": "HTTP request completed", "userId": "ADMIN-001", "endpoint": "/employees/", "method": "GET", "statusCode": 200, "responseTime": 661}
{"timestamp": "2026-04-01T04:16:54.367Z", "level": "WARNING", "service": "asset-management-service", "environment": "production", "message": "HTTP request completed with client error", "userId": "ADMIN-001", "endpoint": "/employees/register", "method": "POST", "statusCode": 422, "responseTime": 611}
{"timestamp": "2026-04-01T04:17:06.186Z", "level": "INFO", "service": "asset-management-service", "environment": "production", "message": "HTTP request completed", "userId": "ADMIN-001", "endpoint": "/employees/register", "method": "POST", "statusCode": 201, "responseTime": 1910}
{"timestamp": "2026-04-01T04:17:06.720Z", "level": "INFO", "service": "asset-management-service", "environment": "production", "message": "HTTP request completed", "userId": "ADMIN-001", "endpoint": "/employees/", "method": "GET", "statusCode": 200, "responseTime": 516}
{"timestamp": "2026-04-01T04:17:21.974Z", "level": "INFO", "service": "asset-management-service", "environment": "production", "message": "HTTP request completed", "userId": "ADMIN-001", "endpoint": "/auth/logout", "method": "POST", "statusCode": 200, "responseTime": 294}
{"timestamp": "2026-04-01T04:17:25.523Z", "level": "INFO", "service": "asset-management-service", "environment": "production", "message": "HTTP request completed", "userId": "anonymous", "endpoint": "/auth/login/json", "method": "POST", "statusCode": 200, "responseTime": 1079}
{"timestamp": "2026-04-01T04:17:26.438Z", "level": "INFO", "service": "asset-management-service", "environment": "production", "message": "HTTP request completed", "userId": "EMP-5FFDF43B", "endpoint": "/requests/", "method": "GET", "statusCode": 200, "responseTime": 826}
{"timestamp": "2026-04-01T04:17:26.656Z", "level": "INFO", "service": "asset-management-service", "environment": "production", "message": "HTTP request completed", "userId": "EMP-5FFDF43B", "endpoint": "/tracking/", "method": "GET", "statusCode": 200, "responseTime": 827}
{"timestamp": "2026-04-01T04:17:30.260Z", "level": "INFO", "service": "asset-management-service", "environment": "production", "message": "HTTP request completed", "userId": "EMP-5FFDF43B", "endpoint": "/employees/EMP-5FFDF43B/assets", "method": "GET", "statusCode": 200, "responseTime": 538}
{"timestamp": "2026-04-01T04:17:31.959Z", "level": "INFO", "service": "asset-management-service", "environment": "production", "message": "HTTP request completed", "userId": "EMP-5FFDF43B", "endpoint": "/requests/", "method": "GET", "statusCode": 200, "responseTime": 568}
{"timestamp": "2026-04-01T04:17:34.117Z", "level": "INFO", "service": "asset-management-service", "environment": "production", "message": "HTTP request completed", "userId": "EMP-5FFDF43B", "endpoint": "/tracking/", "method": "GET", "statusCode": 200, "responseTime": 803}
{"timestamp": "2026-04-01T04:17:41.767Z", "level": "INFO", "service": "asset-management-service", "environment": "production", "message": "HTTP request completed", "userId": "EMP-5FFDF43B", "endpoint": "/employees/EMP-5FFDF43B/assets", "method": "GET", "statusCode": 200, "responseTime": 577}
{"timestamp": "2026-04-01T04:17:52.168Z", "level": "INFO", "service": "asset-management-service", "environment": "production", "message": "HTTP request completed", "userId": "EMP-5FFDF43B", "endpoint": "/requests/", "method": "GET", "statusCode": 200, "responseTime": 847}
{"timestamp": "2026-04-01T04:17:52.324Z", "level": "INFO", "service": "asset-management-service", "environment": "production", "message": "HTTP request completed", "userId": "EMP-5FFDF43B", "endpoint": "/tracking/", "method": "GET", "statusCode": 200, "responseTime": 752}
{"timestamp": "2026-04-01T04:17:54.652Z", "level": "INFO", "service": "asset-management-service", "environment": "production", "message": "HTTP request completed", "userId": "EMP-5FFDF43B", "endpoint": "/employees/EMP-5FFDF43B/assets", "method": "GET", "statusCode": 200, "responseTime": 551}
{"timestamp": "2026-04-01T04:26:50.235Z", "level": "INFO", "service": "asset-management-service", "environment": "production", "message": "HTTP request completed", "userId": "EMP-5FFDF43B", "endpoint": "/employees/EMP-5FFDF43B/assets", "method": "GET", "statusCode": 200, "responseTime": 470}
{"timestamp": "2026-04-01T04:26:50.610Z", "level": "INFO", "service": "asset-management-service", "environment": "production", "message": "HTTP request completed", "userId": "EMP-5FFDF43B", "endpoint": "/employees/EMP-5FFDF43B/assets", "method": "GET", "statusCode": 200, "responseTime": 1100}
{"timestamp": "2026-04-01T04:27:02.474Z", "level": "INFO", "service": "asset-management-service", "environment": "production", "message": "HTTP request completed", "userId": "EMP-5FFDF43B", "endpoint": "/employees/EMP-5FFDF43B/assets", "method": "GET", "statusCode": 200, "responseTime": 472}
{"timestamp": "2026-04-01T04:29:52.684Z", "level": "INFO", "service": "asset-management-service", "environment": "production", "message": "HTTP request completed", "userId": "admin@test.com", "endpoint": "/stock/", "method": "POST", "statusCode": 201, "responseTime": 260}
{"timestamp": "2026-04-01T04:29:52.684Z", "level": "INFO", "service": "asset-management-service", "environment": "production", "message": "HTTP Request: POST http://testserver/stock/ \"HTTP/1.1 201 Created\"", "userId": "anonymous", "endpoint": "", "method": "", "statusCode": 0, "responseTime": 0}
{"timestamp": "2026-04-01T04:29:52.940Z", "level": "INFO", "service": "asset-management-service", "environment": "production", "message": "HTTP request completed", "userId": "admin@test.com", "endpoint": "/stock/allocate_manual_override", "method": "POST", "statusCode": 200, "responseTime": 245}
{"timestamp": "2026-04-01T04:29:52.952Z", "level": "INFO", "service": "asset-management-service", "environment": "production", "message": "HTTP Request: POST http://testserver/stock/allocate_manual_override \"HTTP/1.1 200 OK\"", "userId": "anonymous", "endpoint": "", "method": "", "statusCode": 0, "responseTime": 0}
{"timestamp": "2026-04-01T04:29:53.210Z", "level": "INFO", "service": "asset-management-service", "environment": "production", "message": "HTTP request completed", "userId": "user@test.com", "endpoint": "/accounts/acknowledge/TRK-8352F923", "method": "POST", "statusCode": 200, "responseTime": 247}
{"timestamp": "2026-04-01T04:29:53.214Z", "level": "INFO", "service": "asset-management-service", "environment": "production", "message": "HTTP Request: POST http://testserver/accounts/acknowledge/TRK-8352F923 \"HTTP/1.1 200 OK\"", "userId": "anonymous", "endpoint": "", "method": "", "statusCode": 0, "responseTime": 0}
{"timestamp": "2026-04-01T04:29:54.009Z", "level": "INFO", "service": "asset-management-service", "environment": "production", "message": "HTTP request completed", "userId": "admin@test.com", "endpoint": "/stock/", "method": "POST", "statusCode": 201, "responseTime": 256}
{"timestamp": "2026-04-01T04:29:54.009Z", "level": "INFO", "service": "asset-management-service", "environment": "production", "message": "HTTP Request: POST http://testserver/stock/ \"HTTP/1.1 201 Created\"", "userId": "anonymous", "endpoint": "", "method": "", "statusCode": 0, "responseTime": 0}
{"timestamp": "2026-04-01T04:29:54.252Z", "level": "INFO", "service": "asset-management-service", "environment": "production", "message": "HTTP request completed", "userId": "admin@test.com", "endpoint": "/stock/", "method": "POST", "statusCode": 201, "responseTime": 236}
{"timestamp": "2026-04-01T04:29:54.252Z", "level": "INFO", "service": "asset-management-service", "environment": "production", "message": "HTTP Request: POST http://testserver/stock/ \"HTTP/1.1 201 Created\"", "userId": "anonymous", "endpoint": "", "method": "", "statusCode": 0, "responseTime": 0}
{"timestamp": "2026-04-01T04:29:54.495Z", "level": "INFO", "service": "asset-management-service", "environment": "production", "message": "HTTP request completed", "userId": "admin@test.com", "endpoint": "/onboarding-presets/", "method": "POST", "statusCode": 201, "responseTime": 239}
{"timestamp": "2026-04-01T04:29:54.502Z", "level": "INFO", "service": "asset-management-service", "environment": "production", "message": "HTTP Request: POST http://testserver/onboarding-presets/ \"HTTP/1.1 201 Created\"", "userId": "anonymous", "endpoint": "", "method": "", "statusCode": 0, "responseTime": 0}
{"timestamp": "2026-04-01T04:29:55.255Z", "level": "INFO", "service": "asset-management-service", "environment": "production", "message": "HTTP request completed", "userId": "admin@test.com", "endpoint": "/employees/register", "method": "POST", "statusCode": 201, "responseTime": 750}
{"timestamp": "2026-04-01T04:29:55.259Z", "level": "INFO", "service": "asset-management-service", "environment": "production", "message": "HTTP Request: POST http://testserver/employees/register \"HTTP/1.1 201 Created\"", "userId": "anonymous", "endpoint": "", "method": "", "statusCode": 0, "responseTime": 0}
{"timestamp": "2026-04-01T04:30:48.167Z", "level": "INFO", "service": "asset-management-service", "environment": "production", "message": "HTTP request completed", "userId": "EMP-5FFDF43B", "endpoint": "/employees/EMP-5FFDF43B/assets", "method": "GET", "statusCode": 200, "responseTime": 482}
{"timestamp": "2026-04-01T04:30:51.507Z", "level": "INFO", "service": "asset-management-service", "environment": "production", "message": "HTTP request completed", "userId": "EMP-5FFDF43B", "endpoint": "/accounts/acknowledge/TRK-FEFBDE9C", "method": "POST", "statusCode": 200, "responseTime": 816}
{"timestamp": "2026-04-01T04:30:51.942Z", "level": "INFO", "service": "asset-management-service", "environment": "production", "message": "HTTP request completed", "userId": "EMP-5FFDF43B", "endpoint": "/employees/EMP-5FFDF43B/assets", "method": "GET", "statusCode": 200, "responseTime": 421}
{"timestamp": "2026-04-01T04:30:54.726Z", "level": "INFO", "service": "asset-management-service", "environment": "production", "message": "HTTP request completed", "userId": "EMP-5FFDF43B", "endpoint": "/requests/", "method": "GET", "statusCode": 200, "responseTime": 434}
{"timestamp": "2026-04-01T04:30:57.525Z", "level": "INFO", "service": "asset-management-service", "environment": "production", "message": "HTTP request completed", "userId": "EMP-5FFDF43B", "endpoint": "/employees/EMP-5FFDF43B/assets", "method": "GET", "statusCode": 200, "responseTime": 416}
{"timestamp": "2026-04-01T04:31:01.569Z", "level": "INFO", "service": "asset-management-service", "environment": "production", "message": "HTTP request completed", "userId": "EMP-5FFDF43B", "endpoint": "/tracking/", "method": "GET", "statusCode": 200, "responseTime": 769}
{"timestamp": "2026-04-01T04:31:01.703Z", "level": "INFO", "service": "asset-management-service", "environment": "production", "message": "HTTP request completed", "userId": "EMP-5FFDF43B", "endpoint": "/requests/", "method": "GET", "statusCode": 200, "responseTime": 1096}
{"timestamp": "2026-04-01T04:31:02.773Z", "level": "INFO", "service": "asset-management-service", "environment": "production", "message": "HTTP request completed", "userId": "EMP-5FFDF43B", "endpoint": "/tracking/", "method": "GET", "statusCode": 200, "responseTime": 751}
{"timestamp": "2026-04-01T04:31:06.202Z", "level": "INFO", "service": "asset-management-service", "environment": "production", "message": "HTTP request completed", "userId": "EMP-5FFDF43B", "endpoint": "/requests/", "method": "GET", "statusCode": 200, "responseTime": 740}
{"timestamp": "2026-04-01T04:31:06.366Z", "level": "INFO", "service": "asset-management-service", "environment": "production", "message": "HTTP request completed", "userId": "EMP-5FFDF43B", "endpoint": "/tracking/", "method": "GET", "statusCode": 200, "responseTime": 669}
{"timestamp": "2026-04-01T04:31:08.805Z", "level": "INFO", "service": "asset-management-service", "environment": "production", "message": "HTTP request completed", "userId": "EMP-5FFDF43B", "endpoint": "/tracking/", "method": "GET", "statusCode": 200, "responseTime": 672}
{"timestamp": "2026-04-01T04:31:21.642Z", "level": "INFO", "service": "asset-management-service", "environment": "production", "message": "HTTP request completed", "userId": "EMP-5FFDF43B", "endpoint": "/requests/", "method": "GET", "statusCode": 200, "responseTime": 648}
{"timestamp": "2026-04-01T04:31:21.959Z", "level": "INFO", "service": "asset-management-service", "environment": "production", "message": "HTTP request completed", "userId": "EMP-5FFDF43B", "endpoint": "/tracking/", "method": "GET", "statusCode": 200, "responseTime": 724}
{"timestamp": "2026-04-01T04:31:26.967Z", "level": "INFO", "service": "asset-management-service", "environment": "production", "message": "HTTP request completed", "userId": "EMP-5FFDF43B", "endpoint": "/requests/", "method": "GET", "statusCode": 200, "responseTime": 476}
{"timestamp": "2026-04-01T04:31:35.445Z", "level": "INFO", "service": "asset-management-service", "environment": "production", "message": "HTTP request completed", "userId": "EMP-5FFDF43B", "endpoint": "/requests/", "method": "GET", "statusCode": 200, "responseTime": 605}
{"timestamp": "2026-04-01T04:35:21.824Z", "level": "INFO", "service": "asset-management-service", "environment": "production", "message": "HTTP request completed", "userId": "EMP-5FFDF43B", "endpoint": "/requests/", "method": "GET", "statusCode": 200, "responseTime": 645}
{"timestamp": "2026-04-01T04:35:24.647Z", "level": "INFO", "service": "asset-management-service", "environment": "production", "message": "HTTP request completed", "userId": "EMP-5FFDF43B", "endpoint": "/auth/logout", "method": "POST", "statusCode": 200, "responseTime": 263}
{"timestamp": "2026-04-01T04:35:30.396Z", "level": "INFO", "service": "asset-management-service", "environment": "production", "message": "HTTP request completed", "userId": "anonymous", "endpoint": "/auth/login/json", "method": "POST", "statusCode": 200, "responseTime": 1128}
{"timestamp": "2026-04-01T04:35:31.908Z", "level": "INFO", "service": "asset-management-service", "environment": "production", "message": "HTTP request completed", "userId": "ADMIN-001", "endpoint": "/stock/", "method": "GET", "statusCode": 200, "responseTime": 879}
{"timestamp": "2026-04-01T04:35:32.324Z", "level": "INFO", "service": "asset-management-service", "environment": "production", "message": "HTTP request completed", "userId": "ADMIN-001", "endpoint": "/accounts/summary", "method": "GET", "statusCode": 200, "responseTime": 1027}
{"timestamp": "2026-04-01T04:35:32.401Z", "level": "INFO", "service": "asset-management-service", "environment": "production", "message": "HTTP request completed", "userId": "ADMIN-001", "endpoint": "/requests/", "method": "GET", "statusCode": 200, "responseTime": 1905}
{"timestamp": "2026-04-01T04:35:33.431Z", "level": "INFO", "service": "asset-management-service", "environment": "production", "message": "HTTP request completed", "userId": "ADMIN-001", "endpoint": "/tracking/", "method": "GET", "statusCode": 200, "responseTime": 2673}
{"timestamp": "2026-04-01T04:35:34.602Z", "level": "INFO", "service": "asset-management-service", "environment": "production", "message": "HTTP request completed", "userId": "ADMIN-001", "endpoint": "/employees/ADMIN-001/assets", "method": "GET", "statusCode": 200, "responseTime": 588}
{"timestamp": "2026-04-01T04:35:37.910Z", "level": "INFO", "service": "asset-management-service", "environment": "production", "message": "HTTP request completed", "userId": "ADMIN-001", "endpoint": "/requests/", "method": "GET", "statusCode": 200, "responseTime": 533}
{"timestamp": "2026-04-01T04:37:00.975Z", "level": "INFO", "service": "asset-management-service", "environment": "production", "message": "HTTP request completed", "userId": "ADMIN-001", "endpoint": "/requests/", "method": "GET", "statusCode": 200, "responseTime": 549}
{"timestamp": "2026-04-01T04:37:03.117Z", "level": "INFO", "service": "asset-management-service", "environment": "production", "message": "HTTP request completed", "userId": "ADMIN-001", "endpoint": "/stock/", "method": "GET", "statusCode": 200, "responseTime": 548}
{"timestamp": "2026-04-01T04:37:26.924Z", "level": "INFO", "service": "asset-management-service", "environment": "production", "message": "HTTP request completed", "userId": "ADMIN-001", "endpoint": "/tracking/", "method": "GET", "statusCode": 200, "responseTime": 2028}
{"timestamp": "2026-04-01T04:37:26.974Z", "level": "INFO", "service": "asset-management-service", "environment": "production", "message": "HTTP request completed", "userId": "ADMIN-001", "endpoint": "/onboarding-presets/", "method": "GET", "statusCode": 200, "responseTime": 852}
{"timestamp": "2026-04-01T04:37:26.974Z", "level": "INFO", "service": "asset-management-service", "environment": "production", "message": "HTTP request completed", "userId": "ADMIN-001", "endpoint": "/stock/", "method": "GET", "statusCode": 200, "responseTime": 589}
{"timestamp": "2026-04-01T04:38:23.424Z", "level": "INFO", "service": "asset-management-service", "environment": "production", "message": "HTTP request completed", "userId": "ADMIN-001", "endpoint": "/onboarding-presets/", "method": "POST", "statusCode": 201, "responseTime": 749}
{"timestamp": "2026-04-01T04:38:23.952Z", "level": "INFO", "service": "asset-management-service", "environment": "production", "message": "HTTP request completed", "userId": "ADMIN-001", "endpoint": "/onboarding-presets/", "method": "GET", "statusCode": 200, "responseTime": 511}
{"timestamp": "2026-04-01T04:38:30.489Z", "level": "INFO", "service": "asset-management-service", "environment": "production", "message": "HTTP request completed", "userId": "ADMIN-001", "endpoint": "/employees/", "method": "GET", "statusCode": 200, "responseTime": 554}
{"timestamp": "2026-04-01T04:41:36.545Z", "level": "INFO", "service": "asset-management-service", "environment": "production", "message": "HTTP request completed", "userId": "ADMIN-001", "endpoint": "/employees/", "method": "GET", "statusCode": 200, "responseTime": 609}
{"timestamp": "2026-04-01T04:41:49.259Z", "level": "INFO", "service": "asset-management-service", "environment": "production", "message": "HTTP request completed", "userId": "ADMIN-001", "endpoint": "/employees/", "method": "GET", "statusCode": 200, "responseTime": 663}
{"timestamp": "2026-04-01T04:44:44.224Z", "level": "INFO", "service": "asset-management-service", "environment": "production", "message": "HTTP request completed", "userId": "ADMIN-001", "endpoint": "/employees/", "method": "GET", "statusCode": 200, "responseTime": 725}
{"timestamp": "2026-04-01T04:44:50.059Z", "level": "INFO", "service": "asset-management-service", "environment": "production", "message": "HTTP request completed", "userId": "ADMIN-001", "endpoint": "/accounts/summary", "method": "GET", "statusCode": 200, "responseTime": 651}
{"timestamp": "2026-04-01T04:44:53.795Z", "level": "INFO", "service": "asset-management-service", "environment": "production", "message": "HTTP request completed", "userId": "ADMIN-001", "endpoint": "/tracking/", "method": "GET", "statusCode": 200, "responseTime": 2200}
{"timestamp": "2026-04-01T04:44:55.574Z", "level": "INFO", "service": "asset-management-service", "environment": "production", "message": "HTTP request completed", "userId": "ADMIN-001", "endpoint": "/stock/", "method": "GET", "statusCode": 200, "responseTime": 584}
{"timestamp": "2026-04-01T04:44:56.973Z", "level": "INFO", "service": "asset-management-service", "environment": "production", "message": "HTTP request completed", "userId": "ADMIN-001", "endpoint": "/requests/", "method": "GET", "statusCode": 200, "responseTime": 607}
{"timestamp": "2026-04-01T04:44:58.795Z", "level": "INFO", "service": "asset-management-service", "environment": "production", "message": "HTTP request completed", "userId": "ADMIN-001", "endpoint": "/employees/ADMIN-001/assets", "method": "GET", "statusCode": 200, "responseTime": 557}
{"timestamp": "2026-04-01T04:45:01.642Z", "level": "INFO", "service": "asset-management-service", "environment": "production", "message": "HTTP request completed", "userId": "ADMIN-001", "endpoint": "/requests/", "method": "GET", "statusCode": 200, "responseTime": 1372}
{"timestamp": "2026-04-01T04:45:02.024Z", "level": "INFO", "service": "asset-management-service", "environment": "production", "message": "HTTP request completed", "userId": "ADMIN-001", "endpoint": "/accounts/summary", "method": "GET", "statusCode": 200, "responseTime": 1247}
{"timestamp": "2026-04-01T04:45:02.059Z", "level": "INFO", "service": "asset-management-service", "environment": "production", "message": "HTTP request completed", "userId": "ADMIN-001", "endpoint": "/stock/", "method": "GET", "statusCode": 200, "responseTime": 1034}
{"timestamp": "2026-04-01T04:45:03.310Z", "level": "INFO", "service": "asset-management-service", "environment": "production", "message": "HTTP request completed", "userId": "ADMIN-001", "endpoint": "/tracking/", "method": "GET", "statusCode": 200, "responseTime": 2784}
{"timestamp": "2026-04-01T04:50:06.283Z", "level": "INFO", "service": "asset-management-service", "environment": "production", "message": "HTTP request completed", "userId": "ADMIN-001", "endpoint": "/accounts/summary", "method": "GET", "statusCode": 200, "responseTime": 762}
{"timestamp": "2026-04-01T04:50:06.311Z", "level": "INFO", "service": "asset-management-service", "environment": "production", "message": "HTTP request completed", "userId": "ADMIN-001", "endpoint": "/stock/", "method": "GET", "statusCode": 200, "responseTime": 559}
{"timestamp": "2026-04-01T04:50:06.352Z", "level": "INFO", "service": "asset-management-service", "environment": "production", "message": "HTTP request completed", "userId": "ADMIN-001", "endpoint": "/requests/", "method": "GET", "statusCode": 200, "responseTime": 1551}
{"timestamp": "2026-04-01T04:50:07.866Z", "level": "INFO", "service": "asset-management-service", "environment": "production", "message": "HTTP request completed", "userId": "ADMIN-001", "endpoint": "/tracking/", "method": "GET", "statusCode": 200, "responseTime": 2556}
{"timestamp": "2026-04-01T04:50:08.117Z", "level": "INFO", "service": "asset-management-service", "environment": "production", "message": "HTTP request completed", "userId": "ADMIN-001", "endpoint": "/stock/", "method": "GET", "statusCode": 200, "responseTime": 533}
{"timestamp": "2026-04-01T04:50:08.159Z", "level": "INFO", "service": "asset-management-service", "environment": "production", "message": "HTTP request completed", "userId": "ADMIN-001", "endpoint": "/onboarding-presets/", "method": "GET", "statusCode": 200, "responseTime": 810}
{"timestamp": "2026-04-01T04:50:13.839Z", "level": "INFO", "service": "asset-management-service", "environment": "production", "message": "HTTP request completed", "userId": "ADMIN-001", "endpoint": "/employees/", "method": "GET", "statusCode": 200, "responseTime": 520}
{"timestamp": "2026-04-01T05:38:47.279Z", "level": "INFO", "service": "asset-management-service", "environment": "production", "message": "Default admin created", "userId": "ADMIN-001", "endpoint": "/startup", "method": "SYSTEM", "statusCode": 201, "responseTime": 0}
{"timestamp": "2026-04-01T05:39:09.358Z", "level": "WARNING", "service": "asset-management-service", "environment": "production", "message": "HTTP request completed with client error", "userId": "anonymous", "endpoint": "/employees/", "method": "GET", "statusCode": 401, "responseTime": 107}
{"timestamp": "2026-04-01T05:39:12.892Z", "level": "WARNING", "service": "asset-management-service", "environment": "production", "message": "HTTP request completed with client error", "userId": "anonymous", "endpoint": "/employees/", "method": "GET", "statusCode": 401, "responseTime": 4}
{"timestamp": "2026-04-01T05:39:28.075Z", "level": "WARNING", "service": "asset-management-service", "environment": "production", "message": "HTTP request completed with client error", "userId": "anonymous", "endpoint": "/employees/", "method": "GET", "statusCode": 401, "responseTime": 5}
{"timestamp": "2026-04-01T05:39:30.100Z", "level": "WARNING", "service": "asset-management-service", "environment": "production", "message": "HTTP request completed with client error", "userId": "anonymous", "endpoint": "/employees/", "method": "GET", "statusCode": 401, "responseTime": 3}
{"timestamp": "2026-04-01T05:39:33.082Z", "level": "WARNING", "service": "asset-management-service", "environment": "production", "message": "HTTP request completed with client error", "userId": "anonymous", "endpoint": "/tracking/", "method": "GET", "statusCode": 401, "responseTime": 20}
{"timestamp": "2026-04-01T05:39:33.090Z", "level": "WARNING", "service": "asset-management-service", "environment": "production", "message": "HTTP request completed with client error", "userId": "anonymous", "endpoint": "/accounts/summary", "method": "GET", "statusCode": 401, "responseTime": 21}
{"timestamp": "2026-04-01T05:39:33.091Z", "level": "WARNING", "service": "asset-management-service", "environment": "production", "message": "HTTP request completed with client error", "userId": "anonymous", "endpoint": "/stock/", "method": "GET", "statusCode": 401, "responseTime": 27}
{"timestamp": "2026-04-01T05:39:33.095Z", "level": "WARNING", "service": "asset-management-service", "environment": "production", "message": "HTTP request completed with client error", "userId": "anonymous", "endpoint": "/requests/", "method": "GET", "statusCode": 401, "responseTime": 31}
{"timestamp": "2026-04-01T05:39:34.114Z", "level": "WARNING", "service": "asset-management-service", "environment": "production", "message": "HTTP request completed with client error", "userId": "anonymous", "endpoint": "/tracking/", "method": "GET", "statusCode": 401, "responseTime": 4}
{"timestamp": "2026-04-01T05:39:34.141Z", "level": "WARNING", "service": "asset-management-service", "environment": "production", "message": "HTTP request completed with client error", "userId": "anonymous", "endpoint": "/accounts/summary", "method": "GET", "statusCode": 401, "responseTime": 9}
{"timestamp": "2026-04-01T05:39:34.145Z", "level": "WARNING", "service": "asset-management-service", "environment": "production", "message": "HTTP request completed with client error", "userId": "anonymous", "endpoint": "/stock/", "method": "GET", "statusCode": 401, "responseTime": 11}
{"timestamp": "2026-04-01T05:39:34.151Z", "level": "WARNING", "service": "asset-management-service", "environment": "production", "message": "HTTP request completed with client error", "userId": "anonymous", "endpoint": "/requests/", "method": "GET", "statusCode": 401, "responseTime": 14}
{"timestamp": "2026-04-01T05:39:36.139Z", "level": "WARNING", "service": "asset-management-service", "environment": "production", "message": "HTTP request completed with client error", "userId": "anonymous", "endpoint": "/tracking/", "method": "GET", "statusCode": 401, "responseTime": 4}
{"timestamp": "2026-04-01T05:39:36.179Z", "level": "WARNING", "service": "asset-management-service", "environment": "production", "message": "HTTP request completed with client error", "userId": "anonymous", "endpoint": "/accounts/summary", "method": "GET", "statusCode": 401, "responseTime": 12}
{"timestamp": "2026-04-01T05:39:36.195Z", "level": "WARNING", "service": "asset-management-service", "environment": "production", "message": "HTTP request completed with client error", "userId": "anonymous", "endpoint": "/stock/", "method": "GET", "statusCode": 401, "responseTime": 20}
{"timestamp": "2026-04-01T05:39:36.195Z", "level": "WARNING", "service": "asset-management-service", "environment": "production", "message": "HTTP request completed with client error", "userId": "anonymous", "endpoint": "/requests/", "method": "GET", "statusCode": 401, "responseTime": 20}
{"timestamp": "2026-04-01T05:43:28.103Z", "level": "WARNING", "service": "asset-management-service", "environment": "production", "message": "HTTP request completed with client error", "userId": "anonymous", "endpoint": "/requests/", "method": "GET", "statusCode": 401, "responseTime": 58}
{"timestamp": "2026-04-01T05:43:28.106Z", "level": "WARNING", "service": "asset-management-service", "environment": "production", "message": "HTTP request completed with client error", "userId": "anonymous", "endpoint": "/stock/", "method": "GET", "statusCode": 401, "responseTime": 25}
{"timestamp": "2026-04-01T05:43:28.106Z", "level": "WARNING", "service": "asset-management-service", "environment": "production", "message": "HTTP request completed with client error", "userId": "anonymous", "endpoint": "/tracking/", "method": "GET", "statusCode": 401, "responseTime": 26}
{"timestamp": "2026-04-01T05:43:28.112Z", "level": "WARNING", "service": "asset-management-service", "environment": "production", "message": "HTTP request completed with client error", "userId": "anonymous", "endpoint": "/accounts/summary", "method": "GET", "statusCode": 401, "responseTime": 22}
{"timestamp": "2026-04-01T05:44:45.173Z", "level": "WARNING", "service": "asset-management-service", "environment": "production", "message": "HTTP request completed with client error", "userId": "anonymous", "endpoint": "/requests/", "method": "GET", "statusCode": 401, "responseTime": 45}
{"timestamp": "2026-04-01T05:44:45.179Z", "level": "WARNING", "service": "asset-management-service", "environment": "production", "message": "HTTP request completed with client error", "userId": "anonymous", "endpoint": "/stock/", "method": "GET", "statusCode": 401, "responseTime": 24}
{"timestamp": "2026-04-01T05:44:45.181Z", "level": "WARNING", "service": "asset-management-service", "environment": "production", "message": "HTTP request completed with client error", "userId": "anonymous", "endpoint": "/accounts/summary", "method": "GET", "statusCode": 401, "responseTime": 27}
{"timestamp": "2026-04-01T05:44:45.186Z", "level": "WARNING", "service": "asset-management-service", "environment": "production", "message": "HTTP request completed with client error", "userId": "anonymous", "endpoint": "/tracking/", "method": "GET", "statusCode": 401, "responseTime": 31}
{"timestamp": "2026-04-01T05:44:46.240Z", "level": "WARNING", "service": "asset-management-service", "environment": "production", "message": "HTTP request completed with client error", "userId": "anonymous", "endpoint": "/requests/", "method": "GET", "statusCode": 401, "responseTime": 18}
{"timestamp": "2026-04-01T05:44:46.243Z", "level": "WARNING", "service": "asset-management-service", "environment": "production", "message": "HTTP request completed with client error", "userId": "anonymous", "endpoint": "/stock/", "method": "GET", "statusCode": 401, "responseTime": 21}
{"timestamp": "2026-04-01T05:44:46.246Z", "level": "WARNING", "service": "asset-management-service", "environment": "production", "message": "HTTP request completed with client error", "userId": "anonymous", "endpoint": "/accounts/summary", "method": "GET", "statusCode": 401, "responseTime": 21}
{"timestamp": "2026-04-01T05:44:46.251Z", "level": "WARNING", "service": "asset-management-service", "environment": "production", "message": "HTTP request completed with client error", "userId": "anonymous", "endpoint": "/tracking/", "method": "GET", "statusCode": 401, "responseTime": 22}
{"timestamp": "2026-04-01T05:44:48.258Z", "level": "WARNING", "service": "asset-management-service", "environment": "production", "message": "HTTP request completed with client error", "userId": "anonymous", "endpoint": "/requests/", "method": "GET", "statusCode": 401, "responseTime": 3}
{"timestamp": "2026-04-01T05:44:48.289Z", "level": "WARNING", "service": "asset-management-service", "environment": "production", "message": "HTTP request completed with client error", "userId": "anonymous", "endpoint": "/stock/", "method": "GET", "statusCode": 401, "responseTime": 12}
{"timestamp": "2026-04-01T05:44:48.290Z", "level": "WARNING", "service": "asset-management-service", "environment": "production", "message": "HTTP request completed with client error", "userId": "anonymous", "endpoint": "/accounts/summary", "method": "GET", "statusCode": 401, "responseTime": 11}
{"timestamp": "2026-04-01T05:44:48.294Z", "level": "WARNING", "service": "asset-management-service", "environment": "production", "message": "HTTP request completed with client error", "userId": "anonymous", "endpoint": "/tracking/", "method": "GET", "statusCode": 401, "responseTime": 13}
{"timestamp": "2026-04-01T05:44:48.441Z", "level": "WARNING", "service": "asset-management-service", "environment": "production", "message": "HTTP request completed with client error", "userId": "anonymous", "endpoint": "/employees/", "method": "GET", "statusCode": 401, "responseTime": 5}
{"timestamp": "2026-04-01T05:44:49.481Z", "level": "WARNING", "service": "asset-management-service", "environment": "production", "message": "HTTP request completed with client error", "userId": "anonymous", "endpoint": "/employees/", "method": "GET", "statusCode": 401, "responseTime": 5}
{"timestamp": "2026-04-01T05:44:51.505Z", "level": "WARNING", "service": "asset-management-service", "environment": "production", "message": "HTTP request completed with client error", "userId": "anonymous", "endpoint": "/employees/", "method": "GET", "statusCode": 401, "responseTime": 6}
{"timestamp": "2026-04-01T05:44:55.529Z", "level": "WARNING", "service": "asset-management-service", "environment": "production", "message": "HTTP request completed with client error", "userId": "anonymous", "endpoint": "/employees/", "method": "GET", "statusCode": 401, "responseTime": 4}
{"timestamp": "2026-04-01T05:45:01.810Z", "level": "INFO", "service": "asset-management-service", "environment": "production", "message": "HTTP request completed", "userId": "anonymous", "endpoint": "/auth/logout", "method": "POST", "statusCode": 200, "responseTime": 3}
{"timestamp": "2026-04-01T05:45:04.575Z", "level": "INFO", "service": "asset-management-service", "environment": "production", "message": "HTTP request completed", "userId": "anonymous", "endpoint": "/auth/login/json", "method": "POST", "statusCode": 200, "responseTime": 1274}
{"timestamp": "2026-04-01T05:45:06.486Z", "level": "INFO", "service": "asset-management-service", "environment": "production", "message": "HTTP request completed", "userId": "ADMIN-001", "endpoint": "/requests/", "method": "GET", "statusCode": 200, "responseTime": 1794}
{"timestamp": "2026-04-01T05:45:07.305Z", "level": "INFO", "service": "asset-management-service", "environment": "production", "message": "HTTP request completed", "userId": "ADMIN-001", "endpoint": "/accounts/summary", "method": "GET", "statusCode": 200, "responseTime": 1923}
{"timestamp": "2026-04-01T05:45:07.342Z", "level": "INFO", "service": "asset-management-service", "environment": "production", "message": "HTTP request completed", "userId": "ADMIN-001", "endpoint": "/stock/", "method": "GET", "statusCode": 200, "responseTime": 1664}
{"timestamp": "2026-04-01T05:45:07.558Z", "level": "INFO", "service": "asset-management-service", "environment": "production", "message": "HTTP request completed", "userId": "ADMIN-001", "endpoint": "/employees/", "method": "GET", "statusCode": 200, "responseTime": 670}
{"timestamp": "2026-04-01T05:45:08.203Z", "level": "INFO", "service": "asset-management-service", "environment": "production", "message": "HTTP request completed", "userId": "ADMIN-001", "endpoint": "/tracking/", "method": "GET", "statusCode": 200, "responseTime": 3130}
{"timestamp": "2026-04-01T05:46:03.429Z", "level": "INFO", "service": "asset-management-service", "environment": "production", "message": "HTTP request completed", "userId": "ADMIN-001", "endpoint": "/employees/", "method": "GET", "statusCode": 200, "responseTime": 577}
{"timestamp": "2026-04-01T05:51:21.490Z", "level": "INFO", "service": "asset-management-service", "environment": "production", "message": "HTTP request completed", "userId": "ADMIN-001", "endpoint": "/employees/", "method": "GET", "statusCode": 200, "responseTime": 667}
{"timestamp": "2026-04-01T05:51:22.191Z", "level": "INFO", "service": "asset-management-service", "environment": "production", "message": "HTTP request completed", "userId": "ADMIN-001", "endpoint": "/employees/", "method": "GET", "statusCode": 200, "responseTime": 685}
{"timestamp": "2026-04-01T05:51:23.569Z", "level": "INFO", "service": "asset-management-service", "environment": "production", "message": "HTTP request completed", "userId": "ADMIN-001", "endpoint": "/stock/", "method": "GET", "statusCode": 200, "responseTime": 1065}
{"timestamp": "2026-04-01T05:51:24.198Z", "level": "INFO", "service": "asset-management-service", "environment": "production", "message": "HTTP request completed", "userId": "ADMIN-001", "endpoint": "/onboarding-presets/", "method": "GET", "statusCode": 200, "responseTime": 1395}
{"timestamp": "2026-04-01T05:51:24.486Z", "level": "INFO", "service": "asset-management-service", "environment": "production", "message": "HTTP request completed", "userId": "ADMIN-001", "endpoint": "/employees/", "method": "GET", "statusCode": 200, "responseTime": 636}
{"timestamp": "2026-04-01T05:52:04.507Z", "level": "INFO", "service": "asset-management-service", "environment": "production", "message": "HTTP request completed", "userId": "ADMIN-001", "endpoint": "/stock/", "method": "GET", "statusCode": 200, "responseTime": 602}
{"timestamp": "2026-04-01T05:52:04.564Z", "level": "INFO", "service": "asset-management-service", "environment": "production", "message": "HTTP request completed", "userId": "ADMIN-001", "endpoint": "/onboarding-presets/", "method": "GET", "statusCode": 200, "responseTime": 1085}
{"timestamp": "2026-04-01T05:52:09.313Z", "level": "INFO", "service": "asset-management-service", "environment": "production", "message": "HTTP request completed", "userId": "ADMIN-001", "endpoint": "/accounts/summary", "method": "GET", "statusCode": 200, "responseTime": 788}
{"timestamp": "2026-04-01T05:52:12.821Z", "level": "INFO", "service": "asset-management-service", "environment": "production", "message": "HTTP request completed", "userId": "ADMIN-001", "endpoint": "/accounts/summary", "method": "GET", "statusCode": 200, "responseTime": 502}
{"timestamp": "2026-04-01T05:52:13.622Z", "level": "INFO", "service": "asset-management-service", "environment": "production", "message": "HTTP request completed", "userId": "ADMIN-001", "endpoint": "/tracking/", "method": "GET", "statusCode": 200, "responseTime": 2970}
{"timestamp": "2026-04-01T05:52:18.958Z", "level": "INFO", "service": "asset-management-service", "environment": "production", "message": "HTTP request completed", "userId": "ADMIN-001", "endpoint": "/stock/", "method": "GET", "statusCode": 200, "responseTime": 566}
{"timestamp": "2026-04-01T05:52:24.426Z", "level": "INFO", "service": "asset-management-service", "environment": "production", "message": "HTTP request completed", "userId": "ADMIN-001", "endpoint": "/requests/", "method": "GET", "statusCode": 200, "responseTime": 590}
{"timestamp": "2026-04-01T06:04:47.210Z", "level": "INFO", "service": "asset-management-service", "environment": "production", "message": "HTTP request completed", "userId": "ADMIN-001", "endpoint": "/auth/login/json", "method": "POST", "statusCode": 200, "responseTime": 1270}
{"timestamp": "2026-04-01T06:04:48.761Z", "level": "INFO", "service": "asset-management-service", "environment": "production", "message": "HTTP request completed", "userId": "ADMIN-001", "endpoint": "/requests/", "method": "GET", "statusCode": 200, "responseTime": 1196}
{"timestamp": "2026-04-01T06:04:49.455Z", "level": "INFO", "service": "asset-management-service", "environment": "production", "message": "HTTP request completed", "userId": "ADMIN-001", "endpoint": "/stock/", "method": "GET", "statusCode": 200, "responseTime": 1419}
{"timestamp": "2026-04-01T06:04:49.469Z", "level": "INFO", "service": "asset-management-service", "environment": "production", "message": "HTTP request completed", "userId": "ADMIN-001", "endpoint": "/accounts/summary", "method": "GET", "statusCode": 200, "responseTime": 1679}
{"timestamp": "2026-04-01T06:04:49.610Z", "level": "INFO", "service": "asset-management-service", "environment": "production", "message": "HTTP request completed", "userId": "ADMIN-001", "endpoint": "/employees/", "method": "GET", "statusCode": 200, "responseTime": 629}
{"timestamp": "2026-04-01T06:04:51.202Z", "level": "INFO", "service": "asset-management-service", "environment": "production", "message": "HTTP request completed", "userId": "ADMIN-001", "endpoint": "/tracking/", "method": "GET", "statusCode": 200, "responseTime": 3871}
{"timestamp": "2026-04-01T06:06:29.529Z", "level": "INFO", "service": "asset-management-service", "environment": "production", "message": "HTTP request completed", "userId": "ADMIN-001", "endpoint": "/employees/", "method": "GET", "statusCode": 200, "responseTime": 675}
{"timestamp": "2026-04-01T06:06:40.140Z", "level": "INFO", "service": "asset-management-service", "environment": "production", "message": "HTTP request completed", "userId": "ADMIN-001", "endpoint": "/stock/", "method": "GET", "statusCode": 200, "responseTime": 618}
{"timestamp": "2026-04-01T06:06:40.458Z", "level": "INFO", "service": "asset-management-service", "environment": "production", "message": "HTTP request completed", "userId": "ADMIN-001", "endpoint": "/onboarding-presets/", "method": "GET", "statusCode": 200, "responseTime": 1265}
{"timestamp": "2026-04-01T06:07:46.020Z", "level": "INFO", "service": "asset-management-service", "environment": "production", "message": "Email sent", "userId": "system", "endpoint": "/notifications/email", "method": "SMTP", "statusCode": 200, "responseTime": 0}
{"timestamp": "2026-04-01T06:07:50.090Z", "level": "INFO", "service": "asset-management-service", "environment": "production", "message": "Email sent", "userId": "system", "endpoint": "/notifications/email", "method": "SMTP", "statusCode": 200, "responseTime": 0}
{"timestamp": "2026-04-01T06:07:50.984Z", "level": "INFO", "service": "asset-management-service", "environment": "production", "message": "HTTP request completed", "userId": "ADMIN-001", "endpoint": "/employees/register", "method": "POST", "statusCode": 201, "responseTime": 10855}
{"timestamp": "2026-04-01T06:07:51.912Z", "level": "INFO", "service": "asset-management-service", "environment": "production", "message": "HTTP request completed", "userId": "ADMIN-001", "endpoint": "/employees/", "method": "GET", "statusCode": 200, "responseTime": 910}
{"timestamp": "2026-04-01T06:08:04.550Z", "level": "INFO", "service": "asset-management-service", "environment": "production", "message": "HTTP request completed", "userId": "ADMIN-001", "endpoint": "/employees/", "method": "GET", "statusCode": 200, "responseTime": 606}
{"timestamp": "2026-04-01T06:08:09.486Z", "level": "INFO", "service": "asset-management-service", "environment": "production", "message": "HTTP request completed", "userId": "ADMIN-001", "endpoint": "/auth/logout", "method": "POST", "statusCode": 200, "responseTime": 234}
{"timestamp": "2026-04-01T06:08:12.378Z", "level": "INFO", "service": "asset-management-service", "environment": "production", "message": "HTTP request completed", "userId": "anonymous", "endpoint": "/auth/login/json", "method": "POST", "statusCode": 200, "responseTime": 829}
{"timestamp": "2026-04-01T06:08:13.380Z", "level": "INFO", "service": "asset-management-service", "environment": "production", "message": "HTTP request completed", "userId": "EMP-1E56F784", "endpoint": "/requests/", "method": "GET", "statusCode": 200, "responseTime": 938}
{"timestamp": "2026-04-01T06:08:13.504Z", "level": "INFO", "service": "asset-management-service", "environment": "production", "message": "HTTP request completed", "userId": "EMP-1E56F784", "endpoint": "/tracking/", "method": "GET", "statusCode": 200, "responseTime": 678}
{"timestamp": "2026-04-01T06:08:16.012Z", "level": "INFO", "service": "asset-management-service", "environment": "production", "message": "HTTP request completed", "userId": "EMP-1E56F784", "endpoint": "/requests/", "method": "GET", "statusCode": 200, "responseTime": 537}
{"timestamp": "2026-04-01T06:09:19.974Z", "level": "INFO", "service": "asset-management-service", "environment": "production", "message": "HTTP request completed", "userId": "EMP-1E56F784", "endpoint": "/requests/", "method": "GET", "statusCode": 200, "responseTime": 534}
{"timestamp": "2026-04-01T06:10:15.869Z", "level": "INFO", "service": "asset-management-service", "environment": "production", "message": "HTTP request completed", "userId": "EMP-1E56F784", "endpoint": "/requests/", "method": "GET", "statusCode": 200, "responseTime": 875}
{"timestamp": "2026-04-01T06:10:30.809Z", "level": "INFO", "service": "asset-management-service", "environment": "production", "message": "HTTP request completed", "userId": "EMP-1E56F784", "endpoint": "/requests/", "method": "GET", "statusCode": 200, "responseTime": 496}
{"timestamp": "2026-04-01T06:10:46.804Z", "level": "INFO", "service": "asset-management-service", "environment": "production", "message": "Email sent", "userId": "system", "endpoint": "/notifications/email", "method": "SMTP", "statusCode": 200, "responseTime": 0}
{"timestamp": "2026-04-01T06:10:48.811Z", "level": "INFO", "service": "asset-management-service", "environment": "production", "message": "HTTP request completed", "userId": "EMP-1E56F784", "endpoint": "/requests/", "method": "GET", "statusCode": 200, "responseTime": 742}
{"timestamp": "2026-04-01T06:10:50.900Z", "level": "INFO", "service": "asset-management-service", "environment": "production", "message": "Email sent", "userId": "system", "endpoint": "/notifications/email", "method": "SMTP", "statusCode": 200, "responseTime": 0}
{"timestamp": "2026-04-01T06:10:51.244Z", "level": "INFO", "service": "asset-management-service", "environment": "production", "message": "HTTP request completed", "userId": "EMP-1E56F784", "endpoint": "/requests/", "method": "POST", "statusCode": 200, "responseTime": 9068}
{"timestamp": "2026-04-01T06:10:51.760Z", "level": "INFO", "service": "asset-management-service", "environment": "production", "message": "HTTP request completed", "userId": "EMP-1E56F784", "endpoint": "/requests/", "method": "GET", "statusCode": 200, "responseTime": 505}
{"timestamp": "2026-04-01T06:12:00.210Z", "level": "INFO", "service": "asset-management-service", "environment": "production", "message": "HTTP request completed", "userId": "EMP-1E56F784", "endpoint": "/requests/", "method": "GET", "statusCode": 200, "responseTime": 660}
{"timestamp": "2026-04-01T06:12:02.340Z", "level": "INFO", "service": "asset-management-service", "environment": "production", "message": "HTTP request completed", "userId": "EMP-1E56F784", "endpoint": "/auth/logout", "method": "POST", "statusCode": 200, "responseTime": 233}
{"timestamp": "2026-04-01T06:12:07.752Z", "level": "INFO", "service": "asset-management-service", "environment": "production", "message": "HTTP request completed", "userId": "anonymous", "endpoint": "/auth/login/json", "method": "POST", "statusCode": 200, "responseTime": 996}
{"timestamp": "2026-04-01T06:12:09.137Z", "level": "INFO", "service": "asset-management-service", "environment": "production", "message": "HTTP request completed", "userId": "ADMIN-001", "endpoint": "/requests/", "method": "GET", "statusCode": 200, "responseTime": 1257}
{"timestamp": "2026-04-01T06:12:09.211Z", "level": "INFO", "service": "asset-management-service", "environment": "production", "message": "HTTP request completed", "userId": "ADMIN-001", "endpoint": "/accounts/summary", "method": "GET", "statusCode": 200, "responseTime": 569}
{"timestamp": "2026-04-01T06:12:09.584Z", "level": "INFO", "service": "asset-management-service", "environment": "production", "message": "HTTP request completed", "userId": "ADMIN-001", "endpoint": "/stock/", "method": "GET", "statusCode": 200, "responseTime": 1223}
{"timestamp": "2026-04-01T06:12:10.857Z", "level": "INFO", "service": "asset-management-service", "environment": "production", "message": "HTTP request completed", "userId": "ADMIN-001", "endpoint": "/employees/", "method": "GET", "statusCode": 200, "responseTime": 553}
{"timestamp": "2026-04-01T06:12:11.106Z", "level": "INFO", "service": "asset-management-service", "environment": "production", "message": "HTTP request completed", "userId": "ADMIN-001", "endpoint": "/tracking/", "method": "GET", "statusCode": 200, "responseTime": 2945}
{"timestamp": "2026-04-01T06:12:17.060Z", "level": "INFO", "service": "asset-management-service", "environment": "production", "message": "HTTP request completed", "userId": "ADMIN-001", "endpoint": "/stock/", "method": "GET", "statusCode": 200, "responseTime": 449}
{"timestamp": "2026-04-01T06:12:17.164Z", "level": "INFO", "service": "asset-management-service", "environment": "production", "message": "HTTP request completed", "userId": "ADMIN-001", "endpoint": "/onboarding-presets/", "method": "GET", "statusCode": 200, "responseTime": 760}
{"timestamp": "2026-04-01T06:13:17.601Z", "level": "INFO", "service": "asset-management-service", "environment": "production", "message": "HTTP request completed", "userId": "ADMIN-001", "endpoint": "/employees/", "method": "GET", "statusCode": 200, "responseTime": 480}
{"timestamp": "2026-04-01T06:13:36.859Z", "level": "INFO", "service": "asset-management-service", "environment": "production", "message": "HTTP request completed", "userId": "ADMIN-001", "endpoint": "/employees/", "method": "GET", "statusCode": 200, "responseTime": 585}
{"timestamp": "2026-04-01T06:13:41.210Z", "level": "INFO", "service": "asset-management-service", "environment": "production", "message": "HTTP request completed", "userId": "ADMIN-001", "endpoint": "/onboarding-presets/", "method": "GET", "statusCode": 200, "responseTime": 649}
{"timestamp": "2026-04-01T06:13:41.294Z", "level": "INFO", "service": "asset-management-service", "environment": "production", "message": "HTTP request completed", "userId": "ADMIN-001", "endpoint": "/stock/", "method": "GET", "statusCode": 200, "responseTime": 517}
{"timestamp": "2026-04-01T06:14:39.166Z", "level": "INFO", "service": "asset-management-service", "environment": "production", "message": "HTTP request completed", "userId": "ADMIN-001", "endpoint": "/employees/register", "method": "POST", "statusCode": 201, "responseTime": 1558}
{"timestamp": "2026-04-01T06:14:39.737Z", "level": "INFO", "service": "asset-management-service", "environment": "production", "message": "HTTP request completed", "userId": "ADMIN-001", "endpoint": "/employees/", "method": "GET", "statusCode": 200, "responseTime": 560}
{"timestamp": "2026-04-01T06:14:43.800Z", "level": "INFO", "service": "asset-management-service", "environment": "production", "message": "HTTP request completed", "userId": "ADMIN-001", "endpoint": "/auth/logout", "method": "POST", "statusCode": 200, "responseTime": 263}
{"timestamp": "2026-04-01T06:14:50.397Z", "level": "INFO", "service": "asset-management-service", "environment": "production", "message": "HTTP request completed", "userId": "anonymous", "endpoint": "/auth/login/json", "method": "POST", "statusCode": 200, "responseTime": 796}
{"timestamp": "2026-04-01T06:14:51.139Z", "level": "INFO", "service": "asset-management-service", "environment": "production", "message": "HTTP request completed", "userId": "EMP-1E56F784", "endpoint": "/requests/", "method": "GET", "statusCode": 200, "responseTime": 678}
{"timestamp": "2026-04-01T06:14:51.505Z", "level": "INFO", "service": "asset-management-service", "environment": "production", "message": "HTTP request completed", "userId": "EMP-1E56F784", "endpoint": "/tracking/", "method": "GET", "statusCode": 200, "responseTime": 829}
{"timestamp": "2026-04-01T06:14:52.675Z", "level": "INFO", "service": "asset-management-service", "environment": "production", "message": "HTTP request completed", "userId": "EMP-1E56F784", "endpoint": "/requests/", "method": "GET", "statusCode": 200, "responseTime": 477}
{"timestamp": "2026-04-01T06:15:20.750Z", "level": "INFO", "service": "asset-management-service", "environment": "production", "message": "Email sent", "userId": "system", "endpoint": "/notifications/email", "method": "SMTP", "statusCode": 200, "responseTime": 0}
{"timestamp": "2026-04-01T06:15:22.736Z", "level": "INFO", "service": "asset-management-service", "environment": "production", "message": "HTTP request completed", "userId": "EMP-1E56F784", "endpoint": "/requests/", "method": "GET", "statusCode": 200, "responseTime": 449}
{"timestamp": "2026-04-01T06:15:24.852Z", "level": "INFO", "service": "asset-management-service", "environment": "production", "message": "Email sent", "userId": "system", "endpoint": "/notifications/email", "method": "SMTP", "statusCode": 200, "responseTime": 0}
{"timestamp": "2026-04-01T06:15:29.100Z", "level": "INFO", "service": "asset-management-service", "environment": "production", "message": "Email sent", "userId": "system", "endpoint": "/notifications/email", "method": "SMTP", "statusCode": 200, "responseTime": 0}
{"timestamp": "2026-04-01T06:15:33.020Z", "level": "INFO", "service": "asset-management-service", "environment": "production", "message": "Email sent", "userId": "system", "endpoint": "/notifications/email", "method": "SMTP", "statusCode": 200, "responseTime": 0}
{"timestamp": "2026-04-01T06:15:37.070Z", "level": "INFO", "service": "asset-management-service", "environment": "production", "message": "Email sent", "userId": "system", "endpoint": "/notifications/email", "method": "SMTP", "statusCode": 200, "responseTime": 0}
{"timestamp": "2026-04-01T06:15:37.619Z", "level": "INFO", "service": "asset-management-service", "environment": "production", "message": "HTTP request completed", "userId": "EMP-1E56F784", "endpoint": "/auth/logout", "method": "POST", "statusCode": 200, "responseTime": 283}
{"timestamp": "2026-04-01T06:15:37.671Z", "level": "INFO", "service": "asset-management-service", "environment": "production", "message": "HTTP request completed", "userId": "EMP-1E56F784", "endpoint": "/requests/", "method": "POST", "statusCode": 200, "responseTime": 21582}
{"timestamp": "2026-04-01T06:15:41.629Z", "level": "INFO", "service": "asset-management-service", "environment": "production", "message": "HTTP request completed", "userId": "anonymous", "endpoint": "/auth/login/json", "method": "POST", "statusCode": 200, "responseTime": 791}
{"timestamp": "2026-04-01T06:15:42.623Z", "level": "INFO", "service": "asset-management-service", "environment": "production", "message": "HTTP request completed", "userId": "EMP-FE804DD8", "endpoint": "/requests/", "method": "GET", "statusCode": 200, "responseTime": 925}
{"timestamp": "2026-04-01T06:15:42.668Z", "level": "INFO", "service": "asset-management-service", "environment": "production", "message": "HTTP request completed", "userId": "EMP-FE804DD8", "endpoint": "/stock/", "method": "GET", "statusCode": 200, "responseTime": 506}
{"timestamp": "2026-04-01T06:15:42.994Z", "level": "INFO", "service": "asset-management-service", "environment": "production", "message": "HTTP request completed", "userId": "EMP-FE804DD8", "endpoint": "/tracking/", "method": "GET", "statusCode": 200, "responseTime": 1047}
{"timestamp": "2026-04-01T06:15:43.636Z", "level": "INFO", "service": "asset-management-service", "environment": "production", "message": "HTTP request completed", "userId": "EMP-FE804DD8", "endpoint": "/requests/", "method": "GET", "statusCode": 200, "responseTime": 486}
{"timestamp": "2026-04-01T06:16:18.952Z", "level": "INFO", "service": "asset-management-service", "environment": "production", "message": "HTTP request completed", "userId": "EMP-FE804DD8", "endpoint": "/auth/logout", "method": "POST", "statusCode": 200, "responseTime": 255}
{"timestamp": "2026-04-01T06:16:24.847Z", "level": "INFO", "service": "asset-management-service", "environment": "production", "message": "HTTP request completed", "userId": "anonymous", "endpoint": "/auth/login/json", "method": "POST", "statusCode": 200, "responseTime": 946}
{"timestamp": "2026-04-01T06:16:26.048Z", "level": "INFO", "service": "asset-management-service", "environment": "production", "message": "HTTP request completed", "userId": "ADMIN-001", "endpoint": "/requests/", "method": "GET", "statusCode": 200, "responseTime": 1137}
{"timestamp": "2026-04-01T06:16:26.085Z", "level": "INFO", "service": "asset-management-service", "environment": "production", "message": "HTTP request completed", "userId": "ADMIN-001", "endpoint": "/accounts/summary", "method": "GET", "statusCode": 200, "responseTime": 480}
{"timestamp": "2026-04-01T06:16:26.139Z", "level": "INFO", "service": "asset-management-service", "environment": "production", "message": "HTTP request completed", "userId": "ADMIN-001", "endpoint": "/stock/", "method": "GET", "statusCode": 200, "responseTime": 1023}
{"timestamp": "2026-04-01T06:16:27.528Z", "level": "INFO", "service": "asset-management-service", "environment": "production", "message": "HTTP request completed", "userId": "ADMIN-001", "endpoint": "/tracking/", "method": "GET", "statusCode": 200, "responseTime": 2186}
{"timestamp": "2026-04-01T06:16:28.149Z", "level": "INFO", "service": "asset-management-service", "environment": "production", "message": "HTTP request completed", "userId": "ADMIN-001", "endpoint": "/employees/", "method": "GET", "statusCode": 200, "responseTime": 545}
{"timestamp": "2026-04-01T06:16:29.687Z", "level": "INFO", "service": "asset-management-service", "environment": "production", "message": "HTTP request completed", "userId": "ADMIN-001", "endpoint": "/stock/", "method": "GET", "statusCode": 200, "responseTime": 438}
{"timestamp": "2026-04-01T06:16:29.699Z", "level": "INFO", "service": "asset-management-service", "environment": "production", "message": "HTTP request completed", "userId": "ADMIN-001", "endpoint": "/onboarding-presets/", "method": "GET", "statusCode": 200, "responseTime": 700}
{"timestamp": "2026-04-01T06:17:09.255Z", "level": "INFO", "service": "asset-management-service", "environment": "production", "message": "HTTP request completed", "userId": "ADMIN-001", "endpoint": "/employees/register", "method": "POST", "statusCode": 201, "responseTime": 1552}
{"timestamp": "2026-04-01T06:17:09.816Z", "level": "INFO", "service": "asset-management-service", "environment": "production", "message": "HTTP request completed", "userId": "ADMIN-001", "endpoint": "/employees/", "method": "GET", "statusCode": 200, "responseTime": 547}
{"timestamp": "2026-04-01T06:17:13.255Z", "level": "INFO", "service": "asset-management-service", "environment": "production", "message": "HTTP request completed", "userId": "ADMIN-001", "endpoint": "/auth/logout", "method": "POST", "statusCode": 200, "responseTime": 187}
{"timestamp": "2026-04-01T06:17:20.051Z", "level": "INFO", "service": "asset-management-service", "environment": "production", "message": "HTTP request completed", "userId": "anonymous", "endpoint": "/auth/login/json", "method": "POST", "statusCode": 200, "responseTime": 841}
{"timestamp": "2026-04-01T06:17:21.143Z", "level": "INFO", "service": "asset-management-service", "environment": "production", "message": "HTTP request completed", "userId": "EMP-E64E5ABD", "endpoint": "/requests/", "method": "GET", "statusCode": 200, "responseTime": 1015}
{"timestamp": "2026-04-01T06:17:21.211Z", "level": "INFO", "service": "asset-management-service", "environment": "production", "message": "HTTP request completed", "userId": "EMP-E64E5ABD", "endpoint": "/stock/", "method": "GET", "statusCode": 200, "responseTime": 783}
{"timestamp": "2026-04-01T06:17:21.361Z", "level": "INFO", "service": "asset-management-service", "environment": "production", "message": "HTTP request completed", "userId": "EMP-E64E5ABD", "endpoint": "/tracking/", "method": "GET", "statusCode": 200, "responseTime": 721}
{"timestamp": "2026-04-01T06:17:23.294Z", "level": "INFO", "service": "asset-management-service", "environment": "production", "message": "HTTP request completed", "userId": "EMP-E64E5ABD", "endpoint": "/requests/", "method": "GET", "statusCode": 200, "responseTime": 455}
{"timestamp": "2026-04-01T06:17:31.752Z", "level": "INFO", "service": "asset-management-service", "environment": "production", "message": "HTTP request completed", "userId": "EMP-E64E5ABD", "endpoint": "/auth/logout", "method": "POST", "statusCode": 200, "responseTime": 263}
{"timestamp": "2026-04-01T06:17:36.326Z", "level": "INFO", "service": "asset-management-service", "environment": "production", "message": "HTTP request completed", "userId": "anonymous", "endpoint": "/auth/login/json", "method": "POST", "statusCode": 200, "responseTime": 697}
{"timestamp": "2026-04-01T06:17:37.133Z", "level": "INFO", "service": "asset-management-service", "environment": "production", "message": "HTTP request completed", "userId": "EMP-1E56F784", "endpoint": "/requests/", "method": "GET", "statusCode": 200, "responseTime": 751}
{"timestamp": "2026-04-01T06:17:37.336Z", "level": "INFO", "service": "asset-management-service", "environment": "production", "message": "HTTP request completed", "userId": "EMP-1E56F784", "endpoint": "/tracking/", "method": "GET", "statusCode": 200, "responseTime": 743}
{"timestamp": "2026-04-01T06:17:39.650Z", "level": "INFO", "service": "asset-management-service", "environment": "production", "message": "HTTP request completed", "userId": "EMP-1E56F784", "endpoint": "/requests/", "method": "GET", "statusCode": 200, "responseTime": 561}
{"timestamp": "2026-04-01T06:18:02.942Z", "level": "INFO", "service": "asset-management-service", "environment": "production", "message": "Email sent", "userId": "system", "endpoint": "/notifications/email", "method": "SMTP", "statusCode": 200, "responseTime": 0}
{"timestamp": "2026-04-01T06:18:06.973Z", "level": "INFO", "service": "asset-management-service", "environment": "production", "message": "Email sent", "userId": "system", "endpoint": "/notifications/email", "method": "SMTP", "statusCode": 200, "responseTime": 0}
{"timestamp": "2026-04-01T06:18:07.600Z", "level": "INFO", "service": "asset-management-service", "environment": "production", "message": "HTTP request completed", "userId": "EMP-1E56F784", "endpoint": "/requests/", "method": "GET", "statusCode": 200, "responseTime": 492}
{"timestamp": "2026-04-01T06:18:11.265Z", "level": "INFO", "service": "asset-management-service", "environment": "production", "message": "Email sent", "userId": "system", "endpoint": "/notifications/email", "method": "SMTP", "statusCode": 200, "responseTime": 0}
{"timestamp": "2026-04-01T06:18:13.608Z", "level": "INFO", "service": "asset-management-service", "environment": "production", "message": "HTTP request completed", "userId": "EMP-1E56F784", "endpoint": "/requests/", "method": "GET", "statusCode": 200, "responseTime": 544}
{"timestamp": "2026-04-01T06:18:15.055Z", "level": "INFO", "service": "asset-management-service", "environment": "production", "message": "Email sent", "userId": "system", "endpoint": "/notifications/email", "method": "SMTP", "statusCode": 200, "responseTime": 0}
{"timestamp": "2026-04-01T06:18:15.713Z", "level": "INFO", "service": "asset-management-service", "environment": "production", "message": "HTTP request completed", "userId": "EMP-1E56F784", "endpoint": "/employees/EMP-1E56F784/assets", "method": "GET", "statusCode": 200, "responseTime": 555}
{"timestamp": "2026-04-01T06:18:18.541Z", "level": "INFO", "service": "asset-management-service", "environment": "production", "message": "Email sent", "userId": "system", "endpoint": "/notifications/email", "method": "SMTP", "statusCode": 200, "responseTime": 0}
{"timestamp": "2026-04-01T06:18:18.929Z", "level": "INFO", "service": "asset-management-service", "environment": "production", "message": "HTTP request completed", "userId": "EMP-1E56F784", "endpoint": "/accounts/acknowledge/TRK-EC74B814", "method": "POST", "statusCode": 200, "responseTime": 846}
{"timestamp": "2026-04-01T06:18:19.558Z", "level": "INFO", "service": "asset-management-service", "environment": "production", "message": "HTTP request completed", "userId": "EMP-1E56F784", "endpoint": "/employees/EMP-1E56F784/assets", "method": "GET", "statusCode": 200, "responseTime": 619}
{"timestamp": "2026-04-01T06:18:21.405Z", "level": "INFO", "service": "asset-management-service", "environment": "production", "message": "HTTP request completed", "userId": "EMP-1E56F784", "endpoint": "/auth/logout", "method": "POST", "statusCode": 200, "responseTime": 193}
{"timestamp": "2026-04-01T06:18:22.118Z", "level": "INFO", "service": "asset-management-service", "environment": "production", "message": "Email sent", "userId": "system", "endpoint": "/notifications/email", "method": "SMTP", "statusCode": 200, "responseTime": 0}
{"timestamp": "2026-04-01T06:18:22.450Z", "level": "INFO", "service": "asset-management-service", "environment": "production", "message": "HTTP request completed", "userId": "EMP-1E56F784", "endpoint": "/requests/", "method": "POST", "statusCode": 200, "responseTime": 23602}
{"timestamp": "2026-04-01T06:23:52.305Z", "level": "INFO", "service": "asset-management-service", "environment": "production", "message": "HTTP request completed", "userId": "anonymous", "endpoint": "/auth/login/json", "method": "POST", "statusCode": 200, "responseTime": 2945}
{"timestamp": "2026-04-01T06:23:54.091Z", "level": "INFO", "service": "asset-management-service", "environment": "production", "message": "HTTP request completed", "userId": "ADMIN-001", "endpoint": "/requests/", "method": "GET", "statusCode": 200, "responseTime": 1700}
{"timestamp": "2026-04-01T06:23:54.490Z", "level": "INFO", "service": "asset-management-service", "environment": "production", "message": "HTTP request completed", "userId": "ADMIN-001", "endpoint": "/accounts/summary", "method": "GET", "statusCode": 200, "responseTime": 1349}
{"timestamp": "2026-04-01T06:23:54.565Z", "level": "INFO", "service": "asset-management-service", "environment": "production", "message": "HTTP request completed", "userId": "ADMIN-001", "endpoint": "/stock/", "method": "GET", "statusCode": 200, "responseTime": 1186}
{"timestamp": "2026-04-01T06:23:55.916Z", "level": "INFO", "service": "asset-management-service", "environment": "production", "message": "HTTP request completed", "userId": "ADMIN-001", "endpoint": "/tracking/", "method": "GET", "statusCode": 200, "responseTime": 2312}
{"timestamp": "2026-04-01T06:23:58.025Z", "level": "INFO", "service": "asset-management-service", "environment": "production", "message": "HTTP request completed", "userId": "ADMIN-001", "endpoint": "/employees/ADMIN-001/assets", "method": "GET", "statusCode": 200, "responseTime": 475}
{"timestamp": "2026-04-01T06:24:00.425Z", "level": "INFO", "service": "asset-management-service", "environment": "production", "message": "HTTP request completed", "userId": "ADMIN-001", "endpoint": "/requests/", "method": "GET", "statusCode": 200, "responseTime": 469}
{"timestamp": "2026-04-01T06:24:01.950Z", "level": "INFO", "service": "asset-management-service", "environment": "production", "message": "HTTP request completed", "userId": "ADMIN-001", "endpoint": "/auth/logout", "method": "POST", "statusCode": 200, "responseTime": 206}
{"timestamp": "2026-04-01T06:24:06.842Z", "level": "INFO", "service": "asset-management-service", "environment": "production", "message": "HTTP request completed", "userId": "anonymous", "endpoint": "/auth/login/json", "method": "POST", "statusCode": 200, "responseTime": 836}
{"timestamp": "2026-04-01T06:24:08.019Z", "level": "INFO", "service": "asset-management-service", "environment": "production", "message": "HTTP request completed", "userId": "ADMIN-001", "endpoint": "/requests/", "method": "GET", "statusCode": 200, "responseTime": 1102}
{"timestamp": "2026-04-01T06:24:08.022Z", "level": "INFO", "service": "asset-management-service", "environment": "production", "message": "HTTP request completed", "userId": "ADMIN-001", "endpoint": "/accounts/summary", "method": "GET", "statusCode": 200, "responseTime": 910}
{"timestamp": "2026-04-01T06:24:08.026Z", "level": "INFO", "service": "asset-management-service", "environment": "production", "message": "HTTP request completed", "userId": "ADMIN-001", "endpoint": "/stock/", "method": "GET", "statusCode": 200, "responseTime": 721}
{"timestamp": "2026-04-01T06:24:09.080Z", "level": "INFO", "service": "asset-management-service", "environment": "production", "message": "HTTP request completed", "userId": "ADMIN-001", "endpoint": "/employees/", "method": "GET", "statusCode": 200, "responseTime": 448}
{"timestamp": "2026-04-01T06:24:09.748Z", "level": "INFO", "service": "asset-management-service", "environment": "production", "message": "HTTP request completed", "userId": "ADMIN-001", "endpoint": "/tracking/", "method": "GET", "statusCode": 200, "responseTime": 2231}
{"timestamp": "2026-04-01T06:24:11.928Z", "level": "INFO", "service": "asset-management-service", "environment": "production", "message": "HTTP request completed", "userId": "ADMIN-001", "endpoint": "/accounts/summary", "method": "GET", "statusCode": 200, "responseTime": 479}
{"timestamp": "2026-04-01T06:24:16.209Z", "level": "INFO", "service": "asset-management-service", "environment": "production", "message": "HTTP request completed", "userId": "ADMIN-001", "endpoint": "/tracking/", "method": "GET", "statusCode": 200, "responseTime": 2146}
{"timestamp": "2026-04-01T07:00:46.018Z", "level": "WARNING", "service": "asset-management-service", "environment": "production", "message": "HTTP request completed with client error", "userId": "anonymous", "endpoint": "/accounts/summary", "method": "GET", "statusCode": 401, "responseTime": 27}
{"timestamp": "2026-04-01T07:00:48.453Z", "level": "WARNING", "service": "asset-management-service", "environment": "production", "message": "HTTP request completed with client error", "userId": "anonymous", "endpoint": "/accounts/summary", "method": "GET", "statusCode": 401, "responseTime": 5}
{"timestamp": "2026-04-01T07:00:49.475Z", "level": "WARNING", "service": "asset-management-service", "environment": "production", "message": "HTTP request completed with client error", "userId": "anonymous", "endpoint": "/accounts/summary", "method": "GET", "statusCode": 401, "responseTime": 6}
{"timestamp": "2026-04-01T07:00:51.494Z", "level": "WARNING", "service": "asset-management-service", "environment": "production", "message": "HTTP request completed with client error", "userId": "anonymous", "endpoint": "/accounts/summary", "method": "GET", "statusCode": 401, "responseTime": 3}
{"timestamp": "2026-04-01T07:00:55.513Z", "level": "WARNING", "service": "asset-management-service", "environment": "production", "message": "HTTP request completed with client error", "userId": "anonymous", "endpoint": "/accounts/summary", "method": "GET", "statusCode": 401, "responseTime": 3}
{"timestamp": "2026-04-01T07:01:11.052Z", "level": "INFO", "service": "asset-management-service", "environment": "production", "message": "HTTP request completed", "userId": "anonymous", "endpoint": "/auth/logout", "method": "POST", "statusCode": 200, "responseTime": 2}
{"timestamp": "2026-04-01T07:01:18.843Z", "level": "INFO", "service": "asset-management-service", "environment": "production", "message": "HTTP request completed", "userId": "anonymous", "endpoint": "/auth/login/json", "method": "POST", "statusCode": 200, "responseTime": 1889}
{"timestamp": "2026-04-01T07:01:20.205Z", "level": "INFO", "service": "asset-management-service", "environment": "production", "message": "HTTP request completed", "userId": "EMP-FE804DD8", "endpoint": "/tracking/", "method": "GET", "statusCode": 200, "responseTime": 1059}
{"timestamp": "2026-04-01T07:01:20.320Z", "level": "INFO", "service": "asset-management-service", "environment": "production", "message": "HTTP request completed", "userId": "EMP-FE804DD8", "endpoint": "/stock/", "method": "GET", "statusCode": 200, "responseTime": 968}
{"timestamp": "2026-04-01T07:01:20.455Z", "level": "INFO", "service": "asset-management-service", "environment": "production", "message": "HTTP request completed", "userId": "EMP-FE804DD8", "endpoint": "/requests/", "method": "GET", "statusCode": 200, "responseTime": 1508}
{"timestamp": "2026-04-01T07:01:22.069Z", "level": "INFO", "service": "asset-management-service", "environment": "production", "message": "HTTP request completed", "userId": "EMP-FE804DD8", "endpoint": "/employees/", "method": "GET", "statusCode": 200, "responseTime": 518}
{"timestamp": "2026-04-01T07:01:26.133Z", "level": "INFO", "service": "asset-management-service", "environment": "production", "message": "HTTP request completed", "userId": "EMP-FE804DD8", "endpoint": "/auth/logout", "method": "POST", "statusCode": 200, "responseTime": 366}
{"timestamp": "2026-04-01T07:01:30.419Z", "level": "INFO", "service": "asset-management-service", "environment": "production", "message": "HTTP request completed", "userId": "anonymous", "endpoint": "/auth/login/json", "method": "POST", "statusCode": 200, "responseTime": 1022}
{"timestamp": "2026-04-01T07:01:31.215Z", "level": "INFO", "service": "asset-management-service", "environment": "production", "message": "HTTP request completed", "userId": "EMP-1E56F784", "endpoint": "/requests/", "method": "GET", "statusCode": 200, "responseTime": 719}
{"timestamp": "2026-04-01T07:01:31.528Z", "level": "INFO", "service": "asset-management-service", "environment": "production", "message": "HTTP request completed", "userId": "EMP-1E56F784", "endpoint": "/tracking/", "method": "GET", "statusCode": 200, "responseTime": 789}
{"timestamp": "2026-04-01T07:02:55.694Z", "level": "INFO", "service": "asset-management-service", "environment": "production", "message": "HTTP request completed", "userId": "EMP-1E56F784", "endpoint": "/requests/", "method": "GET", "statusCode": 200, "responseTime": 786}
{"timestamp": "2026-04-01T07:02:55.860Z", "level": "INFO", "service": "asset-management-service", "environment": "production", "message": "HTTP request completed", "userId": "EMP-1E56F784", "endpoint": "/tracking/", "method": "GET", "statusCode": 200, "responseTime": 749}
{"timestamp": "2026-04-01T07:03:00.837Z", "level": "INFO", "service": "asset-management-service", "environment": "production", "message": "HTTP request completed", "userId": "EMP-1E56F784", "endpoint": "/requests/", "method": "GET", "statusCode": 200, "responseTime": 839}
{"timestamp": "2026-04-01T07:03:01.119Z", "level": "INFO", "service": "asset-management-service", "environment": "production", "message": "HTTP request completed", "userId": "EMP-1E56F784", "endpoint": "/tracking/", "method": "GET", "statusCode": 200, "responseTime": 872}
{"timestamp": "2026-04-01T07:03:28.875Z", "level": "INFO", "service": "asset-management-service", "environment": "production", "message": "HTTP request completed", "userId": "EMP-1E56F784", "endpoint": "/requests/", "method": "GET", "statusCode": 200, "responseTime": 918}
{"timestamp": "2026-04-01T07:03:29.241Z", "level": "INFO", "service": "asset-management-service", "environment": "production", "message": "HTTP request completed", "userId": "EMP-1E56F784", "endpoint": "/tracking/", "method": "GET", "statusCode": 200, "responseTime": 914}
{"timestamp": "2026-04-01T07:03:30.598Z", "level": "INFO", "service": "asset-management-service", "environment": "production", "message": "HTTP request completed", "userId": "EMP-1E56F784", "endpoint": "/auth/logout", "method": "POST", "statusCode": 200, "responseTime": 195}
{"timestamp": "2026-04-01T07:03:36.440Z", "level": "INFO", "service": "asset-management-service", "environment": "production", "message": "HTTP request completed", "userId": "anonymous", "endpoint": "/auth/login/json", "method": "POST", "statusCode": 200, "responseTime": 1125}
{"timestamp": "2026-04-01T07:03:37.630Z", "level": "ERROR", "service": "asset-management-service", "environment": "production", "message": "HTTP request failed", "userId": "ADMIN-001", "endpoint": "/stock/", "method": "GET", "statusCode": 500, "responseTime": 293}
{"timestamp": "2026-04-01T07:03:37.990Z", "level": "INFO", "service": "asset-management-service", "environment": "production", "message": "HTTP request completed", "userId": "ADMIN-001", "endpoint": "/accounts/summary", "method": "GET", "statusCode": 200, "responseTime": 962}
{"timestamp": "2026-04-01T07:03:38.019Z", "level": "INFO", "service": "asset-management-service", "environment": "production", "message": "HTTP request completed", "userId": "ADMIN-001", "endpoint": "/requests/", "method": "GET", "statusCode": 200, "responseTime": 1487}
{"timestamp": "2026-04-01T07:03:39.475Z", "level": "INFO", "service": "asset-management-service", "environment": "production", "message": "HTTP request completed", "userId": "ADMIN-001", "endpoint": "/stock/", "method": "GET", "statusCode": 200, "responseTime": 821}
{"timestamp": "2026-04-01T07:03:39.736Z", "level": "INFO", "service": "asset-management-service", "environment": "production", "message": "HTTP request completed", "userId": "ADMIN-001", "endpoint": "/tracking/", "method": "GET", "statusCode": 200, "responseTime": 2962}
{"timestamp": "2026-04-01T07:03:39.836Z", "level": "INFO", "service": "asset-management-service", "environment": "production", "message": "HTTP request completed", "userId": "ADMIN-001", "endpoint": "/employees/", "method": "GET", "statusCode": 200, "responseTime": 601}
{"timestamp": "2026-04-01T07:03:46.155Z", "level": "INFO", "service": "asset-management-service", "environment": "production", "message": "HTTP request completed", "userId": "ADMIN-001", "endpoint": "/onboarding-presets/", "method": "GET", "statusCode": 200, "responseTime": 526}
{"timestamp": "2026-04-01T07:03:46.186Z", "level": "INFO", "service": "asset-management-service", "environment": "production", "message": "HTTP request completed", "userId": "ADMIN-001", "endpoint": "/stock/", "method": "GET", "statusCode": 200, "responseTime": 784}
{"timestamp": "2026-04-01T07:03:48.956Z", "level": "INFO", "service": "asset-management-service", "environment": "production", "message": "HTTP request completed", "userId": "ADMIN-001", "endpoint": "/tracking/", "method": "GET", "statusCode": 200, "responseTime": 2177}
{"timestamp": "2026-04-01T07:03:48.995Z", "level": "INFO", "service": "asset-management-service", "environment": "production", "message": "HTTP request completed", "userId": "ADMIN-001", "endpoint": "/stock/", "method": "GET", "statusCode": 200, "responseTime": 525}
{"timestamp": "2026-04-01T07:04:07.430Z", "level": "INFO", "service": "asset-management-service", "environment": "production", "message": "HTTP request completed", "userId": "ADMIN-001", "endpoint": "/auth/logout", "method": "POST", "statusCode": 200, "responseTime": 295}
{"timestamp": "2026-04-01T07:04:10.862Z", "level": "INFO", "service": "asset-management-service", "environment": "production", "message": "HTTP request completed", "userId": "anonymous", "endpoint": "/auth/login/json", "method": "POST", "statusCode": 200, "responseTime": 1042}
{"timestamp": "2026-04-01T07:04:12.272Z", "level": "INFO", "service": "asset-management-service", "environment": "production", "message": "HTTP request completed", "userId": "ADMIN-001", "endpoint": "/requests/", "method": "GET", "statusCode": 200, "responseTime": 1305}
{"timestamp": "2026-04-01T07:04:12.340Z", "level": "INFO", "service": "asset-management-service", "environment": "production", "message": "HTTP request completed", "userId": "ADMIN-001", "endpoint": "/accounts/summary", "method": "GET", "statusCode": 200, "responseTime": 860}
{"timestamp": "2026-04-01T07:04:12.826Z", "level": "INFO", "service": "asset-management-service", "environment": "production", "message": "HTTP request completed", "userId": "ADMIN-001", "endpoint": "/stock/", "method": "GET", "statusCode": 200, "responseTime": 1149}
{"timestamp": "2026-04-01T07:04:14.019Z", "level": "INFO", "service": "asset-management-service", "environment": "production", "message": "HTTP request completed", "userId": "ADMIN-001", "endpoint": "/tracking/", "method": "GET", "statusCode": 200, "responseTime": 2777}
{"timestamp": "2026-04-01T07:04:14.306Z", "level": "INFO", "service": "asset-management-service", "environment": "production", "message": "HTTP request completed", "userId": "ADMIN-001", "endpoint": "/employees/", "method": "GET", "statusCode": 200, "responseTime": 566}
{"timestamp": "2026-04-01T07:04:15.777Z", "level": "INFO", "service": "asset-management-service", "environment": "production", "message": "HTTP request completed", "userId": "ADMIN-001", "endpoint": "/onboarding-presets/", "method": "GET", "statusCode": 200, "responseTime": 721}
{"timestamp": "2026-04-01T07:04:15.845Z", "level": "INFO", "service": "asset-management-service", "environment": "production", "message": "HTTP request completed", "userId": "ADMIN-001", "endpoint": "/stock/", "method": "GET", "statusCode": 200, "responseTime": 580}
{"timestamp": "2026-04-01T07:05:15.358Z", "level": "INFO", "service": "asset-management-service", "environment": "production", "message": "HTTP request completed", "userId": "ADMIN-001", "endpoint": "/stock/", "method": "GET", "statusCode": 200, "responseTime": 542}
{"timestamp": "2026-04-01T07:05:15.375Z", "level": "INFO", "service": "asset-management-service", "environment": "production", "message": "HTTP request completed", "userId": "ADMIN-001", "endpoint": "/onboarding-presets/", "method": "GET", "statusCode": 200, "responseTime": 872}
{"timestamp": "2026-04-01T07:05:15.478Z", "level": "INFO", "service": "asset-management-service", "environment": "production", "message": "HTTP request completed", "userId": "ADMIN-001", "endpoint": "/employees/", "method": "GET", "statusCode": 200, "responseTime": 1259}
{"timestamp": "2026-04-01T07:05:41.564Z", "level": "INFO", "service": "asset-management-service", "environment": "production", "message": "HTTP request completed", "userId": "ADMIN-001", "endpoint": "/stock/", "method": "GET", "statusCode": 200, "responseTime": 491}
{"timestamp": "2026-04-01T07:05:41.576Z", "level": "INFO", "service": "asset-management-service", "environment": "production", "message": "HTTP request completed", "userId": "ADMIN-001", "endpoint": "/onboarding-presets/", "method": "GET", "statusCode": 200, "responseTime": 743}
{"timestamp": "2026-04-01T07:05:41.629Z", "level": "INFO", "service": "asset-management-service", "environment": "production", "message": "HTTP request completed", "userId": "ADMIN-001", "endpoint": "/employees/", "method": "GET", "statusCode": 200, "responseTime": 992}
{"timestamp": "2026-04-01T07:05:55.719Z", "level": "WARNING", "service": "asset-management-service", "environment": "production", "message": "HTTP request completed with client error", "userId": "ADMIN-001", "endpoint": "/employees/register", "method": "POST", "statusCode": 422, "responseTime": 455}
{"timestamp": "2026-04-01T07:06:12.006Z", "level": "INFO", "service": "asset-management-service", "environment": "production", "message": "Email sent", "userId": "system", "endpoint": "/notifications/email", "method": "SMTP", "statusCode": 200, "responseTime": 0}
{"timestamp": "2026-04-01T07:06:15.600Z", "level": "INFO", "service": "asset-management-service", "environment": "production", "message": "Email sent", "userId": "system", "endpoint": "/notifications/email", "method": "SMTP", "statusCode": 200, "responseTime": 0}
{"timestamp": "2026-04-01T07:06:16.344Z", "level": "INFO", "service": "asset-management-service", "environment": "production", "message": "HTTP request completed", "userId": "ADMIN-001", "endpoint": "/employees/register", "method": "POST", "statusCode": 201, "responseTime": 9943}
{"timestamp": "2026-04-01T07:06:16.872Z", "level": "INFO", "service": "asset-management-service", "environment": "production", "message": "HTTP request completed", "userId": "ADMIN-001", "endpoint": "/employees/", "method": "GET", "statusCode": 200, "responseTime": 512}
{"timestamp": "2026-04-01T07:06:21.622Z", "level": "INFO", "service": "asset-management-service", "environment": "production", "message": "HTTP request completed", "userId": "ADMIN-001", "endpoint": "/employees/", "method": "GET", "statusCode": 200, "responseTime": 588}
{"timestamp": "2026-04-01T07:06:46.103Z", "level": "INFO", "service": "asset-management-service", "environment": "production", "message": "HTTP request completed", "userId": "ADMIN-001", "endpoint": "/employees/", "method": "GET", "statusCode": 200, "responseTime": 591}
{"timestamp": "2026-04-01T07:07:30.428Z", "level": "INFO", "service": "asset-management-service", "environment": "production", "message": "HTTP request completed", "userId": "ADMIN-001", "endpoint": "/employees/", "method": "GET", "statusCode": 200, "responseTime": 731}
{"timestamp": "2026-04-01T07:07:39.106Z", "level": "INFO", "service": "asset-management-service", "environment": "production", "message": "HTTP request completed", "userId": "ADMIN-001", "endpoint": "/employees/EMP-B5FE0846/deactivate", "method": "POST", "statusCode": 200, "responseTime": 1008}
{"timestamp": "2026-04-01T07:07:39.640Z", "level": "INFO", "service": "asset-management-service", "environment": "production", "message": "HTTP request completed", "userId": "ADMIN-001", "endpoint": "/employees/", "method": "GET", "statusCode": 200, "responseTime": 515}
{"timestamp": "2026-04-01T07:08:07.369Z", "level": "INFO", "service": "asset-management-service", "environment": "production", "message": "HTTP request completed", "userId": "ADMIN-001", "endpoint": "/employees/", "method": "GET", "statusCode": 200, "responseTime": 605}
{"timestamp": "2026-04-01T07:08:09.998Z", "level": "INFO", "service": "asset-management-service", "environment": "production", "message": "HTTP request completed", "userId": "ADMIN-001", "endpoint": "/onboarding-presets/", "method": "GET", "statusCode": 200, "responseTime": 753}
{"timestamp": "2026-04-01T07:08:10.007Z", "level": "INFO", "service": "asset-management-service", "environment": "production", "message": "HTTP request completed", "userId": "ADMIN-001", "endpoint": "/stock/", "method": "GET", "statusCode": 200, "responseTime": 493}
{"timestamp": "2026-04-01T07:08:54.580Z", "level": "INFO", "service": "asset-management-service", "environment": "production", "message": "HTTP request completed", "userId": "ADMIN-001", "endpoint": "/onboarding-presets/", "method": "GET", "statusCode": 200, "responseTime": 804}
{"timestamp": "2026-04-01T07:08:54.623Z", "level": "INFO", "service": "asset-management-service", "environment": "production", "message": "HTTP request completed", "userId": "ADMIN-001", "endpoint": "/stock/", "method": "GET", "statusCode": 200, "responseTime": 568}
{"timestamp": "2026-04-01T07:09:33.637Z", "level": "WARNING", "service": "asset-management-service", "environment": "production", "message": "HTTP request completed with client error", "userId": "ADMIN-001", "endpoint": "/employees/register", "method": "POST", "statusCode": 400, "responseTime": 524}
{"timestamp": "2026-04-01T07:10:01.914Z", "level": "INFO", "service": "asset-management-service", "environment": "production", "message": "HTTP request completed", "userId": "ADMIN-001", "endpoint": "/onboarding-presets/", "method": "GET", "statusCode": 200, "responseTime": 507}
{"timestamp": "2026-04-01T07:10:01.994Z", "level": "INFO", "service": "asset-management-service", "environment": "production", "message": "HTTP request completed", "userId": "ADMIN-001", "endpoint": "/employees/", "method": "GET", "statusCode": 200, "responseTime": 1041}
{"timestamp": "2026-04-01T07:10:01.994Z", "level": "INFO", "service": "asset-management-service", "environment": "production", "message": "HTTP request completed", "userId": "ADMIN-001", "endpoint": "/stock/", "method": "GET", "statusCode": 200, "responseTime": 830}
{"timestamp": "2026-04-01T07:10:12.655Z", "level": "INFO", "service": "asset-management-service", "environment": "production", "message": "HTTP request completed", "userId": "ADMIN-001", "endpoint": "/onboarding-presets/", "method": "GET", "statusCode": 200, "responseTime": 702}
{"timestamp": "2026-04-01T07:10:12.724Z", "level": "INFO", "service": "asset-management-service", "environment": "production", "message": "HTTP request completed", "userId": "ADMIN-001", "endpoint": "/employees/", "method": "GET", "statusCode": 200, "responseTime": 1031}
{"timestamp": "2026-04-01T07:10:12.750Z", "level": "INFO", "service": "asset-management-service", "environment": "production", "message": "HTTP request completed", "userId": "ADMIN-001", "endpoint": "/stock/", "method": "GET", "statusCode": 200, "responseTime": 603}
{"timestamp": "2026-04-01T07:10:29.529Z", "level": "INFO", "service": "asset-management-service", "environment": "production", "message": "Email sent", "userId": "system", "endpoint": "/notifications/email", "method": "SMTP", "statusCode": 200, "responseTime": 0}
{"timestamp": "2026-04-01T07:10:33.450Z", "level": "INFO", "service": "asset-management-service", "environment": "production", "message": "Email sent", "userId": "system", "endpoint": "/notifications/email", "method": "SMTP", "statusCode": 200, "responseTime": 0}
{"timestamp": "2026-04-01T07:10:34.100Z", "level": "INFO", "service": "asset-management-service", "environment": "production", "message": "HTTP request completed", "userId": "ADMIN-001", "endpoint": "/employees/register", "method": "POST", "statusCode": 201, "responseTime": 9653}
{"timestamp": "2026-04-01T07:10:34.708Z", "level": "INFO", "service": "asset-management-service", "environment": "production", "message": "HTTP request completed", "userId": "ADMIN-001", "endpoint": "/employees/", "method": "GET", "statusCode": 200, "responseTime": 592}
{"timestamp": "2026-04-01T07:10:46.541Z", "level": "INFO", "service": "asset-management-service", "environment": "production", "message": "HTTP request completed", "userId": "ADMIN-001", "endpoint": "/stock/", "method": "GET", "statusCode": 200, "responseTime": 508}
{"timestamp": "2026-04-01T07:17:43.753Z", "level": "INFO", "service": "asset-management-service", "environment": "production", "message": "HTTP request completed", "userId": "ADMIN-001", "endpoint": "/stock/", "method": "GET", "statusCode": 200, "responseTime": 548}
{"timestamp": "2026-04-01T07:17:49.355Z", "level": "INFO", "service": "asset-management-service", "environment": "production", "message": "HTTP request completed", "userId": "ADMIN-001", "endpoint": "/tracking/", "method": "GET", "statusCode": 200, "responseTime": 2129}
{"timestamp": "2026-04-01T07:18:08.040Z", "level": "INFO", "service": "asset-management-service", "environment": "production", "message": "HTTP request completed", "userId": "ADMIN-001", "endpoint": "/employees/", "method": "GET", "statusCode": 200, "responseTime": 682}
{"timestamp": "2026-04-01T07:18:11.515Z", "level": "INFO", "service": "asset-management-service", "environment": "production", "message": "HTTP request completed", "userId": "ADMIN-001", "endpoint": "/employees/ADMIN-001/assets", "method": "GET", "statusCode": 200, "responseTime": 449}
{"timestamp": "2026-04-01T07:18:13.056Z", "level": "INFO", "service": "asset-management-service", "environment": "production", "message": "HTTP request completed", "userId": "ADMIN-001", "endpoint": "/stock/", "method": "GET", "statusCode": 200, "responseTime": 443}
{"timestamp": "2026-04-01T07:18:42.469Z", "level": "INFO", "service": "asset-management-service", "environment": "production", "message": "HTTP request completed", "userId": "ADMIN-001", "endpoint": "/employees/", "method": "GET", "statusCode": 200, "responseTime": 464}
{"timestamp": "2026-04-01T07:18:49.755Z", "level": "INFO", "service": "asset-management-service", "environment": "production", "message": "HTTP request completed", "userId": "ADMIN-001", "endpoint": "/onboarding-presets/", "method": "GET", "statusCode": 200, "responseTime": 643}
{"timestamp": "2026-04-01T07:18:50.192Z", "level": "INFO", "service": "asset-management-service", "environment": "production", "message": "HTTP request completed", "userId": "ADMIN-001", "endpoint": "/stock/", "method": "GET", "statusCode": 200, "responseTime": 886}
{"timestamp": "2026-04-01T07:20:22.322Z", "level": "INFO", "service": "asset-management-service", "environment": "production", "message": "HTTP request completed", "userId": "ADMIN-001", "endpoint": "/employees/", "method": "GET", "statusCode": 200, "responseTime": 836}
{"timestamp": "2026-04-01T07:20:22.325Z", "level": "INFO", "service": "asset-management-service", "environment": "production", "message": "HTTP request completed", "userId": "ADMIN-001", "endpoint": "/stock/", "method": "GET", "statusCode": 200, "responseTime": 452}
{"timestamp": "2026-04-01T07:20:22.881Z", "level": "INFO", "service": "asset-management-service", "environment": "production", "message": "HTTP request completed", "userId": "ADMIN-001", "endpoint": "/onboarding-presets/", "method": "GET", "statusCode": 200, "responseTime": 1206}
{"timestamp": "2026-04-01T07:20:44.169Z", "level": "WARNING", "service": "asset-management-service", "environment": "production", "message": "HTTP request completed with client error", "userId": "ADMIN-001", "endpoint": "/employees/register", "method": "POST", "statusCode": 400, "responseTime": 565}
{"timestamp": "2026-04-01T07:20:54.773Z", "level": "WARNING", "service": "asset-management-service", "environment": "production", "message": "HTTP request completed with client error", "userId": "ADMIN-001", "endpoint": "/employees/register", "method": "POST", "statusCode": 400, "responseTime": 666}
{"timestamp": "2026-04-01T07:22:47.625Z", "level": "INFO", "service": "asset-management-service", "environment": "production", "message": "HTTP request completed", "userId": "ADMIN-001", "endpoint": "/stock/", "method": "GET", "statusCode": 200, "responseTime": 850}
{"timestamp": "2026-04-01T07:22:47.982Z", "level": "INFO", "service": "asset-management-service", "environment": "production", "message": "HTTP request completed", "userId": "ADMIN-001", "endpoint": "/employees/", "method": "GET", "statusCode": 200, "responseTime": 1009}
{"timestamp": "2026-04-01T07:22:48.083Z", "level": "INFO", "service": "asset-management-service", "environment": "production", "message": "HTTP request completed", "userId": "ADMIN-001", "endpoint": "/onboarding-presets/", "method": "GET", "statusCode": 200, "responseTime": 909}
{"timestamp": "2026-04-01T07:22:50.069Z", "level": "INFO", "service": "asset-management-service", "environment": "production", "message": "HTTP request completed", "userId": "ADMIN-001", "endpoint": "/employees/register", "method": "POST", "statusCode": 201, "responseTime": 1776}
{"timestamp": "2026-04-01T07:22:50.529Z", "level": "INFO", "service": "asset-management-service", "environment": "production", "message": "HTTP request completed", "userId": "ADMIN-001", "endpoint": "/employees/", "method": "GET", "statusCode": 200, "responseTime": 448}
{"timestamp": "2026-04-01T07:23:01.590Z", "level": "INFO", "service": "asset-management-service", "environment": "production", "message": "HTTP request completed", "userId": "ADMIN-001", "endpoint": "/auth/logout", "method": "POST", "statusCode": 200, "responseTime": 252}
{"timestamp": "2026-04-01T07:23:04.356Z", "level": "INFO", "service": "asset-management-service", "environment": "production", "message": "HTTP request completed", "userId": "anonymous", "endpoint": "/auth/login/json", "method": "POST", "statusCode": 200, "responseTime": 1073}
{"timestamp": "2026-04-01T07:23:05.378Z", "level": "INFO", "service": "asset-management-service", "environment": "production", "message": "HTTP request completed", "userId": "EMP-0079197A", "endpoint": "/stock/", "method": "GET", "statusCode": 200, "responseTime": 480}
{"timestamp": "2026-04-01T07:23:05.480Z", "level": "INFO", "service": "asset-management-service", "environment": "production", "message": "HTTP request completed", "userId": "EMP-0079197A", "endpoint": "/requests/", "method": "GET", "statusCode": 200, "responseTime": 1021}
{"timestamp": "2026-04-01T07:23:07.286Z", "level": "INFO", "service": "asset-management-service", "environment": "production", "message": "HTTP request completed", "userId": "EMP-0079197A", "endpoint": "/tracking/", "method": "GET", "statusCode": 200, "responseTime": 2594}
{"timestamp": "2026-04-01T07:23:25.229Z", "level": "INFO", "service": "asset-management-service", "environment": "production", "message": "HTTP request completed", "userId": "EMP-0079197A", "endpoint": "/onboarding-presets/", "method": "GET", "statusCode": 200, "responseTime": 473}
{"timestamp": "2026-04-01T07:23:28.786Z", "level": "INFO", "service": "asset-management-service", "environment": "production", "message": "HTTP request completed", "userId": "EMP-0079197A", "endpoint": "/tracking/", "method": "GET", "statusCode": 200, "responseTime": 1903}
{"timestamp": "2026-04-01T07:23:28.811Z", "level": "INFO", "service": "asset-management-service", "environment": "production", "message": "HTTP request completed", "userId": "EMP-0079197A", "endpoint": "/stock/", "method": "GET", "statusCode": 200, "responseTime": 513}
{"timestamp": "2026-04-01T07:23:32.563Z", "level": "INFO", "service": "asset-management-service", "environment": "production", "message": "HTTP request completed", "userId": "EMP-0079197A", "endpoint": "/requests/", "method": "GET", "statusCode": 200, "responseTime": 462}
{"timestamp": "2026-04-01T07:23:34.058Z", "level": "INFO", "service": "asset-management-service", "environment": "production", "message": "HTTP request completed", "userId": "EMP-0079197A", "endpoint": "/employees/EMP-0079197A/assets", "method": "GET", "statusCode": 200, "responseTime": 644}
{"timestamp": "2026-04-01T07:23:37.762Z", "level": "INFO", "service": "asset-management-service", "environment": "production", "message": "HTTP request completed", "userId": "EMP-0079197A", "endpoint": "/accounts/acknowledge/TRK-12D1AC3F", "method": "POST", "statusCode": 200, "responseTime": 1153}
{"timestamp": "2026-04-01T07:23:39.340Z", "level": "INFO", "service": "asset-management-service", "environment": "production", "message": "HTTP request completed", "userId": "EMP-0079197A", "endpoint": "/employees/EMP-0079197A/assets", "method": "GET", "statusCode": 200, "responseTime": 1559}
{"timestamp": "2026-04-01T07:23:40.808Z", "level": "INFO", "service": "asset-management-service", "environment": "production", "message": "HTTP request completed", "userId": "EMP-0079197A", "endpoint": "/stock/", "method": "GET", "statusCode": 200, "responseTime": 1783}
{"timestamp": "2026-04-01T07:23:41.161Z", "level": "INFO", "service": "asset-management-service", "environment": "production", "message": "HTTP request completed", "userId": "EMP-0079197A", "endpoint": "/requests/", "method": "GET", "statusCode": 200, "responseTime": 2879}
{"timestamp": "2026-04-01T07:23:41.271Z", "level": "INFO", "service": "asset-management-service", "environment": "production", "message": "HTTP request completed", "userId": "EMP-0079197A", "endpoint": "/employees/EMP-0079197A/assets", "method": "GET", "statusCode": 200, "responseTime": 1720}
{"timestamp": "2026-04-01T07:23:43.328Z", "level": "INFO", "service": "asset-management-service", "environment": "production", "message": "HTTP request completed", "userId": "EMP-0079197A", "endpoint": "/tracking/", "method": "GET", "statusCode": 200, "responseTime": 4558}
{"timestamp": "2026-04-01T07:23:45.605Z", "level": "INFO", "service": "asset-management-service", "environment": "production", "message": "HTTP request completed", "userId": "EMP-0079197A", "endpoint": "/requests/", "method": "GET", "statusCode": 200, "responseTime": 1339}
{"timestamp": "2026-04-01T07:23:45.720Z", "level": "INFO", "service": "asset-management-service", "environment": "production", "message": "HTTP request completed", "userId": "EMP-0079197A", "endpoint": "/stock/", "method": "GET", "statusCode": 200, "responseTime": 790}
{"timestamp": "2026-04-01T07:23:48.320Z", "level": "INFO", "service": "asset-management-service", "environment": "production", "message": "HTTP request completed", "userId": "EMP-0079197A", "endpoint": "/tracking/", "method": "GET", "statusCode": 200, "responseTime": 3635}
{"timestamp": "2026-04-01T07:23:49.925Z", "level": "INFO", "service": "asset-management-service", "environment": "production", "message": "HTTP request completed", "userId": "EMP-0079197A", "endpoint": "/stock/", "method": "GET", "statusCode": 200, "responseTime": 1209}
{"timestamp": "2026-04-01T07:24:10.294Z", "level": "INFO", "service": "asset-management-service", "environment": "production", "message": "HTTP request completed", "userId": "EMP-0079197A", "endpoint": "/employees/EMP-0079197A/assets", "method": "GET", "statusCode": 200, "responseTime": 619}
{"timestamp": "2026-04-01T07:24:12.405Z", "level": "INFO", "service": "asset-management-service", "environment": "production", "message": "HTTP request completed", "userId": "EMP-0079197A", "endpoint": "/stock/", "method": "GET", "statusCode": 200, "responseTime": 514}
{"timestamp": "2026-04-01T07:24:40.563Z", "level": "INFO", "service": "asset-management-service", "environment": "production", "message": "HTTP request completed", "userId": "EMP-0079197A", "endpoint": "/stock/", "method": "GET", "statusCode": 200, "responseTime": 494}
{"timestamp": "2026-04-01T07:24:46.019Z", "level": "INFO", "service": "asset-management-service", "environment": "production", "message": "HTTP request completed", "userId": "EMP-0079197A", "endpoint": "/requests/", "method": "GET", "statusCode": 200, "responseTime": 531}
{"timestamp": "2026-04-01T07:25:42.015Z", "level": "INFO", "service": "asset-management-service", "environment": "production", "message": "HTTP request completed", "userId": "EMP-0079197A", "endpoint": "/requests/", "method": "GET", "statusCode": 200, "responseTime": 420}
{"timestamp": "2026-04-01T07:25:52.981Z", "level": "INFO", "service": "asset-management-service", "environment": "production", "message": "Email sent", "userId": "system", "endpoint": "/notifications/email", "method": "SMTP", "statusCode": 200, "responseTime": 0}
{"timestamp": "2026-04-01T07:25:54.850Z", "level": "INFO", "service": "asset-management-service", "environment": "production", "message": "HTTP request completed", "userId": "EMP-0079197A", "endpoint": "/requests/", "method": "GET", "statusCode": 200, "responseTime": 444}
{"timestamp": "2026-04-01T07:25:56.800Z", "level": "INFO", "service": "asset-management-service", "environment": "production", "message": "Email sent", "userId": "system", "endpoint": "/notifications/email", "method": "SMTP", "statusCode": 200, "responseTime": 0}
{"timestamp": "2026-04-01T07:25:58.740Z", "level": "INFO", "service": "asset-management-service", "environment": "production", "message": "HTTP request completed", "userId": "EMP-0079197A", "endpoint": "/requests/", "method": "GET", "statusCode": 200, "responseTime": 529}
{"timestamp": "2026-04-01T07:26:00.597Z", "level": "INFO", "service": "asset-management-service", "environment": "production", "message": "Email sent", "userId": "system", "endpoint": "/notifications/email", "method": "SMTP", "statusCode": 200, "responseTime": 0}
{"timestamp": "2026-04-01T07:26:04.699Z", "level": "INFO", "service": "asset-management-service", "environment": "production", "message": "Email sent", "userId": "system", "endpoint": "/notifications/email", "method": "SMTP", "statusCode": 200, "responseTime": 0}
{"timestamp": "2026-04-01T07:26:09.560Z", "level": "INFO", "service": "asset-management-service", "environment": "production", "message": "Email sent", "userId": "system", "endpoint": "/notifications/email", "method": "SMTP", "statusCode": 200, "responseTime": 0}
{"timestamp": "2026-04-01T07:26:09.879Z", "level": "INFO", "service": "asset-management-service", "environment": "production", "message": "HTTP request completed", "userId": "EMP-0079197A", "endpoint": "/requests/", "method": "POST", "statusCode": 200, "responseTime": 21839}
{"timestamp": "2026-04-01T07:26:10.363Z", "level": "INFO", "service": "asset-management-service", "environment": "production", "message": "HTTP request completed", "userId": "EMP-0079197A", "endpoint": "/requests/", "method": "GET", "statusCode": 200, "responseTime": 468}
{"timestamp": "2026-04-01T07:26:13.558Z", "level": "INFO", "service": "asset-management-service", "environment": "production", "message": "HTTP request completed", "userId": "EMP-0079197A", "endpoint": "/auth/logout", "method": "POST", "statusCode": 200, "responseTime": 200}
{"timestamp": "2026-04-01T07:26:49.672Z", "level": "INFO", "service": "asset-management-service", "environment": "production", "message": "HTTP request completed", "userId": "anonymous", "endpoint": "/auth/login/json", "method": "POST", "statusCode": 200, "responseTime": 923}
{"timestamp": "2026-04-01T07:26:50.939Z", "level": "INFO", "service": "asset-management-service", "environment": "production", "message": "HTTP request completed", "userId": "ADMIN-001", "endpoint": "/accounts/summary", "method": "GET", "statusCode": 200, "responseTime": 675}
{"timestamp": "2026-04-01T07:26:50.950Z", "level": "INFO", "service": "asset-management-service", "environment": "production", "message": "HTTP request completed", "userId": "ADMIN-001", "endpoint": "/stock/", "method": "GET", "statusCode": 200, "responseTime": 480}
{"timestamp": "2026-04-01T07:26:50.993Z", "level": "INFO", "service": "asset-management-service", "environment": "production", "message": "HTTP request completed", "userId": "ADMIN-001", "endpoint": "/requests/", "method": "GET", "statusCode": 200, "responseTime": 1219}
{"timestamp": "2026-04-01T07:26:52.204Z", "level": "INFO", "service": "asset-management-service", "environment": "production", "message": "HTTP request completed", "userId": "ADMIN-001", "endpoint": "/employees/", "method": "GET", "statusCode": 200, "responseTime": 493}
{"timestamp": "2026-04-01T07:26:52.420Z", "level": "INFO", "service": "asset-management-service", "environment": "production", "message": "HTTP request completed", "userId": "ADMIN-001", "endpoint": "/tracking/", "method": "GET", "statusCode": 200, "responseTime": 2405}
{"timestamp": "2026-04-01T07:26:53.810Z", "level": "INFO", "service": "asset-management-service", "environment": "production", "message": "HTTP request completed", "userId": "ADMIN-001", "endpoint": "/stock/", "method": "GET", "statusCode": 200, "responseTime": 544}
{"timestamp": "2026-04-01T07:26:53.812Z", "level": "INFO", "service": "asset-management-service", "environment": "production", "message": "HTTP request completed", "userId": "ADMIN-001", "endpoint": "/onboarding-presets/", "method": "GET", "statusCode": 200, "responseTime": 800}
{"timestamp": "2026-04-01T07:27:35.501Z", "level": "INFO", "service": "asset-management-service", "environment": "production", "message": "HTTP request completed", "userId": "ADMIN-001", "endpoint": "/employees/register", "method": "POST", "statusCode": 201, "responseTime": 1369}
{"timestamp": "2026-04-01T07:27:36.043Z", "level": "INFO", "service": "asset-management-service", "environment": "production", "message": "HTTP request completed", "userId": "ADMIN-001", "endpoint": "/employees/", "method": "GET", "statusCode": 200, "responseTime": 528}
{"timestamp": "2026-04-01T07:27:59.205Z", "level": "INFO", "service": "asset-management-service", "environment": "production", "message": "HTTP request completed", "userId": "ADMIN-001", "endpoint": "/auth/logout", "method": "POST", "statusCode": 200, "responseTime": 221}
{"timestamp": "2026-04-01T07:28:05.094Z", "level": "INFO", "service": "asset-management-service", "environment": "production", "message": "HTTP request completed", "userId": "anonymous", "endpoint": "/auth/login/json", "method": "POST", "statusCode": 200, "responseTime": 973}
{"timestamp": "2026-04-01T07:28:06.236Z", "level": "INFO", "service": "asset-management-service", "environment": "production", "message": "HTTP request completed", "userId": "ADMIN-001", "endpoint": "/accounts/summary", "method": "GET", "statusCode": 200, "responseTime": 654}
{"timestamp": "2026-04-01T07:28:06.251Z", "level": "INFO", "service": "asset-management-service", "environment": "production", "message": "HTTP request completed", "userId": "ADMIN-001", "endpoint": "/stock/", "method": "GET", "statusCode": 200, "responseTime": 484}
{"timestamp": "2026-04-01T07:28:06.286Z", "level": "INFO", "service": "asset-management-service", "environment": "production", "message": "HTTP request completed", "userId": "ADMIN-001", "endpoint": "/requests/", "method": "GET", "statusCode": 200, "responseTime": 1121}
{"timestamp": "2026-04-01T07:28:07.651Z", "level": "INFO", "service": "asset-management-service", "environment": "production", "message": "HTTP request completed", "userId": "ADMIN-001", "endpoint": "/requests/", "method": "GET", "statusCode": 200, "responseTime": 428}
{"timestamp": "2026-04-01T07:28:07.693Z", "level": "INFO", "service": "asset-management-service", "environment": "production", "message": "HTTP request completed", "userId": "ADMIN-001", "endpoint": "/tracking/", "method": "GET", "statusCode": 200, "responseTime": 2309}
{"timestamp": "2026-04-01T07:28:20.175Z", "level": "INFO", "service": "asset-management-service", "environment": "production", "message": "HTTP request completed", "userId": "ADMIN-001", "endpoint": "/requests/REQ-905/review/manager", "method": "POST", "statusCode": 200, "responseTime": 909}
{"timestamp": "2026-04-01T07:28:20.701Z", "level": "INFO", "service": "asset-management-service", "environment": "production", "message": "HTTP request completed", "userId": "ADMIN-001", "endpoint": "/requests/", "method": "GET", "statusCode": 200, "responseTime": 506}
{"timestamp": "2026-04-01T07:28:24.556Z", "level": "WARNING", "service": "asset-management-service", "environment": "production", "message": "HTTP request completed with client error", "userId": "ADMIN-001", "endpoint": "/requests/REQ-905/execute", "method": "POST", "statusCode": 404, "responseTime": 650}
{"timestamp": "2026-04-01T07:28:38.392Z", "level": "INFO", "service": "asset-management-service", "environment": "production", "message": "HTTP request completed", "userId": "ADMIN-001", "endpoint": "/requests/", "method": "GET", "statusCode": 200, "responseTime": 536}
{"timestamp": "2026-04-01T07:28:41.386Z", "level": "INFO", "service": "asset-management-service", "environment": "production", "message": "HTTP request completed", "userId": "ADMIN-001", "endpoint": "/requests/", "method": "GET", "statusCode": 200, "responseTime": 556}
{"timestamp": "2026-04-01T07:28:46.651Z", "level": "INFO", "service": "asset-management-service", "environment": "production", "message": "HTTP request completed", "userId": "ADMIN-001", "endpoint": "/requests/REQ-905/execute", "method": "POST", "statusCode": 200, "responseTime": 1255}
{"timestamp": "2026-04-01T07:28:47.218Z", "level": "INFO", "service": "asset-management-service", "environment": "production", "message": "HTTP request completed", "userId": "ADMIN-001", "endpoint": "/requests/", "method": "GET", "statusCode": 200, "responseTime": 548}
{"timestamp": "2026-04-01T07:29:08.185Z", "level": "INFO", "service": "asset-management-service", "environment": "production", "message": "HTTP request completed", "userId": "ADMIN-001", "endpoint": "/requests/", "method": "GET", "statusCode": 200, "responseTime": 533}
{"timestamp": "2026-04-01T07:29:31.181Z", "level": "INFO", "service": "asset-management-service", "environment": "production", "message": "HTTP request completed", "userId": "ADMIN-001", "endpoint": "/auth/logout", "method": "POST", "statusCode": 200, "responseTime": 219}
{"timestamp": "2026-04-01T07:29:37.419Z", "level": "INFO", "service": "asset-management-service", "environment": "production", "message": "HTTP request completed", "userId": "anonymous", "endpoint": "/auth/login/json", "method": "POST", "statusCode": 200, "responseTime": 1057}
{"timestamp": "2026-04-01T07:29:38.519Z", "level": "INFO", "service": "asset-management-service", "environment": "production", "message": "HTTP request completed", "userId": "EMP-0079197A", "endpoint": "/stock/", "method": "GET", "statusCode": 200, "responseTime": 547}
{"timestamp": "2026-04-01T07:29:38.579Z", "level": "INFO", "service": "asset-management-service", "environment": "production", "message": "HTTP request completed", "userId": "EMP-0079197A", "endpoint": "/requests/", "method": "GET", "statusCode": 200, "responseTime": 1029}
{"timestamp": "2026-04-01T07:29:40.055Z", "level": "INFO", "service": "asset-management-service", "environment": "production", "message": "HTTP request completed", "userId": "EMP-0079197A", "endpoint": "/tracking/", "method": "GET", "statusCode": 200, "responseTime": 2295}
{"timestamp": "2026-04-01T07:29:40.725Z", "level": "INFO", "service": "asset-management-service", "environment": "production", "message": "HTTP request completed", "userId": "EMP-0079197A", "endpoint": "/employees/EMP-0079197A/assets", "method": "GET", "statusCode": 200, "responseTime": 587}
{"timestamp": "2026-04-01T07:29:45.238Z", "level": "INFO", "service": "asset-management-service", "environment": "production", "message": "HTTP request completed", "userId": "EMP-0079197A", "endpoint": "/requests/", "method": "GET", "statusCode": 200, "responseTime": 513}
{"timestamp": "2026-04-01T07:29:51.808Z", "level": "INFO", "service": "asset-management-service", "environment": "production", "message": "HTTP request completed", "userId": "EMP-0079197A", "endpoint": "/requests/", "method": "GET", "statusCode": 200, "responseTime": 528}
{"timestamp": "2026-04-01T07:30:07.700Z", "level": "INFO", "service": "asset-management-service", "environment": "production", "message": "HTTP request completed", "userId": "EMP-0079197A", "endpoint": "/stock/", "method": "GET", "statusCode": 200, "responseTime": 565}
{"timestamp": "2026-04-01T07:30:23.420Z", "level": "INFO", "service": "asset-management-service", "environment": "production", "message": "HTTP request completed", "userId": "EMP-0079197A", "endpoint": "/auth/logout", "method": "POST", "statusCode": 200, "responseTime": 199}
{"timestamp": "2026-04-01T07:30:35.953Z", "level": "INFO", "service": "asset-management-service", "environment": "production", "message": "HTTP request completed", "userId": "anonymous", "endpoint": "/auth/login/json", "method": "POST", "statusCode": 200, "responseTime": 1068}
{"timestamp": "2026-04-01T07:30:36.779Z", "level": "INFO", "service": "asset-management-service", "environment": "production", "message": "HTTP request completed", "userId": "EMP-1E56F784", "endpoint": "/requests/", "method": "GET", "statusCode": 200, "responseTime": 721}
{"timestamp": "2026-04-01T07:30:37.042Z", "level": "INFO", "service": "asset-management-service", "environment": "production", "message": "HTTP request completed", "userId": "EMP-1E56F784", "endpoint": "/tracking/", "method": "GET", "statusCode": 200, "responseTime": 763}
{"timestamp": "2026-04-01T07:30:39.334Z", "level": "INFO", "service": "asset-management-service", "environment": "production", "message": "HTTP request completed", "userId": "EMP-1E56F784", "endpoint": "/requests/", "method": "GET", "statusCode": 200, "responseTime": 460}
{"timestamp": "2026-04-01T07:31:20.781Z", "level": "INFO", "service": "asset-management-service", "environment": "production", "message": "HTTP request completed", "userId": "EMP-1E56F784", "endpoint": "/requests/", "method": "GET", "statusCode": 200, "responseTime": 506}
{"timestamp": "2026-04-01T07:31:29.436Z", "level": "INFO", "service": "asset-management-service", "environment": "production", "message": "HTTP request completed", "userId": "EMP-1E56F784", "endpoint": "/requests/", "method": "GET", "statusCode": 200, "responseTime": 517}
{"timestamp": "2026-04-01T07:31:45.176Z", "level": "INFO", "service": "asset-management-service", "environment": "production", "message": "HTTP request completed", "userId": "EMP-1E56F784", "endpoint": "/requests/", "method": "GET", "statusCode": 200, "responseTime": 515}
{"timestamp": "2026-04-01T07:32:00.865Z", "level": "INFO", "service": "asset-management-service", "environment": "production", "message": "Email sent", "userId": "system", "endpoint": "/notifications/email", "method": "SMTP", "statusCode": 200, "responseTime": 0}
{"timestamp": "2026-04-01T07:32:05.375Z", "level": "INFO", "service": "asset-management-service", "environment": "production", "message": "HTTP request completed", "userId": "EMP-1E56F784", "endpoint": "/requests/", "method": "GET", "statusCode": 200, "responseTime": 481}
{"timestamp": "2026-04-01T07:32:05.579Z", "level": "INFO", "service": "asset-management-service", "environment": "production", "message": "Email sent", "userId": "system", "endpoint": "/notifications/email", "method": "SMTP", "statusCode": 200, "responseTime": 0}
{"timestamp": "2026-04-01T07:32:09.730Z", "level": "INFO", "service": "asset-management-service", "environment": "production", "message": "Email sent", "userId": "system", "endpoint": "/notifications/email", "method": "SMTP", "statusCode": 200, "responseTime": 0}
{"timestamp": "2026-04-01T07:32:11.505Z", "level": "INFO", "service": "asset-management-service", "environment": "production", "message": "HTTP request completed", "userId": "EMP-1E56F784", "endpoint": "/auth/logout", "method": "POST", "statusCode": 200, "responseTime": 200}
{"timestamp": "2026-04-01T07:32:13.477Z", "level": "INFO", "service": "asset-management-service", "environment": "production", "message": "Email sent", "userId": "system", "endpoint": "/notifications/email", "method": "SMTP", "statusCode": 200, "responseTime": 0}
{"timestamp": "2026-04-01T07:32:17.375Z", "level": "INFO", "service": "asset-management-service", "environment": "production", "message": "HTTP request completed", "userId": "anonymous", "endpoint": "/auth/login/json", "method": "POST", "statusCode": 200, "responseTime": 1039}
{"timestamp": "2026-04-01T07:32:17.505Z", "level": "INFO", "service": "asset-management-service", "environment": "production", "message": "Email sent", "userId": "system", "endpoint": "/notifications/email", "method": "SMTP", "statusCode": 200, "responseTime": 0}
{"timestamp": "2026-04-01T07:32:18.587Z", "level": "INFO", "service": "asset-management-service", "environment": "production", "message": "HTTP request completed", "userId": "ADMIN-001", "endpoint": "/stock/", "method": "GET", "statusCode": 200, "responseTime": 616}
{"timestamp": "2026-04-01T07:32:18.621Z", "level": "INFO", "service": "asset-management-service", "environment": "production", "message": "HTTP request completed", "userId": "ADMIN-001", "endpoint": "/requests/", "method": "GET", "statusCode": 200, "responseTime": 1136}
{"timestamp": "2026-04-01T07:32:18.969Z", "level": "INFO", "service": "asset-management-service", "environment": "production", "message": "HTTP request completed", "userId": "ADMIN-001", "endpoint": "/accounts/summary", "method": "GET", "statusCode": 200, "responseTime": 809}
{"timestamp": "2026-04-01T07:32:20.004Z", "level": "INFO", "service": "asset-management-service", "environment": "production", "message": "HTTP request completed", "userId": "ADMIN-001", "endpoint": "/tracking/", "method": "GET", "statusCode": 200, "responseTime": 2268}
{"timestamp": "2026-04-01T07:32:20.018Z", "level": "INFO", "service": "asset-management-service", "environment": "production", "message": "HTTP request completed", "userId": "ADMIN-001", "endpoint": "/requests/", "method": "GET", "statusCode": 200, "responseTime": 493}
{"timestamp": "2026-04-01T07:32:21.275Z", "level": "INFO", "service": "asset-management-service", "environment": "production", "message": "Email sent", "userId": "system", "endpoint": "/notifications/email", "method": "SMTP", "statusCode": 200, "responseTime": 0}
{"timestamp": "2026-04-01T07:32:25.384Z", "level": "INFO", "service": "asset-management-service", "environment": "production", "message": "Email sent", "userId": "system", "endpoint": "/notifications/email", "method": "SMTP", "statusCode": 200, "responseTime": 0}
{"timestamp": "2026-04-01T07:32:25.740Z", "level": "INFO", "service": "asset-management-service", "environment": "production", "message": "HTTP request completed", "userId": "EMP-1E56F784", "endpoint": "/requests/", "method": "POST", "statusCode": 200, "responseTime": 29188}
{"timestamp": "2026-04-01T07:32:26.191Z", "level": "INFO", "service": "asset-management-service", "environment": "production", "message": "HTTP request completed", "userId": "ADMIN-001", "endpoint": "/requests/", "method": "GET", "statusCode": 200, "responseTime": 425}
{"timestamp": "2026-04-01T07:32:30.697Z", "level": "INFO", "service": "asset-management-service", "environment": "production", "message": "HTTP request completed", "userId": "ADMIN-001", "endpoint": "/requests/", "method": "GET", "statusCode": 200, "responseTime": 574}
{"timestamp": "2026-04-01T07:32:43.670Z", "level": "WARNING", "service": "asset-management-service", "environment": "production", "message": "HTTP request completed with client error", "userId": "ADMIN-001", "endpoint": "/requests/REQ-8969944A/review/hr", "method": "POST", "statusCode": 404, "responseTime": 468}
{"timestamp": "2026-04-01T07:32:44.437Z", "level": "INFO", "service": "asset-management-service", "environment": "production", "message": "Email sent", "userId": "system", "endpoint": "/notifications/email", "method": "SMTP", "statusCode": 200, "responseTime": 0}
{"timestamp": "2026-04-01T07:32:46.903Z", "level": "WARNING", "service": "asset-management-service", "environment": "production", "message": "HTTP request completed with client error", "userId": "ADMIN-001", "endpoint": "/requests/REQ-8969944A/review/hr", "method": "POST", "statusCode": 404, "responseTime": 438}
{"timestamp": "2026-04-01T07:32:48.440Z", "level": "INFO", "service": "asset-management-service", "environment": "production", "message": "Email sent", "userId": "system", "endpoint": "/notifications/email", "method": "SMTP", "statusCode": 200, "responseTime": 0}
{"timestamp": "2026-04-01T07:32:48.790Z", "level": "INFO", "service": "asset-management-service", "environment": "production", "message": "HTTP request completed", "userId": "ADMIN-001", "endpoint": "/requests/REQ-8969944A/review/hr", "method": "POST", "statusCode": 200, "responseTime": 8665}
{"timestamp": "2026-04-01T07:32:49.289Z", "level": "INFO", "service": "asset-management-service", "environment": "production", "message": "HTTP request completed", "userId": "ADMIN-001", "endpoint": "/requests/", "method": "GET", "statusCode": 200, "responseTime": 481}
{"timestamp": "2026-04-01T07:32:55.290Z", "level": "INFO", "service": "asset-management-service", "environment": "production", "message": "HTTP request completed", "userId": "ADMIN-001", "endpoint": "/requests/REQ-8969944A/triage", "method": "POST", "statusCode": 200, "responseTime": 892}
{"timestamp": "2026-04-01T07:32:55.781Z", "level": "INFO", "service": "asset-management-service", "environment": "production", "message": "HTTP request completed", "userId": "ADMIN-001", "endpoint": "/requests/", "method": "GET", "statusCode": 200, "responseTime": 476}
{"timestamp": "2026-04-01T07:33:03.108Z", "level": "INFO", "service": "asset-management-service", "environment": "production", "message": "HTTP request completed", "userId": "ADMIN-001", "endpoint": "/requests/", "method": "GET", "statusCode": 200, "responseTime": 468}
{"timestamp": "2026-04-01T07:33:10.219Z", "level": "INFO", "service": "asset-management-service", "environment": "production", "message": "Email sent", "userId": "system", "endpoint": "/notifications/email", "method": "SMTP", "statusCode": 200, "responseTime": 0}
{"timestamp": "2026-04-01T07:33:10.559Z", "level": "INFO", "service": "asset-management-service", "environment": "production", "message": "HTTP request completed", "userId": "ADMIN-001", "endpoint": "/requests/REQ-8969944A/execute", "method": "POST", "statusCode": 200, "responseTime": 5482}
{"timestamp": "2026-04-01T07:33:11.040Z", "level": "INFO", "service": "asset-management-service", "environment": "production", "message": "HTTP request completed", "userId": "ADMIN-001", "endpoint": "/requests/", "method": "GET", "statusCode": 200, "responseTime": 467}
{"timestamp": "2026-04-01T07:34:05.993Z", "level": "INFO", "service": "asset-management-service", "environment": "production", "message": "HTTP request completed", "userId": "ADMIN-001", "endpoint": "/requests/", "method": "GET", "statusCode": 200, "responseTime": 496}
{"timestamp": "2026-04-01T07:34:13.494Z", "level": "INFO", "service": "asset-management-service", "environment": "production", "message": "HTTP request completed", "userId": "ADMIN-001", "endpoint": "/employees/", "method": "GET", "statusCode": 200, "responseTime": 482}
{"timestamp": "2026-04-01T07:34:18.340Z", "level": "INFO", "service": "asset-management-service", "environment": "production", "message": "HTTP request completed", "userId": "ADMIN-001", "endpoint": "/auth/logout", "method": "POST", "statusCode": 200, "responseTime": 216}
{"timestamp": "2026-04-01T07:36:02.775Z", "level": "INFO", "service": "asset-management-service", "environment": "production", "message": "HTTP request completed", "userId": "anonymous", "endpoint": "/auth/login/json", "method": "POST", "statusCode": 200, "responseTime": 1054}
{"timestamp": "2026-04-01T07:36:03.606Z", "level": "INFO", "service": "asset-management-service", "environment": "production", "message": "HTTP request completed", "userId": "EMP-1E56F784", "endpoint": "/requests/", "method": "GET", "statusCode": 200, "responseTime": 765}
{"timestamp": "2026-04-01T07:36:03.963Z", "level": "INFO", "service": "asset-management-service", "environment": "production", "message": "HTTP request completed", "userId": "EMP-1E56F784", "endpoint": "/tracking/", "method": "GET", "statusCode": 200, "responseTime": 865}
{"timestamp": "2026-04-01T07:36:05.550Z", "level": "INFO", "service": "asset-management-service", "environment": "production", "message": "HTTP request completed", "userId": "EMP-1E56F784", "endpoint": "/requests/", "method": "GET", "statusCode": 200, "responseTime": 552}
{"timestamp": "2026-04-01T07:36:36.826Z", "level": "INFO", "service": "asset-management-service", "environment": "production", "message": "Email sent", "userId": "system", "endpoint": "/notifications/email", "method": "SMTP", "statusCode": 200, "responseTime": 0}
{"timestamp": "2026-04-01T07:36:37.287Z", "level": "INFO", "service": "asset-management-service", "environment": "production", "message": "HTTP request completed", "userId": "EMP-1E56F784", "endpoint": "/requests/", "method": "GET", "statusCode": 200, "responseTime": 471}
{"timestamp": "2026-04-01T07:36:38.919Z", "level": "INFO", "service": "asset-management-service", "environment": "production", "message": "HTTP request completed", "userId": "EMP-1E56F784", "endpoint": "/requests/", "method": "GET", "statusCode": 200, "responseTime": 481}
{"timestamp": "2026-04-01T07:36:40.825Z", "level": "INFO", "service": "asset-management-service", "environment": "production", "message": "Email sent", "userId": "system", "endpoint": "/notifications/email", "method": "SMTP", "statusCode": 200, "responseTime": 0}
{"timestamp": "2026-04-01T07:36:42.536Z", "level": "INFO", "service": "asset-management-service", "environment": "production", "message": "HTTP request completed", "userId": "EMP-1E56F784", "endpoint": "/auth/logout", "method": "POST", "statusCode": 200, "responseTime": 181}
{"timestamp": "2026-04-01T07:36:44.505Z", "level": "INFO", "service": "asset-management-service", "environment": "production", "message": "Email sent", "userId": "system", "endpoint": "/notifications/email", "method": "SMTP", "statusCode": 200, "responseTime": 0}
{"timestamp": "2026-04-01T07:36:47.442Z", "level": "INFO", "service": "asset-management-service", "environment": "production", "message": "HTTP request completed", "userId": "anonymous", "endpoint": "/auth/login/json", "method": "POST", "statusCode": 200, "responseTime": 1043}
{"timestamp": "2026-04-01T07:36:48.305Z", "level": "INFO", "service": "asset-management-service", "environment": "production", "message": "Email sent", "userId": "system", "endpoint": "/notifications/email", "method": "SMTP", "statusCode": 200, "responseTime": 0}
{"timestamp": "2026-04-01T07:36:48.786Z", "level": "INFO", "service": "asset-management-service", "environment": "production", "message": "HTTP request completed", "userId": "ADMIN-001", "endpoint": "/requests/", "method": "GET", "statusCode": 200, "responseTime": 1246}
{"timestamp": "2026-04-01T07:36:48.805Z", "level": "INFO", "service": "asset-management-service", "environment": "production", "message": "HTTP request completed", "userId": "ADMIN-001", "endpoint": "/accounts/summary", "method": "GET", "statusCode": 200, "responseTime": 808}
{"timestamp": "2026-04-01T07:36:48.820Z", "level": "INFO", "service": "asset-management-service", "environment": "production", "message": "HTTP request completed", "userId": "ADMIN-001", "endpoint": "/stock/", "method": "GET", "statusCode": 200, "responseTime": 560}
{"timestamp": "2026-04-01T07:36:50.612Z", "level": "INFO", "service": "asset-management-service", "environment": "production", "message": "HTTP request completed", "userId": "ADMIN-001", "endpoint": "/tracking/", "method": "GET", "statusCode": 200, "responseTime": 2820}
{"timestamp": "2026-04-01T07:36:51.580Z", "level": "INFO", "service": "asset-management-service", "environment": "production", "message": "HTTP request completed", "userId": "ADMIN-001", "endpoint": "/requests/", "method": "GET", "statusCode": 200, "responseTime": 516}
{"timestamp": "2026-04-01T07:36:51.990Z", "level": "INFO", "service": "asset-management-service", "environment": "production", "message": "Email sent", "userId": "system", "endpoint": "/notifications/email", "method": "SMTP", "statusCode": 200, "responseTime": 0}
{"timestamp": "2026-04-01T07:36:55.884Z", "level": "INFO", "service": "asset-management-service", "environment": "production", "message": "Email sent", "userId": "system", "endpoint": "/notifications/email", "method": "SMTP", "statusCode": 200, "responseTime": 0}
{"timestamp": "2026-04-01T07:37:00.275Z", "level": "INFO", "service": "asset-management-service", "environment": "production", "message": "Email sent", "userId": "system", "endpoint": "/notifications/email", "method": "SMTP", "statusCode": 200, "responseTime": 0}
{"timestamp": "2026-04-01T07:37:00.655Z", "level": "INFO", "service": "asset-management-service", "environment": "production", "message": "HTTP request completed", "userId": "EMP-1E56F784", "endpoint": "/requests/", "method": "POST", "statusCode": 200, "responseTime": 28278}
{"timestamp": "2026-04-01T07:37:01.199Z", "level": "INFO", "service": "asset-management-service", "environment": "production", "message": "HTTP request completed", "userId": "ADMIN-001", "endpoint": "/requests/", "method": "GET", "statusCode": 200, "responseTime": 526}
{"timestamp": "2026-04-01T07:37:03.655Z", "level": "INFO", "service": "asset-management-service", "environment": "production", "message": "Email sent", "userId": "system", "endpoint": "/notifications/email", "method": "SMTP", "statusCode": 200, "responseTime": 0}
{"timestamp": "2026-04-01T07:37:07.460Z", "level": "INFO", "service": "asset-management-service", "environment": "production", "message": "Email sent", "userId": "system", "endpoint": "/notifications/email", "method": "SMTP", "statusCode": 200, "responseTime": 0}
{"timestamp": "2026-04-01T07:37:07.925Z", "level": "INFO", "service": "asset-management-service", "environment": "production", "message": "HTTP request completed", "userId": "ADMIN-001", "endpoint": "/requests/REQ-FDA6F1F7/review/hr", "method": "POST", "statusCode": 200, "responseTime": 8602}
{"timestamp": "2026-04-01T07:37:08.382Z", "level": "INFO", "service": "asset-management-service", "environment": "production", "message": "HTTP request completed", "userId": "ADMIN-001", "endpoint": "/requests/", "method": "GET", "statusCode": 200, "responseTime": 442}
{"timestamp": "2026-04-01T07:37:27.601Z", "level": "INFO", "service": "asset-management-service", "environment": "production", "message": "HTTP request completed", "userId": "ADMIN-001", "endpoint": "/requests/REQ-FDA6F1F7/triage", "method": "POST", "statusCode": 200, "responseTime": 973}
{"timestamp": "2026-04-01T07:37:28.085Z", "level": "INFO", "service": "asset-management-service", "environment": "production", "message": "HTTP request completed", "userId": "ADMIN-001", "endpoint": "/requests/", "method": "GET", "statusCode": 200, "responseTime": 462}
{"timestamp": "2026-04-01T07:37:38.441Z", "level": "WARNING", "service": "asset-management-service", "environment": "production", "message": "HTTP request completed with client error", "userId": "ADMIN-001", "endpoint": "/requests/REQ-FDA6F1F7/execute", "method": "POST", "statusCode": 400, "responseTime": 465}
{"timestamp": "2026-04-01T07:37:38.904Z", "level": "INFO", "service": "asset-management-service", "environment": "production", "message": "Email sent", "userId": "system", "endpoint": "/notifications/email", "method": "SMTP", "statusCode": 200, "responseTime": 0}
{"timestamp": "2026-04-01T07:37:39.256Z", "level": "INFO", "service": "asset-management-service", "environment": "production", "message": "HTTP request completed", "userId": "ADMIN-001", "endpoint": "/requests/REQ-FDA6F1F7/execute", "method": "POST", "statusCode": 200, "responseTime": 5419}
{"timestamp": "2026-04-01T07:37:39.871Z", "level": "INFO", "service": "asset-management-service", "environment": "production", "message": "HTTP request completed", "userId": "ADMIN-001", "endpoint": "/requests/", "method": "GET", "statusCode": 200, "responseTime": 598}
{"timestamp": "2026-04-01T07:38:34.072Z", "level": "INFO", "service": "asset-management-service", "environment": "production", "message": "HTTP request completed", "userId": "ADMIN-001", "endpoint": "/requests/", "method": "GET", "statusCode": 200, "responseTime": 462}
{"timestamp": "2026-04-01T07:38:56.441Z", "level": "INFO", "service": "asset-management-service", "environment": "production", "message": "HTTP request completed", "userId": "ADMIN-001", "endpoint": "/requests/", "method": "GET", "statusCode": 200, "responseTime": 475}
{"timestamp": "2026-04-01T08:00:19.875Z", "level": "INFO", "service": "asset-management-service", "environment": "production", "message": "HTTP request completed", "userId": "ADMIN-001", "endpoint": "/tracking/", "method": "GET", "statusCode": 200, "responseTime": 2436}
{"timestamp": "2026-04-01T08:00:21.801Z", "level": "INFO", "service": "asset-management-service", "environment": "production", "message": "HTTP request completed", "userId": "ADMIN-001", "endpoint": "/requests/", "method": "GET", "statusCode": 200, "responseTime": 797}
{"timestamp": "2026-04-01T08:00:23.840Z", "level": "INFO", "service": "asset-management-service", "environment": "production", "message": "HTTP request completed", "userId": "ADMIN-001", "endpoint": "/requests/", "method": "GET", "statusCode": 200, "responseTime": 755}
{"timestamp": "2026-04-01T08:07:22.116Z", "level": "WARNING", "service": "asset-management-service", "environment": "production", "message": "HTTP request completed with client error", "userId": "anonymous", "endpoint": "/requests/", "method": "GET", "statusCode": 401, "responseTime": 6}
{"timestamp": "2026-04-01T08:07:55.612Z", "level": "WARNING", "service": "asset-management-service", "environment": "production", "message": "HTTP request completed with client error", "userId": "anonymous", "endpoint": "/requests/", "method": "GET", "statusCode": 401, "responseTime": 6}
{"timestamp": "2026-04-01T08:07:57.642Z", "level": "WARNING", "service": "asset-management-service", "environment": "production", "message": "HTTP request completed with client error", "userId": "anonymous", "endpoint": "/requests/", "method": "GET", "statusCode": 401, "responseTime": 2}
{"timestamp": "2026-04-01T08:08:01.775Z", "level": "WARNING", "service": "asset-management-service", "environment": "production", "message": "HTTP request completed with client error", "userId": "anonymous", "endpoint": "/requests/", "method": "GET", "statusCode": 401, "responseTime": 118}
{"timestamp": "2026-04-01T08:08:09.370Z", "level": "WARNING", "service": "asset-management-service", "environment": "production", "message": "HTTP request completed with client error", "userId": "anonymous", "endpoint": "/requests/", "method": "GET", "statusCode": 401, "responseTime": 4}
{"timestamp": "2026-04-01T08:08:10.391Z", "level": "WARNING", "service": "asset-management-service", "environment": "production", "message": "HTTP request completed with client error", "userId": "anonymous", "endpoint": "/requests/", "method": "GET", "statusCode": 401, "responseTime": 3}
{"timestamp": "2026-04-01T08:08:10.871Z", "level": "INFO", "service": "asset-management-service", "environment": "production", "message": "HTTP request completed", "userId": "anonymous", "endpoint": "/auth/logout", "method": "POST", "statusCode": 200, "responseTime": 1}
{"timestamp": "2026-04-01T08:08:13.419Z", "level": "INFO", "service": "asset-management-service", "environment": "production", "message": "HTTP request completed", "userId": "anonymous", "endpoint": "/auth/login/json", "method": "POST", "statusCode": 200, "responseTime": 1055}
{"timestamp": "2026-04-01T08:08:14.754Z", "level": "INFO", "service": "asset-management-service", "environment": "production", "message": "HTTP request completed", "userId": "ADMIN-001", "endpoint": "/requests/", "method": "GET", "statusCode": 200, "responseTime": 1268}
{"timestamp": "2026-04-01T08:08:16.206Z", "level": "INFO", "service": "asset-management-service", "environment": "production", "message": "HTTP request completed", "userId": "ADMIN-001", "endpoint": "/stock/", "method": "GET", "statusCode": 200, "responseTime": 2231}
{"timestamp": "2026-04-01T08:08:16.206Z", "level": "INFO", "service": "asset-management-service", "environment": "production", "message": "HTTP request completed", "userId": "ADMIN-001", "endpoint": "/accounts/summary", "method": "GET", "statusCode": 200, "responseTime": 1999}
{"timestamp": "2026-04-01T08:08:16.490Z", "level": "INFO", "service": "asset-management-service", "environment": "production", "message": "HTTP request completed", "userId": "ADMIN-001", "endpoint": "/requests/", "method": "GET", "statusCode": 200, "responseTime": 529}
{"timestamp": "2026-04-01T08:08:17.626Z", "level": "INFO", "service": "asset-management-service", "environment": "production", "message": "HTTP request completed", "userId": "ADMIN-001", "endpoint": "/tracking/", "method": "GET", "statusCode": 200, "responseTime": 3886}
{"timestamp": "2026-04-01T08:08:51.152Z", "level": "INFO", "service": "asset-management-service", "environment": "production", "message": "HTTP request completed", "userId": "ADMIN-001", "endpoint": "/requests/", "method": "GET", "statusCode": 200, "responseTime": 541}
{"timestamp": "2026-04-01T08:08:52.559Z", "level": "INFO", "service": "asset-management-service", "environment": "production", "message": "HTTP request completed", "userId": "ADMIN-001", "endpoint": "/auth/logout", "method": "POST", "statusCode": 200, "responseTime": 256}
{"timestamp": "2026-04-01T08:08:57.461Z", "level": "INFO", "service": "asset-management-service", "environment": "production", "message": "HTTP request completed", "userId": "anonymous", "endpoint": "/auth/login/json", "method": "POST", "statusCode": 200, "responseTime": 801}
{"timestamp": "2026-04-01T08:08:58.549Z", "level": "INFO", "service": "asset-management-service", "environment": "production", "message": "HTTP request completed", "userId": "EMP-FE804DD8", "endpoint": "/stock/", "method": "GET", "statusCode": 200, "responseTime": 505}
{"timestamp": "2026-04-01T08:08:58.552Z", "level": "INFO", "service": "asset-management-service", "environment": "production", "message": "HTTP request completed", "userId": "EMP-FE804DD8", "endpoint": "/requests/", "method": "GET", "statusCode": 200, "responseTime": 951}
{"timestamp": "2026-04-01T08:08:58.844Z", "level": "INFO", "service": "asset-management-service", "environment": "production", "message": "HTTP request completed", "userId": "EMP-FE804DD8", "endpoint": "/tracking/", "method": "GET", "statusCode": 200, "responseTime": 1006}
{"timestamp": "2026-04-01T08:09:00.719Z", "level": "INFO", "service": "asset-management-service", "environment": "production", "message": "HTTP request completed", "userId": "EMP-FE804DD8", "endpoint": "/requests/", "method": "GET", "statusCode": 200, "responseTime": 461}
{"timestamp": "2026-04-01T08:09:19.005Z", "level": "INFO", "service": "asset-management-service", "environment": "production", "message": "HTTP request completed", "userId": "EMP-FE804DD8", "endpoint": "/requests/", "method": "GET", "statusCode": 200, "responseTime": 3012}
{"timestamp": "2026-04-01T08:09:27.319Z", "level": "INFO", "service": "asset-management-service", "environment": "production", "message": "HTTP request completed", "userId": "EMP-FE804DD8", "endpoint": "/requests/", "method": "GET", "statusCode": 200, "responseTime": 1087}
{"timestamp": "2026-04-01T08:11:27.710Z", "level": "INFO", "service": "asset-management-service", "environment": "production", "message": "HTTP request completed", "userId": "EMP-FE804DD8", "endpoint": "/requests/", "method": "GET", "statusCode": 200, "responseTime": 528}
{"timestamp": "2026-04-01T08:11:35.476Z", "level": "INFO", "service": "asset-management-service", "environment": "production", "message": "HTTP request completed", "userId": "EMP-FE804DD8", "endpoint": "/requests/", "method": "GET", "statusCode": 200, "responseTime": 742}
{"timestamp": "2026-04-01T08:12:06.288Z", "level": "INFO", "service": "asset-management-service", "environment": "production", "message": "HTTP request completed", "userId": "EMP-FE804DD8", "endpoint": "/requests/", "method": "GET", "statusCode": 200, "responseTime": 646}
{"timestamp": "2026-04-01T08:12:15.245Z", "level": "INFO", "service": "asset-management-service", "environment": "production", "message": "HTTP request completed", "userId": "EMP-FE804DD8", "endpoint": "/requests/", "method": "GET", "statusCode": 200, "responseTime": 457}
{"timestamp": "2026-04-01T08:12:51.423Z", "level": "INFO", "service": "asset-management-service", "environment": "production", "message": "Email sent", "userId": "system", "endpoint": "/notifications/email", "method": "SMTP", "statusCode": 200, "responseTime": 0}
{"timestamp": "2026-04-01T08:12:52.786Z", "level": "WARNING", "service": "asset-management-service", "environment": "production", "message": "HTTP request completed with client error", "userId": "EMP-FE804DD8", "endpoint": "/requests/REQ-D749ABBE/review/hr", "method": "POST", "statusCode": 404, "responseTime": 843}
{"timestamp": "2026-04-01T08:12:55.011Z", "level": "INFO", "service": "asset-management-service", "environment": "production", "message": "Email sent", "userId": "system", "endpoint": "/notifications/email", "method": "SMTP", "statusCode": 200, "responseTime": 0}
{"timestamp": "2026-04-01T08:12:55.319Z", "level": "INFO", "service": "asset-management-service", "environment": "production", "message": "HTTP request completed", "userId": "EMP-FE804DD8", "endpoint": "/requests/REQ-D749ABBE/review/hr", "method": "POST", "statusCode": 200, "responseTime": 8571}
{"timestamp": "2026-04-01T08:12:55.793Z", "level": "INFO", "service": "asset-management-service", "environment": "production", "message": "HTTP request completed", "userId": "EMP-FE804DD8", "endpoint": "/requests/", "method": "GET", "statusCode": 200, "responseTime": 458}
{"timestamp": "2026-04-01T08:13:26.383Z", "level": "INFO", "service": "asset-management-service", "environment": "production", "message": "HTTP request completed", "userId": "EMP-FE804DD8", "endpoint": "/requests/", "method": "GET", "statusCode": 200, "responseTime": 627}
{"timestamp": "2026-04-01T08:13:52.523Z", "level": "INFO", "service": "asset-management-service", "environment": "production", "message": "HTTP request completed", "userId": "EMP-FE804DD8", "endpoint": "/requests/", "method": "GET", "statusCode": 200, "responseTime": 437}
{"timestamp": "2026-04-01T08:15:41.003Z", "level": "INFO", "service": "asset-management-service", "environment": "production", "message": "HTTP request completed", "userId": "EMP-FE804DD8", "endpoint": "/requests/", "method": "GET", "statusCode": 200, "responseTime": 612}
{"timestamp": "2026-04-01T08:15:49.614Z", "level": "INFO", "service": "asset-management-service", "environment": "production", "message": "Email sent", "userId": "system", "endpoint": "/notifications/email", "method": "SMTP", "statusCode": 200, "responseTime": 0}
{"timestamp": "2026-04-01T08:15:52.911Z", "level": "INFO", "service": "asset-management-service", "environment": "production", "message": "Email sent", "userId": "system", "endpoint": "/notifications/email", "method": "SMTP", "statusCode": 200, "responseTime": 0}
{"timestamp": "2026-04-01T08:15:53.232Z", "level": "INFO", "service": "asset-management-service", "environment": "production", "message": "HTTP request completed", "userId": "EMP-FE804DD8", "endpoint": "/requests/REQ-4BDC4F22/review/hr", "method": "POST", "statusCode": 200, "responseTime": 7753}
{"timestamp": "2026-04-01T08:15:53.699Z", "level": "INFO", "service": "asset-management-service", "environment": "production", "message": "HTTP request completed", "userId": "EMP-FE804DD8", "endpoint": "/requests/", "method": "GET", "statusCode": 200, "responseTime": 456}
{"timestamp": "2026-04-01T08:15:57.220Z", "level": "INFO", "service": "asset-management-service", "environment": "production", "message": "HTTP request completed", "userId": "EMP-FE804DD8", "endpoint": "/auth/logout", "method": "POST", "statusCode": 200, "responseTime": 188}
{"timestamp": "2026-04-01T08:16:08.793Z", "level": "INFO", "service": "asset-management-service", "environment": "production", "message": "HTTP request completed", "userId": "anonymous", "endpoint": "/auth/login/json", "method": "POST", "statusCode": 200, "responseTime": 919}
{"timestamp": "2026-04-01T08:16:09.832Z", "level": "INFO", "service": "asset-management-service", "environment": "production", "message": "HTTP request completed", "userId": "EMP-1E56F784", "endpoint": "/requests/", "method": "GET", "statusCode": 200, "responseTime": 949}
{"timestamp": "2026-04-01T08:16:10.689Z", "level": "INFO", "service": "asset-management-service", "environment": "production", "message": "HTTP request completed", "userId": "EMP-1E56F784", "endpoint": "/tracking/", "method": "GET", "statusCode": 200, "responseTime": 1558}
{"timestamp": "2026-04-01T08:16:11.810Z", "level": "INFO", "service": "asset-management-service", "environment": "production", "message": "HTTP request completed", "userId": "EMP-1E56F784", "endpoint": "/requests/", "method": "GET", "statusCode": 200, "responseTime": 532}
{"timestamp": "2026-04-01T08:16:17.190Z", "level": "INFO", "service": "asset-management-service", "environment": "production", "message": "HTTP request completed", "userId": "EMP-1E56F784", "endpoint": "/requests/", "method": "GET", "statusCode": 200, "responseTime": 531}
{"timestamp": "2026-04-01T08:16:52.069Z", "level": "INFO", "service": "asset-management-service", "environment": "production", "message": "HTTP request completed", "userId": "EMP-1E56F784", "endpoint": "/requests/", "method": "GET", "statusCode": 200, "responseTime": 612}
{"timestamp": "2026-04-01T08:16:53.015Z", "level": "INFO", "service": "asset-management-service", "environment": "production", "message": "HTTP request completed", "userId": "EMP-1E56F784", "endpoint": "/auth/logout", "method": "POST", "statusCode": 200, "responseTime": 230}
{"timestamp": "2026-04-01T08:16:57.970Z", "level": "INFO", "service": "asset-management-service", "environment": "production", "message": "HTTP request completed", "userId": "anonymous", "endpoint": "/auth/login/json", "method": "POST", "statusCode": 200, "responseTime": 895}
{"timestamp": "2026-04-01T08:16:59.812Z", "level": "INFO", "service": "asset-management-service", "environment": "production", "message": "HTTP request completed", "userId": "ADMIN-001", "endpoint": "/requests/", "method": "GET", "statusCode": 200, "responseTime": 1742}
{"timestamp": "2026-04-01T08:17:00.550Z", "level": "INFO", "service": "asset-management-service", "environment": "production", "message": "HTTP request completed", "userId": "ADMIN-001", "endpoint": "/accounts/summary", "method": "GET", "statusCode": 200, "responseTime": 1694}
{"timestamp": "2026-04-01T08:17:00.638Z", "level": "INFO", "service": "asset-management-service", "environment": "production", "message": "HTTP request completed", "userId": "ADMIN-001", "endpoint": "/stock/", "method": "GET", "statusCode": 200, "responseTime": 2071}
{"timestamp": "2026-04-01T08:17:00.943Z", "level": "INFO", "service": "asset-management-service", "environment": "production", "message": "HTTP request completed", "userId": "ADMIN-001", "endpoint": "/requests/", "method": "GET", "statusCode": 200, "responseTime": 826}
{"timestamp": "2026-04-01T08:17:02.305Z", "level": "INFO", "service": "asset-management-service", "environment": "production", "message": "HTTP request completed", "userId": "ADMIN-001", "endpoint": "/tracking/", "method": "GET", "statusCode": 200, "responseTime": 3965}
{"timestamp": "2026-04-01T08:17:12.181Z", "level": "INFO", "service": "asset-management-service", "environment": "production", "message": "HTTP request completed", "userId": "ADMIN-001", "endpoint": "/requests/REQ-902/review/manager", "method": "POST", "statusCode": 200, "responseTime": 1401}
{"timestamp": "2026-04-01T08:17:12.868Z", "level": "INFO", "service": "asset-management-service", "environment": "production", "message": "HTTP request completed", "userId": "ADMIN-001", "endpoint": "/requests/", "method": "GET", "statusCode": 200, "responseTime": 675}
{"timestamp": "2026-04-01T08:17:47.413Z", "level": "WARNING", "service": "asset-management-service", "environment": "production", "message": "HTTP request completed with client error", "userId": "ADMIN-001", "endpoint": "/requests/REQ-902/execute", "method": "POST", "statusCode": 404, "responseTime": 631}
{"timestamp": "2026-04-01T08:18:14.244Z", "level": "INFO", "service": "asset-management-service", "environment": "production", "message": "HTTP request completed", "userId": "ADMIN-001", "endpoint": "/requests/", "method": "GET", "statusCode": 200, "responseTime": 529}
{"timestamp": "2026-04-01T08:18:28.326Z", "level": "INFO", "service": "asset-management-service", "environment": "production", "message": "HTTP request completed", "userId": "ADMIN-001", "endpoint": "/requests/", "method": "GET", "statusCode": 200, "responseTime": 612}
{"timestamp": "2026-04-01T08:18:32.105Z", "level": "INFO", "service": "asset-management-service", "environment": "production", "message": "HTTP request completed", "userId": "ADMIN-001", "endpoint": "/requests/", "method": "GET", "statusCode": 200, "responseTime": 568}
{"timestamp": "2026-04-01T08:18:37.014Z", "level": "INFO", "service": "asset-management-service", "environment": "production", "message": "HTTP request completed", "userId": "ADMIN-001", "endpoint": "/requests/REQ-902/execute", "method": "POST", "statusCode": 200, "responseTime": 1537}
{"timestamp": "2026-04-01T08:18:37.555Z", "level": "INFO", "service": "asset-management-service", "environment": "production", "message": "HTTP request completed", "userId": "ADMIN-001", "endpoint": "/requests/", "method": "GET", "statusCode": 200, "responseTime": 526}
{"timestamp": "2026-04-01T08:19:06.659Z", "level": "INFO", "service": "asset-management-service", "environment": "production", "message": "HTTP request completed", "userId": "ADMIN-001", "endpoint": "/requests/", "method": "GET", "statusCode": 200, "responseTime": 573}
{"timestamp": "2026-04-01T08:19:19.642Z", "level": "INFO", "service": "asset-management-service", "environment": "production", "message": "Email sent", "userId": "system", "endpoint": "/notifications/email", "method": "SMTP", "statusCode": 200, "responseTime": 0}
{"timestamp": "2026-04-01T08:19:23.275Z", "level": "INFO", "service": "asset-management-service", "environment": "production", "message": "Email sent", "userId": "system", "endpoint": "/notifications/email", "method": "SMTP", "statusCode": 200, "responseTime": 0}
{"timestamp": "2026-04-01T08:19:23.605Z", "level": "INFO", "service": "asset-management-service", "environment": "production", "message": "HTTP request completed", "userId": "ADMIN-001", "endpoint": "/requests/REQ-5D8CC354/review/hr", "method": "POST", "statusCode": 200, "responseTime": 8790}
{"timestamp": "2026-04-01T08:19:24.102Z", "level": "INFO", "service": "asset-management-service", "environment": "production", "message": "HTTP request completed", "userId": "ADMIN-001", "endpoint": "/requests/", "method": "GET", "statusCode": 200, "responseTime": 480}
{"timestamp": "2026-04-01T08:19:28.034Z", "level": "INFO", "service": "asset-management-service", "environment": "production", "message": "HTTP request completed", "userId": "ADMIN-001", "endpoint": "/requests/REQ-5D8CC354/triage", "method": "POST", "statusCode": 200, "responseTime": 1120}
{"timestamp": "2026-04-01T08:19:28.525Z", "level": "INFO", "service": "asset-management-service", "environment": "production", "message": "HTTP request completed", "userId": "ADMIN-001", "endpoint": "/requests/", "method": "GET", "statusCode": 200, "responseTime": 477}
{"timestamp": "2026-04-01T08:19:42.600Z", "level": "INFO", "service": "asset-management-service", "environment": "production", "message": "Email sent", "userId": "system", "endpoint": "/notifications/email", "method": "SMTP", "statusCode": 200, "responseTime": 0}
{"timestamp": "2026-04-01T08:19:42.943Z", "level": "INFO", "service": "asset-management-service", "environment": "production", "message": "HTTP request completed", "userId": "ADMIN-001", "endpoint": "/requests/REQ-5D8CC354/execute", "method": "POST", "statusCode": 200, "responseTime": 5338}
{"timestamp": "2026-04-01T08:19:43.517Z", "level": "INFO", "service": "asset-management-service", "environment": "production", "message": "HTTP request completed", "userId": "ADMIN-001", "endpoint": "/requests/", "method": "GET", "statusCode": 200, "responseTime": 564}
{"timestamp": "2026-04-01T08:19:49.205Z", "level": "INFO", "service": "asset-management-service", "environment": "production", "message": "HTTP request completed", "userId": "ADMIN-001", "endpoint": "/requests/", "method": "GET", "statusCode": 200, "responseTime": 575}
{"timestamp": "2026-04-01T08:20:58.419Z", "level": "INFO", "service": "asset-management-service", "environment": "production", "message": "HTTP request completed", "userId": "ADMIN-001", "endpoint": "/requests/", "method": "GET", "statusCode": 200, "responseTime": 596}
{"timestamp": "2026-04-01T08:21:02.354Z", "level": "INFO", "service": "asset-management-service", "environment": "production", "message": "HTTP request completed", "userId": "ADMIN-001", "endpoint": "/auth/logout", "method": "POST", "statusCode": 200, "responseTime": 260}
{"timestamp": "2026-04-01T08:22:27.501Z", "level": "INFO", "service": "asset-management-service", "environment": "production", "message": "HTTP request completed", "userId": "anonymous", "endpoint": "/auth/login/json", "method": "POST", "statusCode": 200, "responseTime": 967}
{"timestamp": "2026-04-01T08:22:28.840Z", "level": "INFO", "service": "asset-management-service", "environment": "production", "message": "HTTP request completed", "userId": "EMP-FE804DD8", "endpoint": "/stock/", "method": "GET", "statusCode": 200, "responseTime": 897}
{"timestamp": "2026-04-01T08:22:28.871Z", "level": "INFO", "service": "asset-management-service", "environment": "production", "message": "HTTP request completed", "userId": "EMP-FE804DD8", "endpoint": "/requests/", "method": "GET", "statusCode": 200, "responseTime": 1291}
{"timestamp": "2026-04-01T08:22:29.076Z", "level": "INFO", "service": "asset-management-service", "environment": "production", "message": "HTTP request completed", "userId": "EMP-FE804DD8", "endpoint": "/tracking/", "method": "GET", "statusCode": 200, "responseTime": 787}
{"timestamp": "2026-04-01T09:33:43.884Z", "level": "WARNING", "service": "asset-management-service", "environment": "production", "message": "HTTP request completed with client error", "userId": "anonymous", "endpoint": "/tracking/", "method": "GET", "statusCode": 401, "responseTime": 25}
{"timestamp": "2026-04-01T09:33:46.750Z", "level": "WARNING", "service": "asset-management-service", "environment": "production", "message": "HTTP request completed with client error", "userId": "anonymous", "endpoint": "/tracking/", "method": "GET", "statusCode": 401, "responseTime": 5}
{"timestamp": "2026-04-01T09:33:47.772Z", "level": "WARNING", "service": "asset-management-service", "environment": "production", "message": "HTTP request completed with client error", "userId": "anonymous", "endpoint": "/tracking/", "method": "GET", "statusCode": 401, "responseTime": 3}
{"timestamp": "2026-04-01T09:33:49.794Z", "level": "WARNING", "service": "asset-management-service", "environment": "production", "message": "HTTP request completed with client error", "userId": "anonymous", "endpoint": "/tracking/", "method": "GET", "statusCode": 401, "responseTime": 4}
{"timestamp": "2026-04-01T09:33:53.818Z", "level": "WARNING", "service": "asset-management-service", "environment": "production", "message": "HTTP request completed with client error", "userId": "anonymous", "endpoint": "/tracking/", "method": "GET", "statusCode": 401, "responseTime": 5}
{"timestamp": "2026-04-01T09:33:54.175Z", "level": "WARNING", "service": "asset-management-service", "environment": "production", "message": "HTTP request completed with client error", "userId": "anonymous", "endpoint": "/requests/", "method": "GET", "statusCode": 401, "responseTime": 11}
{"timestamp": "2026-04-01T09:33:54.188Z", "level": "WARNING", "service": "asset-management-service", "environment": "production", "message": "HTTP request completed with client error", "userId": "anonymous", "endpoint": "/tracking/", "method": "GET", "statusCode": 401, "responseTime": 19}
{"timestamp": "2026-04-01T09:33:54.191Z", "level": "WARNING", "service": "asset-management-service", "environment": "production", "message": "HTTP request completed with client error", "userId": "anonymous", "endpoint": "/stock/", "method": "GET", "statusCode": 401, "responseTime": 16}
{"timestamp": "2026-04-01T09:33:55.241Z", "level": "WARNING", "service": "asset-management-service", "environment": "production", "message": "HTTP request completed with client error", "userId": "anonymous", "endpoint": "/requests/", "method": "GET", "statusCode": 401, "responseTime": 10}
{"timestamp": "2026-04-01T09:33:55.241Z", "level": "WARNING", "service": "asset-management-service", "environment": "production", "message": "HTTP request completed with client error", "userId": "anonymous", "endpoint": "/tracking/", "method": "GET", "statusCode": 401, "responseTime": 11}
{"timestamp": "2026-04-01T09:33:55.248Z", "level": "WARNING", "service": "asset-management-service", "environment": "production", "message": "HTTP request completed with client error", "userId": "anonymous", "endpoint": "/stock/", "method": "GET", "statusCode": 401, "responseTime": 12}
{"timestamp": "2026-04-01T09:33:57.272Z", "level": "WARNING", "service": "asset-management-service", "environment": "production", "message": "HTTP request completed with client error", "userId": "anonymous", "endpoint": "/requests/", "method": "GET", "statusCode": 401, "responseTime": 8}
{"timestamp": "2026-04-01T09:33:57.276Z", "level": "WARNING", "service": "asset-management-service", "environment": "production", "message": "HTTP request completed with client error", "userId": "anonymous", "endpoint": "/tracking/", "method": "GET", "statusCode": 401, "responseTime": 8}
{"timestamp": "2026-04-01T09:33:57.287Z", "level": "WARNING", "service": "asset-management-service", "environment": "production", "message": "HTTP request completed with client error", "userId": "anonymous", "endpoint": "/stock/", "method": "GET", "statusCode": 401, "responseTime": 8}
{"timestamp": "2026-04-01T09:34:01.324Z", "level": "WARNING", "service": "asset-management-service", "environment": "production", "message": "HTTP request completed with client error", "userId": "anonymous", "endpoint": "/requests/", "method": "GET", "statusCode": 401, "responseTime": 16}
{"timestamp": "2026-04-01T09:34:01.330Z", "level": "WARNING", "service": "asset-management-service", "environment": "production", "message": "HTTP request completed with client error", "userId": "anonymous", "endpoint": "/tracking/", "method": "GET", "statusCode": 401, "responseTime": 16}
{"timestamp": "2026-04-01T09:34:01.336Z", "level": "WARNING", "service": "asset-management-service", "environment": "production", "message": "HTTP request completed with client error", "userId": "anonymous", "endpoint": "/stock/", "method": "GET", "statusCode": 401, "responseTime": 18}
{"timestamp": "2026-04-01T09:34:26.998Z", "level": "WARNING", "service": "asset-management-service", "environment": "production", "message": "HTTP request completed with client error", "userId": "anonymous", "endpoint": "/requests/", "method": "GET", "statusCode": 401, "responseTime": 9}
{"timestamp": "2026-04-01T09:34:27.014Z", "level": "WARNING", "service": "asset-management-service", "environment": "production", "message": "HTTP request completed with client error", "userId": "anonymous", "endpoint": "/tracking/", "method": "GET", "statusCode": 401, "responseTime": 18}
{"timestamp": "2026-04-01T09:34:27.020Z", "level": "WARNING", "service": "asset-management-service", "environment": "production", "message": "HTTP request completed with client error", "userId": "anonymous", "endpoint": "/stock/", "method": "GET", "statusCode": 401, "responseTime": 17}
{"timestamp": "2026-04-01T09:34:28.027Z", "level": "WARNING", "service": "asset-management-service", "environment": "production", "message": "HTTP request completed with client error", "userId": "anonymous", "endpoint": "/requests/", "method": "GET", "statusCode": 401, "responseTime": 5}
{"timestamp": "2026-04-01T09:34:28.056Z", "level": "WARNING", "service": "asset-management-service", "environment": "production", "message": "HTTP request completed with client error", "userId": "anonymous", "endpoint": "/tracking/", "method": "GET", "statusCode": 401, "responseTime": 11}
{"timestamp": "2026-04-01T09:34:28.057Z", "level": "WARNING", "service": "asset-management-service", "environment": "production", "message": "HTTP request completed with client error", "userId": "anonymous", "endpoint": "/stock/", "method": "GET", "statusCode": 401, "responseTime": 12}
{"timestamp": "2026-04-01T09:34:30.059Z", "level": "WARNING", "service": "asset-management-service", "environment": "production", "message": "HTTP request completed with client error", "userId": "anonymous", "endpoint": "/requests/", "method": "GET", "statusCode": 401, "responseTime": 7}
{"timestamp": "2026-04-01T09:34:30.079Z", "level": "WARNING", "service": "asset-management-service", "environment": "production", "message": "HTTP request completed with client error", "userId": "anonymous", "endpoint": "/tracking/", "method": "GET", "statusCode": 401, "responseTime": 6}
{"timestamp": "2026-04-01T09:34:30.091Z", "level": "WARNING", "service": "asset-management-service", "environment": "production", "message": "HTTP request completed with client error", "userId": "anonymous", "endpoint": "/stock/", "method": "GET", "statusCode": 401, "responseTime": 4}
{"timestamp": "2026-04-01T09:35:55.162Z", "level": "WARNING", "service": "asset-management-service", "environment": "production", "message": "HTTP request completed with client error", "userId": "anonymous", "endpoint": "/requests/", "method": "GET", "statusCode": 401, "responseTime": 215}
{"timestamp": "2026-04-01T09:35:55.167Z", "level": "WARNING", "service": "asset-management-service", "environment": "production", "message": "HTTP request completed with client error", "userId": "anonymous", "endpoint": "/stock/", "method": "GET", "statusCode": 401, "responseTime": 217}
{"timestamp": "2026-04-01T09:35:55.176Z", "level": "WARNING", "service": "asset-management-service", "environment": "production", "message": "HTTP request completed with client error", "userId": "anonymous", "endpoint": "/tracking/", "method": "GET", "statusCode": 401, "responseTime": 224}
{"timestamp": "2026-04-01T09:36:24.642Z", "level": "WARNING", "service": "asset-management-service", "environment": "production", "message": "HTTP request completed with client error", "userId": "anonymous", "endpoint": "/auth/me", "method": "GET", "statusCode": 401, "responseTime": 23}
{"timestamp": "2026-04-01T09:36:24.659Z", "level": "WARNING", "service": "asset-management-service", "environment": "production", "message": "HTTP request completed with client error", "userId": "anonymous", "endpoint": "/auth/me", "method": "GET", "statusCode": 401, "responseTime": 5}
{"timestamp": "2026-04-01T09:36:24.676Z", "level": "INFO", "service": "asset-management-service", "environment": "production", "message": "HTTP request completed", "userId": "anonymous", "endpoint": "/auth/logout", "method": "POST", "statusCode": 200, "responseTime": 2}
{"timestamp": "2026-04-01T09:38:07.181Z", "level": "INFO", "service": "asset-management-service", "environment": "production", "message": "HTTP request completed", "userId": "anonymous", "endpoint": "/auth/login/json", "method": "POST", "statusCode": 200, "responseTime": 1412}
{"timestamp": "2026-04-01T09:38:08.714Z", "level": "INFO", "service": "asset-management-service", "environment": "production", "message": "HTTP request completed", "userId": "ADMIN-001", "endpoint": "/auth/me", "method": "GET", "statusCode": 200, "responseTime": 1487}
{"timestamp": "2026-04-01T09:38:09.308Z", "level": "INFO", "service": "asset-management-service", "environment": "production", "message": "HTTP request completed", "userId": "ADMIN-001", "endpoint": "/auth/me", "method": "GET", "statusCode": 200, "responseTime": 577}
{"timestamp": "2026-04-01T09:38:09.573Z", "level": "INFO", "service": "asset-management-service", "environment": "production", "message": "HTTP request completed", "userId": "ADMIN-001", "endpoint": "/requests/", "method": "GET", "statusCode": 200, "responseTime": 2102}
{"timestamp": "2026-04-01T09:38:09.589Z", "level": "INFO", "service": "asset-management-service", "environment": "production", "message": "HTTP request completed", "userId": "ADMIN-001", "endpoint": "/accounts/summary", "method": "GET", "statusCode": 200, "responseTime": 1365}
{"timestamp": "2026-04-01T09:38:09.778Z", "level": "INFO", "service": "asset-management-service", "environment": "production", "message": "HTTP request completed", "userId": "ADMIN-001", "endpoint": "/stock/", "method": "GET", "statusCode": 200, "responseTime": 1793}
{"timestamp": "2026-04-01T09:38:09.845Z", "level": "INFO", "service": "asset-management-service", "environment": "production", "message": "HTTP request completed", "userId": "ADMIN-001", "endpoint": "/auth/me", "method": "GET", "statusCode": 200, "responseTime": 519}
{"timestamp": "2026-04-01T09:38:11.393Z", "level": "INFO", "service": "asset-management-service", "environment": "production", "message": "HTTP request completed", "userId": "ADMIN-001", "endpoint": "/tracking/", "method": "GET", "statusCode": 200, "responseTime": 3636}
{"timestamp": "2026-04-01T09:38:11.561Z", "level": "INFO", "service": "asset-management-service", "environment": "production", "message": "HTTP request completed", "userId": "ADMIN-001", "endpoint": "/auth/me", "method": "GET", "statusCode": 200, "responseTime": 1108}
{"timestamp": "2026-04-01T09:38:11.794Z", "level": "INFO", "service": "asset-management-service", "environment": "production", "message": "HTTP request completed", "userId": "ADMIN-001", "endpoint": "/stock/", "method": "GET", "statusCode": 200, "responseTime": 884}
{"timestamp": "2026-04-01T09:38:11.859Z", "level": "INFO", "service": "asset-management-service", "environment": "production", "message": "HTTP request completed", "userId": "ADMIN-001", "endpoint": "/accounts/summary", "method": "GET", "statusCode": 200, "responseTime": 1188}
{"timestamp": "2026-04-01T09:38:11.864Z", "level": "INFO", "service": "asset-management-service", "environment": "production", "message": "HTTP request completed", "userId": "ADMIN-001", "endpoint": "/requests/", "method": "GET", "statusCode": 200, "responseTime": 706}
{"timestamp": "2026-04-01T09:38:12.040Z", "level": "INFO", "service": "asset-management-service", "environment": "production", "message": "HTTP request completed", "userId": "ADMIN-001", "endpoint": "/auth/me", "method": "GET", "statusCode": 200, "responseTime": 468}
{"timestamp": "2026-04-01T09:38:14.737Z", "level": "INFO", "service": "asset-management-service", "environment": "production", "message": "HTTP request completed", "userId": "ADMIN-001", "endpoint": "/auth/logout", "method": "POST", "statusCode": 200, "responseTime": 188}
{"timestamp": "2026-04-01T09:38:25.169Z", "level": "INFO", "service": "asset-management-service", "environment": "production", "message": "HTTP request completed", "userId": "anonymous", "endpoint": "/auth/login/json", "method": "POST", "statusCode": 200, "responseTime": 1000}
{"timestamp": "2026-04-01T09:38:26.078Z", "level": "INFO", "service": "asset-management-service", "environment": "production", "message": "HTTP request completed", "userId": "EMP-1E56F784", "endpoint": "/auth/me", "method": "GET", "statusCode": 200, "responseTime": 855}
{"timestamp": "2026-04-01T09:38:26.353Z", "level": "INFO", "service": "asset-management-service", "environment": "production", "message": "HTTP request completed", "userId": "EMP-1E56F784", "endpoint": "/requests/", "method": "GET", "statusCode": 200, "responseTime": 660}
{"timestamp": "2026-04-01T09:38:26.490Z", "level": "INFO", "service": "asset-management-service", "environment": "production", "message": "HTTP request completed", "userId": "EMP-1E56F784", "endpoint": "/auth/me", "method": "GET", "statusCode": 200, "responseTime": 398}
{"timestamp": "2026-04-01T09:38:26.768Z", "level": "INFO", "service": "asset-management-service", "environment": "production", "message": "HTTP request completed", "userId": "EMP-1E56F784", "endpoint": "/tracking/", "method": "GET", "statusCode": 200, "responseTime": 1286}
{"timestamp": "2026-04-01T09:38:26.933Z", "level": "INFO", "service": "asset-management-service", "environment": "production", "message": "HTTP request completed", "userId": "EMP-1E56F784", "endpoint": "/auth/me", "method": "GET", "statusCode": 200, "responseTime": 432}
{"timestamp": "2026-04-01T09:39:23.136Z", "level": "INFO", "service": "asset-management-service", "environment": "production", "message": "HTTP request completed", "userId": "EMP-1E56F784", "endpoint": "/requests/", "method": "GET", "statusCode": 200, "responseTime": 749}
{"timestamp": "2026-04-01T09:39:23.903Z", "level": "INFO", "service": "asset-management-service", "environment": "production", "message": "HTTP request completed", "userId": "EMP-1E56F784", "endpoint": "/tracking/", "method": "GET", "statusCode": 200, "responseTime": 1229}
{"timestamp": "2026-04-01T09:39:30.791Z", "level": "INFO", "service": "asset-management-service", "environment": "production", "message": "HTTP request completed", "userId": "EMP-1E56F784", "endpoint": "/auth/me", "method": "GET", "statusCode": 200, "responseTime": 438}
{"timestamp": "2026-04-01T09:39:31.370Z", "level": "INFO", "service": "asset-management-service", "environment": "production", "message": "HTTP request completed", "userId": "EMP-1E56F784", "endpoint": "/tracking/", "method": "GET", "statusCode": 200, "responseTime": 1267}
{"timestamp": "2026-04-01T09:40:02.691Z", "level": "INFO", "service": "asset-management-service", "environment": "production", "message": "HTTP request completed", "userId": "EMP-1E56F784", "endpoint": "/auth/logout", "method": "POST", "statusCode": 200, "responseTime": 305}
{"timestamp": "2026-04-01T09:40:08.090Z", "level": "INFO", "service": "asset-management-service", "environment": "production", "message": "HTTP request completed", "userId": "anonymous", "endpoint": "/auth/login/json", "method": "POST", "statusCode": 200, "responseTime": 1176}
{"timestamp": "2026-04-01T09:40:09.070Z", "level": "INFO", "service": "asset-management-service", "environment": "production", "message": "HTTP request completed", "userId": "EMP-1E56F784", "endpoint": "/auth/me", "method": "GET", "statusCode": 200, "responseTime": 924}
{"timestamp": "2026-04-01T09:40:09.351Z", "level": "INFO", "service": "asset-management-service", "environment": "production", "message": "HTTP request completed", "userId": "EMP-1E56F784", "endpoint": "/requests/", "method": "GET", "statusCode": 200, "responseTime": 789}
{"timestamp": "2026-04-01T09:40:09.561Z", "level": "INFO", "service": "asset-management-service", "environment": "production", "message": "HTTP request completed", "userId": "EMP-1E56F784", "endpoint": "/auth/me", "method": "GET", "statusCode": 200, "responseTime": 477}
{"timestamp": "2026-04-01T09:40:09.845Z", "level": "INFO", "service": "asset-management-service", "environment": "production", "message": "HTTP request completed", "userId": "EMP-1E56F784", "endpoint": "/tracking/", "method": "GET", "statusCode": 200, "responseTime": 1480}
{"timestamp": "2026-04-01T09:40:09.987Z", "level": "INFO", "service": "asset-management-service", "environment": "production", "message": "HTTP request completed", "userId": "EMP-1E56F784", "endpoint": "/auth/me", "method": "GET", "statusCode": 200, "responseTime": 413}
{"timestamp": "2026-04-01T09:40:22.691Z", "level": "INFO", "service": "asset-management-service", "environment": "production", "message": "HTTP request completed", "userId": "EMP-1E56F784", "endpoint": "/auth/me", "method": "GET", "statusCode": 200, "responseTime": 692}
{"timestamp": "2026-04-01T09:40:22.764Z", "level": "INFO", "service": "asset-management-service", "environment": "production", "message": "HTTP request completed", "userId": "EMP-1E56F784", "endpoint": "/requests/", "method": "GET", "statusCode": 200, "responseTime": 511}
{"timestamp": "2026-04-01T09:40:29.608Z", "level": "INFO", "service": "asset-management-service", "environment": "production", "message": "HTTP request completed", "userId": "EMP-1E56F784", "endpoint": "/auth/logout", "method": "POST", "statusCode": 200, "responseTime": 242}
{"timestamp": "2026-04-01T09:40:46.291Z", "level": "INFO", "service": "asset-management-service", "environment": "production", "message": "HTTP request completed", "userId": "anonymous", "endpoint": "/auth/login/json", "method": "POST", "statusCode": 200, "responseTime": 1086}
{"timestamp": "2026-04-01T09:40:47.524Z", "level": "INFO", "service": "asset-management-service", "environment": "production", "message": "HTTP request completed", "userId": "EMP-0079197A", "endpoint": "/auth/me", "method": "GET", "statusCode": 200, "responseTime": 1155}
{"timestamp": "2026-04-01T09:40:47.535Z", "level": "INFO", "service": "asset-management-service", "environment": "production", "message": "HTTP request completed", "userId": "EMP-0079197A", "endpoint": "/requests/", "method": "GET", "statusCode": 200, "responseTime": 505}
{"timestamp": "2026-04-01T09:40:47.805Z", "level": "INFO", "service": "asset-management-service", "environment": "production", "message": "HTTP request completed", "userId": "EMP-0079197A", "endpoint": "/stock/", "method": "GET", "statusCode": 200, "responseTime": 1183}
{"timestamp": "2026-04-01T09:40:48.083Z", "level": "INFO", "service": "asset-management-service", "environment": "production", "message": "HTTP request completed", "userId": "EMP-0079197A", "endpoint": "/auth/me", "method": "GET", "statusCode": 200, "responseTime": 542}
{"timestamp": "2026-04-01T09:40:48.531Z", "level": "INFO", "service": "asset-management-service", "environment": "production", "message": "HTTP request completed", "userId": "EMP-0079197A", "endpoint": "/auth/me", "method": "GET", "statusCode": 200, "responseTime": 422}
{"timestamp": "2026-04-01T09:40:49.336Z", "level": "INFO", "service": "asset-management-service", "environment": "production", "message": "HTTP request completed", "userId": "EMP-0079197A", "endpoint": "/tracking/", "method": "GET", "statusCode": 200, "responseTime": 2494}
{"timestamp": "2026-04-01T09:40:50.281Z", "level": "INFO", "service": "asset-management-service", "environment": "production", "message": "HTTP request completed", "userId": "EMP-0079197A", "endpoint": "/auth/me", "method": "GET", "statusCode": 200, "responseTime": 449}
{"timestamp": "2026-04-01T09:40:51.828Z", "level": "INFO", "service": "asset-management-service", "environment": "production", "message": "HTTP request completed", "userId": "EMP-0079197A", "endpoint": "/tracking/", "method": "GET", "statusCode": 200, "responseTime": 2262}
{"timestamp": "2026-04-01T09:40:58.847Z", "level": "INFO", "service": "asset-management-service", "environment": "production", "message": "HTTP request completed", "userId": "EMP-0079197A", "endpoint": "/auth/me", "method": "GET", "statusCode": 200, "responseTime": 488}
{"timestamp": "2026-04-01T09:40:58.949Z", "level": "INFO", "service": "asset-management-service", "environment": "production", "message": "HTTP request completed", "userId": "EMP-0079197A", "endpoint": "/stock/", "method": "GET", "statusCode": 200, "responseTime": 820}
{"timestamp": "2026-04-01T09:41:19.755Z", "level": "INFO", "service": "asset-management-service", "environment": "production", "message": "HTTP request completed", "userId": "EMP-0079197A", "endpoint": "/auth/me", "method": "GET", "statusCode": 200, "responseTime": 818}
{"timestamp": "2026-04-01T09:41:19.914Z", "level": "INFO", "service": "asset-management-service", "environment": "production", "message": "HTTP request completed", "userId": "EMP-0079197A", "endpoint": "/employees/EMP-0079197A/assets", "method": "GET", "statusCode": 200, "responseTime": 629}
{"timestamp": "2026-04-01T09:41:41.129Z", "level": "INFO", "service": "asset-management-service", "environment": "production", "message": "HTTP request completed", "userId": "EMP-0079197A", "endpoint": "/auth/me", "method": "GET", "statusCode": 200, "responseTime": 383}
{"timestamp": "2026-04-01T09:41:42.943Z", "level": "INFO", "service": "asset-management-service", "environment": "production", "message": "HTTP request completed", "userId": "EMP-0079197A", "endpoint": "/tracking/", "method": "GET", "statusCode": 200, "responseTime": 2478}
{"timestamp": "2026-04-01T09:41:43.731Z", "level": "INFO", "service": "asset-management-service", "environment": "production", "message": "HTTP request completed", "userId": "EMP-0079197A", "endpoint": "/auth/me", "method": "GET", "statusCode": 200, "responseTime": 455}
{"timestamp": "2026-04-01T09:41:43.779Z", "level": "INFO", "service": "asset-management-service", "environment": "production", "message": "HTTP request completed", "userId": "EMP-0079197A", "endpoint": "/stock/", "method": "GET", "statusCode": 200, "responseTime": 729}
{"timestamp": "2026-04-01T09:41:44.770Z", "level": "INFO", "service": "asset-management-service", "environment": "production", "message": "HTTP request completed", "userId": "EMP-0079197A", "endpoint": "/auth/me", "method": "GET", "statusCode": 200, "responseTime": 439}
{"timestamp": "2026-04-01T09:41:44.857Z", "level": "INFO", "service": "asset-management-service", "environment": "production", "message": "HTTP request completed", "userId": "EMP-0079197A", "endpoint": "/requests/", "method": "GET", "statusCode": 200, "responseTime": 804}
{"timestamp": "2026-04-01T09:41:46.194Z", "level": "INFO", "service": "asset-management-service", "environment": "production", "message": "HTTP request completed", "userId": "EMP-0079197A", "endpoint": "/auth/me", "method": "GET", "statusCode": 200, "responseTime": 457}
{"timestamp": "2026-04-01T09:41:47.878Z", "level": "INFO", "service": "asset-management-service", "environment": "production", "message": "HTTP request completed", "userId": "EMP-0079197A", "endpoint": "/auth/me", "method": "GET", "statusCode": 200, "responseTime": 439}
{"timestamp": "2026-04-01T09:41:47.931Z", "level": "INFO", "service": "asset-management-service", "environment": "production", "message": "HTTP request completed", "userId": "EMP-0079197A", "endpoint": "/stock/", "method": "GET", "statusCode": 200, "responseTime": 702}
{"timestamp": "2026-04-01T09:41:48.011Z", "level": "INFO", "service": "asset-management-service", "environment": "production", "message": "HTTP request completed", "userId": "EMP-0079197A", "endpoint": "/tracking/", "method": "GET", "statusCode": 200, "responseTime": 2497}
{"timestamp": "2026-04-01T09:42:06.914Z", "level": "INFO", "service": "asset-management-service", "environment": "production", "message": "HTTP request completed", "userId": "EMP-0079197A", "endpoint": "/auth/me", "method": "GET", "statusCode": 200, "responseTime": 605}
{"timestamp": "2026-04-01T09:42:08.888Z", "level": "INFO", "service": "asset-management-service", "environment": "production", "message": "HTTP request completed", "userId": "EMP-0079197A", "endpoint": "/tracking/", "method": "GET", "statusCode": 200, "responseTime": 2917}
{"timestamp": "2026-04-01T09:52:31.864Z", "level": "ERROR", "service": "asset-management-service", "environment": "production", "message": "HTTP request failed", "userId": "EMP-0079197A", "endpoint": "/tracking/", "method": "GET", "statusCode": 500, "responseTime": 969}
{"timestamp": "2026-04-01T09:54:41.991Z", "level": "ERROR", "service": "asset-management-service", "environment": "production", "message": "HTTP request failed", "userId": "EMP-0079197A", "endpoint": "/tracking/", "method": "GET", "statusCode": 500, "responseTime": 2199}
{"timestamp": "2026-04-01T09:54:44.973Z", "level": "ERROR", "service": "asset-management-service", "environment": "production", "message": "HTTP request failed", "userId": "EMP-0079197A", "endpoint": "/tracking/", "method": "GET", "statusCode": 500, "responseTime": 955}
{"timestamp": "2026-04-01T09:54:50.025Z", "level": "ERROR", "service": "asset-management-service", "environment": "production", "message": "HTTP request failed", "userId": "EMP-0079197A", "endpoint": "/tracking/", "method": "GET", "statusCode": 500, "responseTime": 1026}
{"timestamp": "2026-04-01T09:55:19.332Z", "level": "ERROR", "service": "asset-management-service", "environment": "production", "message": "HTTP request failed", "userId": "EMP-0079197A", "endpoint": "/tracking/", "method": "GET", "statusCode": 500, "responseTime": 830}
{"timestamp": "2026-04-01T09:55:22.410Z", "level": "ERROR", "service": "asset-management-service", "environment": "production", "message": "HTTP request failed", "userId": "EMP-0079197A", "endpoint": "/tracking/", "method": "GET", "statusCode": 500, "responseTime": 1106}
{"timestamp": "2026-04-01T09:55:23.167Z", "level": "INFO", "service": "asset-management-service", "environment": "production", "message": "HTTP request completed", "userId": "EMP-0079197A", "endpoint": "/auth/logout", "method": "POST", "statusCode": 200, "responseTime": 285}
{"timestamp": "2026-04-01T09:55:26.001Z", "level": "INFO", "service": "asset-management-service", "environment": "production", "message": "HTTP request completed", "userId": "anonymous", "endpoint": "/auth/login/json", "method": "POST", "statusCode": 200, "responseTime": 1247}
{"timestamp": "2026-04-01T09:55:27.031Z", "level": "ERROR", "service": "asset-management-service", "environment": "production", "message": "HTTP request failed", "userId": "EMP-0079197A", "endpoint": "/requests/", "method": "GET", "statusCode": 500, "responseTime": 753}
{"timestamp": "2026-04-01T09:55:27.152Z", "level": "ERROR", "service": "asset-management-service", "environment": "production", "message": "HTTP request failed", "userId": "EMP-0079197A", "endpoint": "/tracking/", "method": "GET", "statusCode": 500, "responseTime": 629}
{"timestamp": "2026-04-01T09:55:27.157Z", "level": "ERROR", "service": "asset-management-service", "environment": "production", "message": "HTTP request failed", "userId": "EMP-0079197A", "endpoint": "/stock/", "method": "GET", "statusCode": 500, "responseTime": 419}
{"timestamp": "2026-04-01T09:55:27.379Z", "level": "INFO", "service": "asset-management-service", "environment": "production", "message": "HTTP request completed", "userId": "EMP-0079197A", "endpoint": "/auth/me", "method": "GET", "statusCode": 200, "responseTime": 1333}
{"timestamp": "2026-04-01T09:55:27.846Z", "level": "INFO", "service": "asset-management-service", "environment": "production", "message": "HTTP request completed", "userId": "EMP-0079197A", "endpoint": "/auth/me", "method": "GET", "statusCode": 200, "responseTime": 452}
{"timestamp": "2026-04-01T09:55:28.572Z", "level": "ERROR", "service": "asset-management-service", "environment": "production", "message": "HTTP request failed", "userId": "EMP-0079197A", "endpoint": "/requests/", "method": "GET", "statusCode": 500, "responseTime": 249}
{"timestamp": "2026-04-01T09:55:28.597Z", "level": "ERROR", "service": "asset-management-service", "environment": "production", "message": "HTTP request failed", "userId": "EMP-0079197A", "endpoint": "/onboarding-presets/", "method": "GET", "statusCode": 500, "responseTime": 499}
{"timestamp": "2026-04-01T09:55:28.782Z", "level": "INFO", "service": "asset-management-service", "environment": "production", "message": "HTTP request completed", "userId": "EMP-0079197A", "endpoint": "/auth/me", "method": "GET", "statusCode": 200, "responseTime": 923}
{"timestamp": "2026-04-01T09:55:29.222Z", "level": "INFO", "service": "asset-management-service", "environment": "production", "message": "HTTP request completed", "userId": "EMP-0079197A", "endpoint": "/auth/me", "method": "GET", "statusCode": 200, "responseTime": 428}
{"timestamp": "2026-04-01T09:55:29.691Z", "level": "INFO", "service": "asset-management-service", "environment": "production", "message": "HTTP request completed", "userId": "EMP-0079197A", "endpoint": "/auth/me", "method": "GET", "statusCode": 200, "responseTime": 460}
{"timestamp": "2026-04-01T09:55:31.145Z", "level": "ERROR", "service": "asset-management-service", "environment": "production", "message": "HTTP request failed", "userId": "EMP-0079197A", "endpoint": "/tracking/", "method": "GET", "statusCode": 500, "responseTime": 920}
{"timestamp": "2026-04-01T09:55:33.225Z", "level": "INFO", "service": "asset-management-service", "environment": "production", "message": "HTTP request completed", "userId": "EMP-0079197A", "endpoint": "/auth/me", "method": "GET", "statusCode": 200, "responseTime": 455}
{"timestamp": "2026-04-01T09:55:33.620Z", "level": "INFO", "service": "asset-management-service", "environment": "production", "message": "HTTP request completed", "userId": "EMP-0079197A", "endpoint": "/stock/", "method": "GET", "statusCode": 200, "responseTime": 1065}
{"timestamp": "2026-04-01T09:55:35.382Z", "level": "INFO", "service": "asset-management-service", "environment": "production", "message": "HTTP request completed", "userId": "EMP-0079197A", "endpoint": "/auth/me", "method": "GET", "statusCode": 200, "responseTime": 367}
{"timestamp": "2026-04-01T09:55:35.507Z", "level": "INFO", "service": "asset-management-service", "environment": "production", "message": "HTTP request completed", "userId": "EMP-0079197A", "endpoint": "/requests/", "method": "GET", "statusCode": 200, "responseTime": 736}
{"timestamp": "2026-04-01T09:55:38.596Z", "level": "INFO", "service": "asset-management-service", "environment": "production", "message": "HTTP request completed", "userId": "EMP-0079197A", "endpoint": "/auth/me", "method": "GET", "statusCode": 200, "responseTime": 488}
{"timestamp": "2026-04-01T09:55:38.915Z", "level": "ERROR", "service": "asset-management-service", "environment": "production", "message": "HTTP request failed", "userId": "EMP-0079197A", "endpoint": "/tracking/", "method": "GET", "statusCode": 500, "responseTime": 1079}
{"timestamp": "2026-04-01T09:55:40.757Z", "level": "ERROR", "service": "asset-management-service", "environment": "production", "message": "HTTP request failed", "userId": "EMP-0079197A", "endpoint": "/tracking/", "method": "GET", "statusCode": 500, "responseTime": 814}
{"timestamp": "2026-04-01T09:55:49.805Z", "level": "ERROR", "service": "asset-management-service", "environment": "production", "message": "HTTP request failed", "userId": "EMP-0079197A", "endpoint": "/tracking/", "method": "GET", "statusCode": 500, "responseTime": 870}
{"timestamp": "2026-04-01T09:55:51.791Z", "level": "INFO", "service": "asset-management-service", "environment": "production", "message": "HTTP request completed", "userId": "EMP-0079197A", "endpoint": "/auth/me", "method": "GET", "statusCode": 200, "responseTime": 378}
{"timestamp": "2026-04-01T09:55:51.997Z", "level": "INFO", "service": "asset-management-service", "environment": "production", "message": "HTTP request completed", "userId": "EMP-0079197A", "endpoint": "/employees/EMP-0079197A/assets", "method": "GET", "statusCode": 200, "responseTime": 821}
{"timestamp": "2026-04-01T09:55:53.935Z", "level": "INFO", "service": "asset-management-service", "environment": "production", "message": "HTTP request completed", "userId": "EMP-0079197A", "endpoint": "/requests/", "method": "GET", "statusCode": 200, "responseTime": 1032}
{"timestamp": "2026-04-01T09:55:54.309Z", "level": "INFO", "service": "asset-management-service", "environment": "production", "message": "HTTP request completed", "userId": "EMP-0079197A", "endpoint": "/auth/me", "method": "GET", "statusCode": 200, "responseTime": 1031}
{"timestamp": "2026-04-01T09:55:54.316Z", "level": "ERROR", "service": "asset-management-service", "environment": "production", "message": "HTTP request failed", "userId": "EMP-0079197A", "endpoint": "/tracking/", "method": "GET", "statusCode": 500, "responseTime": 1240}
{"timestamp": "2026-04-01T09:55:54.407Z", "level": "INFO", "service": "asset-management-service", "environment": "production", "message": "HTTP request completed", "userId": "EMP-0079197A", "endpoint": "/stock/", "method": "GET", "statusCode": 200, "responseTime": 933}
{"timestamp": "2026-04-01T09:55:56.193Z", "level": "ERROR", "service": "asset-management-service", "environment": "production", "message": "HTTP request failed", "userId": "EMP-0079197A", "endpoint": "/tracking/", "method": "GET", "statusCode": 500, "responseTime": 846}
{"timestamp": "2026-04-01T09:55:59.217Z", "level": "ERROR", "service": "asset-management-service", "environment": "production", "message": "HTTP request failed", "userId": "EMP-0079197A", "endpoint": "/tracking/", "method": "GET", "statusCode": 500, "responseTime": 982}
{"timestamp": "2026-04-01T09:55:59.480Z", "level": "INFO", "service": "asset-management-service", "environment": "production", "message": "HTTP request completed", "userId": "EMP-0079197A", "endpoint": "/auth/me", "method": "GET", "statusCode": 200, "responseTime": 636}
{"timestamp": "2026-04-01T09:56:00.029Z", "level": "ERROR", "service": "asset-management-service", "environment": "production", "message": "HTTP request failed", "userId": "EMP-0079197A", "endpoint": "/tracking/", "method": "GET", "statusCode": 500, "responseTime": 793}
{"timestamp": "2026-04-01T09:56:02.070Z", "level": "ERROR", "service": "asset-management-service", "environment": "production", "message": "HTTP request failed", "userId": "EMP-0079197A", "endpoint": "/tracking/", "method": "GET", "statusCode": 500, "responseTime": 984}
{"timestamp": "2026-04-01T09:57:20.581Z", "level": "ERROR", "service": "asset-management-service", "environment": "production", "message": "HTTP request failed", "userId": "EMP-0079197A", "endpoint": "/tracking/", "method": "GET", "statusCode": 500, "responseTime": 880}
{"timestamp": "2026-04-01T09:57:22.431Z", "level": "INFO", "service": "asset-management-service", "environment": "production", "message": "HTTP request completed", "userId": "EMP-0079197A", "endpoint": "/auth/me", "method": "GET", "statusCode": 200, "responseTime": 760}
{"timestamp": "2026-04-01T09:57:22.876Z", "level": "INFO", "service": "asset-management-service", "environment": "production", "message": "HTTP request completed", "userId": "EMP-0079197A", "endpoint": "/auth/me", "method": "GET", "statusCode": 200, "responseTime": 435}
{"timestamp": "2026-04-01T09:57:23.764Z", "level": "ERROR", "service": "asset-management-service", "environment": "production", "message": "HTTP request failed", "userId": "EMP-0079197A", "endpoint": "/tracking/", "method": "GET", "statusCode": 500, "responseTime": 840}
{"timestamp": "2026-04-01T09:57:25.565Z", "level": "ERROR", "service": "asset-management-service", "environment": "production", "message": "HTTP request failed", "userId": "EMP-0079197A", "endpoint": "/tracking/", "method": "GET", "statusCode": 500, "responseTime": 788}
{"timestamp": "2026-04-01T09:57:28.544Z", "level": "ERROR", "service": "asset-management-service", "environment": "production", "message": "HTTP request failed", "userId": "EMP-0079197A", "endpoint": "/tracking/", "method": "GET", "statusCode": 500, "responseTime": 959}
{"timestamp": "2026-04-01T09:57:33.360Z", "level": "ERROR", "service": "asset-management-service", "environment": "production", "message": "HTTP request failed", "userId": "EMP-0079197A", "endpoint": "/tracking/", "method": "GET", "statusCode": 500, "responseTime": 771}
{"timestamp": "2026-04-01T09:57:36.915Z", "level": "INFO", "service": "asset-management-service", "environment": "production", "message": "HTTP request completed", "userId": "EMP-0079197A", "endpoint": "/auth/logout", "method": "POST", "statusCode": 200, "responseTime": 239}
{"timestamp": "2026-04-01T09:57:41.590Z", "level": "INFO", "service": "asset-management-service", "environment": "production", "message": "HTTP request completed", "userId": "anonymous", "endpoint": "/auth/login/json", "method": "POST", "statusCode": 200, "responseTime": 1070}
{"timestamp": "2026-04-01T09:57:42.969Z", "level": "INFO", "service": "asset-management-service", "environment": "production", "message": "HTTP request completed", "userId": "ADMIN-001", "endpoint": "/auth/me", "method": "GET", "statusCode": 200, "responseTime": 1326}
{"timestamp": "2026-04-01T09:57:43.214Z", "level": "INFO", "service": "asset-management-service", "environment": "production", "message": "HTTP request completed", "userId": "ADMIN-001", "endpoint": "/accounts/summary", "method": "GET", "statusCode": 200, "responseTime": 904}
{"timestamp": "2026-04-01T09:57:43.218Z", "level": "INFO", "service": "asset-management-service", "environment": "production", "message": "HTTP request completed", "userId": "ADMIN-001", "endpoint": "/requests/", "method": "GET", "statusCode": 200, "responseTime": 1369}
{"timestamp": "2026-04-01T09:57:43.390Z", "level": "ERROR", "service": "asset-management-service", "environment": "production", "message": "HTTP request failed", "userId": "ADMIN-001", "endpoint": "/tracking/", "method": "GET", "statusCode": 500, "responseTime": 1304}
{"timestamp": "2026-04-01T09:57:43.427Z", "level": "INFO", "service": "asset-management-service", "environment": "production", "message": "HTTP request completed", "userId": "ADMIN-001", "endpoint": "/auth/me", "method": "GET", "statusCode": 200, "responseTime": 438}
{"timestamp": "2026-04-01T09:57:43.655Z", "level": "INFO", "service": "asset-management-service", "environment": "production", "message": "HTTP request completed", "userId": "ADMIN-001", "endpoint": "/stock/", "method": "GET", "statusCode": 200, "responseTime": 1126}
{"timestamp": "2026-04-01T09:57:43.879Z", "level": "INFO", "service": "asset-management-service", "environment": "production", "message": "HTTP request completed", "userId": "ADMIN-001", "endpoint": "/auth/me", "method": "GET", "statusCode": 200, "responseTime": 425}
{"timestamp": "2026-04-01T09:57:45.192Z", "level": "ERROR", "service": "asset-management-service", "environment": "production", "message": "HTTP request failed", "userId": "ADMIN-001", "endpoint": "/tracking/", "method": "GET", "statusCode": 500, "responseTime": 781}
{"timestamp": "2026-04-01T09:57:48.109Z", "level": "ERROR", "service": "asset-management-service", "environment": "production", "message": "HTTP request failed", "userId": "ADMIN-001", "endpoint": "/tracking/", "method": "GET", "statusCode": 500, "responseTime": 899}
{"timestamp": "2026-04-01T09:57:48.895Z", "level": "INFO", "service": "asset-management-service", "environment": "production", "message": "HTTP request completed", "userId": "ADMIN-001", "endpoint": "/auth/me", "method": "GET", "statusCode": 200, "responseTime": 418}
{"timestamp": "2026-04-01T09:57:49.330Z", "level": "ERROR", "service": "asset-management-service", "environment": "production", "message": "HTTP request failed", "userId": "ADMIN-001", "endpoint": "/tracking/", "method": "GET", "statusCode": 500, "responseTime": 1060}
{"timestamp": "2026-04-01T09:57:51.216Z", "level": "ERROR", "service": "asset-management-service", "environment": "production", "message": "HTTP request failed", "userId": "ADMIN-001", "endpoint": "/tracking/", "method": "GET", "statusCode": 500, "responseTime": 843}
{"timestamp": "2026-04-01T09:57:54.044Z", "level": "ERROR", "service": "asset-management-service", "environment": "production", "message": "HTTP request failed", "userId": "ADMIN-001", "endpoint": "/tracking/", "method": "GET", "statusCode": 500, "responseTime": 805}
{"timestamp": "2026-04-01T09:57:58.894Z", "level": "ERROR", "service": "asset-management-service", "environment": "production", "message": "HTTP request failed", "userId": "ADMIN-001", "endpoint": "/tracking/", "method": "GET", "statusCode": 500, "responseTime": 834}
{"timestamp": "2026-04-01T09:58:32.296Z", "level": "ERROR", "service": "asset-management-service", "environment": "production", "message": "HTTP request failed", "userId": "ADMIN-001", "endpoint": "/tracking/", "method": "GET", "statusCode": 500, "responseTime": 932}
{"timestamp": "2026-04-01T09:58:34.142Z", "level": "ERROR", "service": "asset-management-service", "environment": "production", "message": "HTTP request failed", "userId": "ADMIN-001", "endpoint": "/tracking/", "method": "GET", "statusCode": 500, "responseTime": 827}
{"timestamp": "2026-04-01T09:58:43.231Z", "level": "ERROR", "service": "asset-management-service", "environment": "production", "message": "HTTP request failed", "userId": "ADMIN-001", "endpoint": "/tracking/", "method": "GET", "statusCode": 500, "responseTime": 981}
{"timestamp": "2026-04-01T10:02:42.145Z", "level": "INFO", "service": "asset-management-service", "environment": "production", "message": "HTTP request completed", "userId": "ADMIN-001", "endpoint": "/tracking/", "method": "GET", "statusCode": 200, "responseTime": 4996}
{"timestamp": "2026-04-01T10:03:18.508Z", "level": "INFO", "service": "asset-management-service", "environment": "production", "message": "HTTP request completed", "userId": "ADMIN-001", "endpoint": "/auth/logout", "method": "POST", "statusCode": 200, "responseTime": 725}
{"timestamp": "2026-04-01T10:03:19.469Z", "level": "INFO", "service": "asset-management-service", "environment": "production", "message": "HTTP request completed", "userId": "ADMIN-001", "endpoint": "/tracking/", "method": "GET", "statusCode": 200, "responseTime": 4815}
{"timestamp": "2026-04-01T10:03:57.514Z", "level": "INFO", "service": "asset-management-service", "environment": "production", "message": "HTTP request completed", "userId": "anonymous", "endpoint": "/auth/login/json", "method": "POST", "statusCode": 200, "responseTime": 1210}
{"timestamp": "2026-04-01T10:03:58.628Z", "level": "INFO", "service": "asset-management-service", "environment": "production", "message": "HTTP request completed", "userId": "EMP-0079197A", "endpoint": "/auth/me", "method": "GET", "statusCode": 200, "responseTime": 1077}
{"timestamp": "2026-04-01T10:03:59.046Z", "level": "INFO", "service": "asset-management-service", "environment": "production", "message": "HTTP request completed", "userId": "EMP-0079197A", "endpoint": "/stock/", "method": "GET", "statusCode": 200, "responseTime": 1086}
{"timestamp": "2026-04-01T10:03:59.080Z", "level": "INFO", "service": "asset-management-service", "environment": "production", "message": "HTTP request completed", "userId": "EMP-0079197A", "endpoint": "/requests/", "method": "GET", "statusCode": 200, "responseTime": 898}
{"timestamp": "2026-04-01T10:03:59.096Z", "level": "INFO", "service": "asset-management-service", "environment": "production", "message": "HTTP request completed", "userId": "EMP-0079197A", "endpoint": "/auth/me", "method": "GET", "statusCode": 200, "responseTime": 457}
{"timestamp": "2026-04-01T10:03:59.514Z", "level": "INFO", "service": "asset-management-service", "environment": "production", "message": "HTTP request completed", "userId": "EMP-0079197A", "endpoint": "/auth/me", "method": "GET", "statusCode": 200, "responseTime": 404}
{"timestamp": "2026-04-01T10:04:02.800Z", "level": "INFO", "service": "asset-management-service", "environment": "production", "message": "HTTP request completed", "userId": "EMP-0079197A", "endpoint": "/tracking/", "method": "GET", "statusCode": 200, "responseTime": 5016}
{"timestamp": "2026-04-01T10:04:07.528Z", "level": "INFO", "service": "asset-management-service", "environment": "production", "message": "HTTP request completed", "userId": "EMP-0079197A", "endpoint": "/auth/me", "method": "GET", "statusCode": 200, "responseTime": 382}
{"timestamp": "2026-04-01T10:04:12.005Z", "level": "INFO", "service": "asset-management-service", "environment": "production", "message": "HTTP request completed", "userId": "EMP-0079197A", "endpoint": "/tracking/", "method": "GET", "statusCode": 200, "responseTime": 5105}
{"timestamp": "2026-04-01T10:05:38.057Z", "level": "INFO", "service": "asset-management-service", "environment": "production", "message": "HTTP request completed", "userId": "EMP-0079197A", "endpoint": "/tracking/", "method": "GET", "statusCode": 200, "responseTime": 5049}
{"timestamp": "2026-04-01T10:05:41.235Z", "level": "INFO", "service": "asset-management-service", "environment": "production", "message": "HTTP request completed", "userId": "EMP-0079197A", "endpoint": "/auth/me", "method": "GET", "statusCode": 200, "responseTime": 542}
{"timestamp": "2026-04-01T10:05:41.435Z", "level": "INFO", "service": "asset-management-service", "environment": "production", "message": "HTTP request completed", "userId": "EMP-0079197A", "endpoint": "/stock/", "method": "GET", "statusCode": 200, "responseTime": 1036}
{"timestamp": "2026-04-01T10:05:42.632Z", "level": "INFO", "service": "asset-management-service", "environment": "production", "message": "HTTP request completed", "userId": "EMP-0079197A", "endpoint": "/auth/me", "method": "GET", "statusCode": 200, "responseTime": 419}
{"timestamp": "2026-04-01T10:05:42.766Z", "level": "INFO", "service": "asset-management-service", "environment": "production", "message": "HTTP request completed", "userId": "EMP-0079197A", "endpoint": "/onboarding-presets/", "method": "GET", "statusCode": 200, "responseTime": 760}
{"timestamp": "2026-04-01T10:05:44.809Z", "level": "INFO", "service": "asset-management-service", "environment": "production", "message": "HTTP request completed", "userId": "EMP-0079197A", "endpoint": "/auth/me", "method": "GET", "statusCode": 200, "responseTime": 403}
{"timestamp": "2026-04-01T10:05:47.176Z", "level": "INFO", "service": "asset-management-service", "environment": "production", "message": "HTTP request completed", "userId": "EMP-0079197A", "endpoint": "/auth/me", "method": "GET", "statusCode": 200, "responseTime": 740}
{"timestamp": "2026-04-01T10:05:47.264Z", "level": "INFO", "service": "asset-management-service", "environment": "production", "message": "HTTP request completed", "userId": "EMP-0079197A", "endpoint": "/stock/", "method": "GET", "statusCode": 200, "responseTime": 1061}
{"timestamp": "2026-04-01T10:05:50.414Z", "level": "INFO", "service": "asset-management-service", "environment": "production", "message": "HTTP request completed", "userId": "EMP-0079197A", "endpoint": "/auth/me", "method": "GET", "statusCode": 200, "responseTime": 418}
{"timestamp": "2026-04-01T10:05:50.495Z", "level": "INFO", "service": "asset-management-service", "environment": "production", "message": "HTTP request completed", "userId": "EMP-0079197A", "endpoint": "/requests/", "method": "GET", "statusCode": 200, "responseTime": 687}
{"timestamp": "2026-04-01T10:05:51.622Z", "level": "INFO", "service": "asset-management-service", "environment": "production", "message": "HTTP request completed", "userId": "EMP-0079197A", "endpoint": "/tracking/", "method": "GET", "statusCode": 200, "responseTime": 7437}
{"timestamp": "2026-04-01T10:06:24.016Z", "level": "INFO", "service": "asset-management-service", "environment": "production", "message": "HTTP request completed", "userId": "EMP-0079197A", "endpoint": "/auth/me", "method": "GET", "statusCode": 200, "responseTime": 456}
{"timestamp": "2026-04-01T10:06:28.733Z", "level": "INFO", "service": "asset-management-service", "environment": "production", "message": "HTTP request completed", "userId": "EMP-0079197A", "endpoint": "/tracking/", "method": "GET", "statusCode": 200, "responseTime": 5421}
{"timestamp": "2026-04-01T10:07:07.745Z", "level": "INFO", "service": "asset-management-service", "environment": "production", "message": "HTTP request completed", "userId": "EMP-0079197A", "endpoint": "/tracking/", "method": "GET", "statusCode": 200, "responseTime": 5192}
{"timestamp": "2026-04-01T10:08:04.022Z", "level": "INFO", "service": "asset-management-service", "environment": "production", "message": "HTTP request completed", "userId": "EMP-0079197A", "endpoint": "/tracking/", "method": "GET", "statusCode": 200, "responseTime": 4791}
{"timestamp": "2026-04-01T10:08:20.676Z", "level": "INFO", "service": "asset-management-service", "environment": "production", "message": "HTTP request completed", "userId": "EMP-0079197A", "endpoint": "/tracking/", "method": "GET", "statusCode": 200, "responseTime": 4658}
{"timestamp": "2026-04-01T10:09:11.563Z", "level": "INFO", "service": "asset-management-service", "environment": "production", "message": "HTTP request completed", "userId": "EMP-0079197A", "endpoint": "/tracking/", "method": "GET", "statusCode": 200, "responseTime": 4726}
{"timestamp": "2026-04-01T10:09:29.922Z", "level": "INFO", "service": "asset-management-service", "environment": "production", "message": "HTTP request completed", "userId": "EMP-0079197A", "endpoint": "/tracking/", "method": "GET", "statusCode": 200, "responseTime": 4952}
{"timestamp": "2026-04-01T10:11:05.831Z", "level": "INFO", "service": "asset-management-service", "environment": "production", "message": "HTTP request completed", "userId": "EMP-0079197A", "endpoint": "/tracking/", "method": "GET", "statusCode": 200, "responseTime": 4779}
{"timestamp": "2026-04-01T10:11:18.146Z", "level": "INFO", "service": "asset-management-service", "environment": "production", "message": "HTTP request completed", "userId": "EMP-0079197A", "endpoint": "/tracking/", "method": "GET", "statusCode": 200, "responseTime": 4381}
{"timestamp": "2026-04-01T10:13:59.357Z", "level": "INFO", "service": "asset-management-service", "environment": "production", "message": "HTTP request completed", "userId": "EMP-0079197A", "endpoint": "/tracking/", "method": "GET", "statusCode": 200, "responseTime": 4809}
{"timestamp": "2026-04-01T10:14:08.821Z", "level": "INFO", "service": "asset-management-service", "environment": "production", "message": "HTTP request completed", "userId": "EMP-0079197A", "endpoint": "/auth/me", "method": "GET", "statusCode": 200, "responseTime": 429}
{"timestamp": "2026-04-01T10:14:09.037Z", "level": "INFO", "service": "asset-management-service", "environment": "production", "message": "HTTP request completed", "userId": "EMP-0079197A", "endpoint": "/employees/EMP-0079197A/assets", "method": "GET", "statusCode": 200, "responseTime": 840}
{"timestamp": "2026-04-01T10:15:34.071Z", "level": "INFO", "service": "asset-management-service", "environment": "production", "message": "HTTP request completed", "userId": "EMP-0079197A", "endpoint": "/employees/EMP-0079197A/assets", "method": "GET", "statusCode": 200, "responseTime": 671}
{"timestamp": "2026-04-01T10:16:55.775Z", "level": "INFO", "service": "asset-management-service", "environment": "production", "message": "HTTP request completed", "userId": "EMP-0079197A", "endpoint": "/employees/EMP-0079197A/assets", "method": "GET", "statusCode": 200, "responseTime": 717}
{"timestamp": "2026-04-01T10:16:57.678Z", "level": "INFO", "service": "asset-management-service", "environment": "production", "message": "HTTP request completed", "userId": "EMP-0079197A", "endpoint": "/auth/me", "method": "GET", "statusCode": 200, "responseTime": 412}
{"timestamp": "2026-04-01T10:17:01.864Z", "level": "INFO", "service": "asset-management-service", "environment": "production", "message": "HTTP request completed", "userId": "EMP-0079197A", "endpoint": "/tracking/", "method": "GET", "statusCode": 200, "responseTime": 4896}
{"timestamp": "2026-04-01T10:17:13.000Z", "level": "INFO", "service": "asset-management-service", "environment": "production", "message": "HTTP request completed", "userId": "EMP-0079197A", "endpoint": "/tracking/", "method": "GET", "statusCode": 200, "responseTime": 4700}
{"timestamp": "2026-04-01T10:17:18.976Z", "level": "INFO", "service": "asset-management-service", "environment": "production", "message": "HTTP request completed", "userId": "EMP-0079197A", "endpoint": "/tracking/", "method": "GET", "statusCode": 200, "responseTime": 4682}
{"timestamp": "2026-04-01T10:18:51.390Z", "level": "INFO", "service": "asset-management-service", "environment": "production", "message": "HTTP request completed", "userId": "EMP-0079197A", "endpoint": "/tracking/", "method": "GET", "statusCode": 200, "responseTime": 4548}
{"timestamp": "2026-04-01T10:19:40.939Z", "level": "INFO", "service": "asset-management-service", "environment": "production", "message": "HTTP request completed", "userId": "EMP-0079197A", "endpoint": "/auth/me", "method": "GET", "statusCode": 200, "responseTime": 398}
{"timestamp": "2026-04-01T10:19:41.014Z", "level": "INFO", "service": "asset-management-service", "environment": "production", "message": "HTTP request completed", "userId": "EMP-0079197A", "endpoint": "/onboarding-presets/", "method": "GET", "statusCode": 200, "responseTime": 693}
{"timestamp": "2026-04-01T10:19:53.964Z", "level": "INFO", "service": "asset-management-service", "environment": "production", "message": "HTTP request completed", "userId": "EMP-0079197A", "endpoint": "/auth/logout", "method": "POST", "statusCode": 200, "responseTime": 257}
{"timestamp": "2026-04-01T10:20:17.059Z", "level": "INFO", "service": "asset-management-service", "environment": "production", "message": "HTTP request completed", "userId": "anonymous", "endpoint": "/auth/login/json", "method": "POST", "statusCode": 200, "responseTime": 993}
{"timestamp": "2026-04-01T10:20:18.437Z", "level": "INFO", "service": "asset-management-service", "environment": "production", "message": "HTTP request completed", "userId": "EMP-FE804DD8", "endpoint": "/auth/me", "method": "GET", "statusCode": 200, "responseTime": 1207}
{"timestamp": "2026-04-01T10:20:18.664Z", "level": "INFO", "service": "asset-management-service", "environment": "production", "message": "HTTP request completed", "userId": "EMP-FE804DD8", "endpoint": "/stock/", "method": "GET", "statusCode": 200, "responseTime": 911}
{"timestamp": "2026-04-01T10:20:18.723Z", "level": "INFO", "service": "asset-management-service", "environment": "production", "message": "HTTP request completed", "userId": "EMP-FE804DD8", "endpoint": "/requests/", "method": "GET", "statusCode": 200, "responseTime": 748}
{"timestamp": "2026-04-01T10:20:18.916Z", "level": "INFO", "service": "asset-management-service", "environment": "production", "message": "HTTP request completed", "userId": "EMP-FE804DD8", "endpoint": "/auth/me", "method": "GET", "statusCode": 200, "responseTime": 471}
{"timestamp": "2026-04-01T10:20:19.381Z", "level": "INFO", "service": "asset-management-service", "environment": "production", "message": "HTTP request completed", "userId": "EMP-FE804DD8", "endpoint": "/auth/me", "method": "GET", "statusCode": 200, "responseTime": 453}
{"timestamp": "2026-04-01T10:20:20.364Z", "level": "INFO", "service": "asset-management-service", "environment": "production", "message": "HTTP request completed", "userId": "EMP-FE804DD8", "endpoint": "/tracking/", "method": "GET", "statusCode": 200, "responseTime": 2854}
{"timestamp": "2026-04-01T10:20:23.155Z", "level": "INFO", "service": "asset-management-service", "environment": "production", "message": "HTTP request completed", "userId": "EMP-FE804DD8", "endpoint": "/auth/me", "method": "GET", "statusCode": 200, "responseTime": 401}
{"timestamp": "2026-04-01T10:20:23.197Z", "level": "INFO", "service": "asset-management-service", "environment": "production", "message": "HTTP request completed", "userId": "EMP-FE804DD8", "endpoint": "/employees/", "method": "GET", "statusCode": 200, "responseTime": 680}
{"timestamp": "2026-04-01T10:20:24.987Z", "level": "INFO", "service": "asset-management-service", "environment": "production", "message": "HTTP request completed", "userId": "EMP-FE804DD8", "endpoint": "/stock/", "method": "GET", "statusCode": 200, "responseTime": 432}
{"timestamp": "2026-04-01T10:20:24.991Z", "level": "INFO", "service": "asset-management-service", "environment": "production", "message": "HTTP request completed", "userId": "EMP-FE804DD8", "endpoint": "/onboarding-presets/", "method": "GET", "statusCode": 200, "responseTime": 629}
{"timestamp": "2026-04-01T10:20:54.141Z", "level": "INFO", "service": "asset-management-service", "environment": "production", "message": "HTTP request completed", "userId": "EMP-FE804DD8", "endpoint": "/auth/me", "method": "GET", "statusCode": 200, "responseTime": 376}
{"timestamp": "2026-04-01T10:20:54.183Z", "level": "INFO", "service": "asset-management-service", "environment": "production", "message": "HTTP request completed", "userId": "EMP-FE804DD8", "endpoint": "/requests/", "method": "GET", "statusCode": 200, "responseTime": 637}
{"timestamp": "2026-04-01T10:21:11.414Z", "level": "INFO", "service": "asset-management-service", "environment": "production", "message": "HTTP request completed", "userId": "EMP-FE804DD8", "endpoint": "/auth/me", "method": "GET", "statusCode": 200, "responseTime": 375}
{"timestamp": "2026-04-01T10:21:11.470Z", "level": "INFO", "service": "asset-management-service", "environment": "production", "message": "HTTP request completed", "userId": "EMP-FE804DD8", "endpoint": "/stock/", "method": "GET", "statusCode": 200, "responseTime": 622}
{"timestamp": "2026-04-01T10:21:17.636Z", "level": "INFO", "service": "asset-management-service", "environment": "production", "message": "HTTP request completed", "userId": "EMP-FE804DD8", "endpoint": "/auth/me", "method": "GET", "statusCode": 200, "responseTime": 399}
{"timestamp": "2026-04-01T10:21:19.464Z", "level": "INFO", "service": "asset-management-service", "environment": "production", "message": "HTTP request completed", "userId": "EMP-FE804DD8", "endpoint": "/tracking/", "method": "GET", "statusCode": 200, "responseTime": 2483}
{"timestamp": "2026-04-01T10:21:39.992Z", "level": "INFO", "service": "asset-management-service", "environment": "production", "message": "HTTP request completed", "userId": "EMP-FE804DD8", "endpoint": "/auth/me", "method": "GET", "statusCode": 200, "responseTime": 381}
{"timestamp": "2026-04-01T10:21:40.041Z", "level": "INFO", "service": "asset-management-service", "environment": "production", "message": "HTTP request completed", "userId": "EMP-FE804DD8", "endpoint": "/stock/", "method": "GET", "statusCode": 200, "responseTime": 642}
{"timestamp": "2026-04-01T10:21:59.607Z", "level": "INFO", "service": "asset-management-service", "environment": "production", "message": "HTTP request completed", "userId": "EMP-FE804DD8", "endpoint": "/auth/me", "method": "GET", "statusCode": 200, "responseTime": 364}
{"timestamp": "2026-04-01T10:21:59.669Z", "level": "INFO", "service": "asset-management-service", "environment": "production", "message": "HTTP request completed", "userId": "EMP-FE804DD8", "endpoint": "/requests/", "method": "GET", "statusCode": 200, "responseTime": 627}
{"timestamp": "2026-04-01T10:22:25.875Z", "level": "INFO", "service": "asset-management-service", "environment": "production", "message": "HTTP request completed", "userId": "EMP-FE804DD8", "endpoint": "/auth/logout", "method": "POST", "statusCode": 200, "responseTime": 207}
{"timestamp": "2026-04-01T10:22:30.715Z", "level": "INFO", "service": "asset-management-service", "environment": "production", "message": "HTTP request completed", "userId": "anonymous", "endpoint": "/auth/login/json", "method": "POST", "statusCode": 200, "responseTime": 931}
{"timestamp": "2026-04-01T10:22:31.941Z", "level": "INFO", "service": "asset-management-service", "environment": "production", "message": "HTTP request completed", "userId": "ADMIN-001", "endpoint": "/auth/me", "method": "GET", "statusCode": 200, "responseTime": 1179}
{"timestamp": "2026-04-01T10:22:32.173Z", "level": "INFO", "service": "asset-management-service", "environment": "production", "message": "HTTP request completed", "userId": "ADMIN-001", "endpoint": "/stock/", "method": "GET", "statusCode": 200, "responseTime": 1221}
{"timestamp": "2026-04-01T10:22:32.231Z", "level": "INFO", "service": "asset-management-service", "environment": "production", "message": "HTTP request completed", "userId": "ADMIN-001", "endpoint": "/requests/", "method": "GET", "statusCode": 200, "responseTime": 1064}
{"timestamp": "2026-04-01T10:22:32.365Z", "level": "INFO", "service": "asset-management-service", "environment": "production", "message": "HTTP request completed", "userId": "ADMIN-001", "endpoint": "/auth/me", "method": "GET", "statusCode": 200, "responseTime": 407}
{"timestamp": "2026-04-01T10:22:32.640Z", "level": "INFO", "service": "asset-management-service", "environment": "production", "message": "HTTP request completed", "userId": "ADMIN-001", "endpoint": "/accounts/summary", "method": "GET", "statusCode": 200, "responseTime": 1274}
{"timestamp": "2026-04-01T10:22:32.779Z", "level": "INFO", "service": "asset-management-service", "environment": "production", "message": "HTTP request completed", "userId": "ADMIN-001", "endpoint": "/auth/me", "method": "GET", "statusCode": 200, "responseTime": 402}
{"timestamp": "2026-04-01T10:22:35.081Z", "level": "INFO", "service": "asset-management-service", "environment": "production", "message": "HTTP request completed", "userId": "ADMIN-001", "endpoint": "/auth/me", "method": "GET", "statusCode": 200, "responseTime": 397}
{"timestamp": "2026-04-01T10:22:35.156Z", "level": "INFO", "service": "asset-management-service", "environment": "production", "message": "HTTP request completed", "userId": "ADMIN-001", "endpoint": "/employees/", "method": "GET", "statusCode": 200, "responseTime": 659}
{"timestamp": "2026-04-01T10:22:35.956Z", "level": "INFO", "service": "asset-management-service", "environment": "production", "message": "HTTP request completed", "userId": "ADMIN-001", "endpoint": "/tracking/", "method": "GET", "statusCode": 200, "responseTime": 4394}
{"timestamp": "2026-04-01T10:22:37.222Z", "level": "INFO", "service": "asset-management-service", "environment": "production", "message": "HTTP request completed", "userId": "ADMIN-001", "endpoint": "/auth/me", "method": "GET", "statusCode": 200, "responseTime": 462}
{"timestamp": "2026-04-01T10:22:37.260Z", "level": "INFO", "service": "asset-management-service", "environment": "production", "message": "HTTP request completed", "userId": "ADMIN-001", "endpoint": "/requests/", "method": "GET", "statusCode": 200, "responseTime": 760}
{"timestamp": "2026-04-01T10:24:40.613Z", "level": "INFO", "service": "asset-management-service", "environment": "production", "message": "HTTP request completed", "userId": "ADMIN-001", "endpoint": "/requests/", "method": "GET", "statusCode": 200, "responseTime": 612}
{"timestamp": "2026-04-01T10:25:10.724Z", "level": "INFO", "service": "asset-management-service", "environment": "production", "message": "HTTP request completed", "userId": "ADMIN-001", "endpoint": "/requests/", "method": "GET", "statusCode": 200, "responseTime": 645}
{"timestamp": "2026-04-01T10:26:23.370Z", "level": "INFO", "service": "asset-management-service", "environment": "production", "message": "HTTP request completed", "userId": "ADMIN-001", "endpoint": "/requests/", "method": "GET", "statusCode": 200, "responseTime": 589}
{"timestamp": "2026-04-01T10:26:26.695Z", "level": "INFO", "service": "asset-management-service", "environment": "production", "message": "HTTP request completed", "userId": "ADMIN-001", "endpoint": "/auth/me", "method": "GET", "statusCode": 200, "responseTime": 401}
{"timestamp": "2026-04-01T10:26:31.490Z", "level": "INFO", "service": "asset-management-service", "environment": "production", "message": "HTTP request completed", "userId": "ADMIN-001", "endpoint": "/tracking/", "method": "GET", "statusCode": 200, "responseTime": 5459}
{"timestamp": "2026-04-01T10:27:08.224Z", "level": "INFO", "service": "asset-management-service", "environment": "production", "message": "HTTP request completed", "userId": "ADMIN-001", "endpoint": "/tracking/", "method": "GET", "statusCode": 200, "responseTime": 5238}
{"timestamp": "2026-04-01T10:27:17.152Z", "level": "INFO", "service": "asset-management-service", "environment": "production", "message": "HTTP request completed", "userId": "ADMIN-001", "endpoint": "/auth/me", "method": "GET", "statusCode": 200, "responseTime": 408}
{"timestamp": "2026-04-01T10:27:17.220Z", "level": "INFO", "service": "asset-management-service", "environment": "production", "message": "HTTP request completed", "userId": "ADMIN-001", "endpoint": "/stock/", "method": "GET", "statusCode": 200, "responseTime": 695}
{"timestamp": "2026-04-01T10:27:17.220Z", "level": "INFO", "service": "asset-management-service", "environment": "production", "message": "HTTP request completed", "userId": "ADMIN-001", "endpoint": "/onboarding-presets/", "method": "GET", "statusCode": 200, "responseTime": 943}
{"timestamp": "2026-04-01T10:27:17.446Z", "level": "INFO", "service": "asset-management-service", "environment": "production", "message": "HTTP request completed", "userId": "ADMIN-001", "endpoint": "/tracking/", "method": "GET", "statusCode": 200, "responseTime": 4844}
{"timestamp": "2026-04-01T10:27:37.006Z", "level": "INFO", "service": "asset-management-service", "environment": "production", "message": "HTTP request completed", "userId": "ADMIN-001", "endpoint": "/onboarding-presets/", "method": "POST", "statusCode": 201, "responseTime": 693}
{"timestamp": "2026-04-01T10:27:37.465Z", "level": "INFO", "service": "asset-management-service", "environment": "production", "message": "HTTP request completed", "userId": "ADMIN-001", "endpoint": "/onboarding-presets/", "method": "GET", "statusCode": 200, "responseTime": 448}
{"timestamp": "2026-04-01T10:28:07.815Z", "level": "INFO", "service": "asset-management-service", "environment": "production", "message": "HTTP request completed", "userId": "ADMIN-001", "endpoint": "/stock/", "method": "GET", "statusCode": 200, "responseTime": 656}
{"timestamp": "2026-04-01T10:28:07.815Z", "level": "INFO", "service": "asset-management-service", "environment": "production", "message": "HTTP request completed", "userId": "ADMIN-001", "endpoint": "/onboarding-presets/", "method": "GET", "statusCode": 200, "responseTime": 469}
{"timestamp": "2026-04-01T10:28:25.409Z", "level": "INFO", "service": "asset-management-service", "environment": "production", "message": "HTTP request completed", "userId": "ADMIN-001", "endpoint": "/onboarding-presets/", "method": "POST", "statusCode": 201, "responseTime": 591}
{"timestamp": "2026-04-01T10:28:25.881Z", "level": "INFO", "service": "asset-management-service", "environment": "production", "message": "HTTP request completed", "userId": "ADMIN-001", "endpoint": "/onboarding-presets/", "method": "GET", "statusCode": 200, "responseTime": 463}
{"timestamp": "2026-04-01T10:29:29.453Z", "level": "INFO", "service": "asset-management-service", "environment": "production", "message": "HTTP request completed", "userId": "ADMIN-001", "endpoint": "/onboarding-presets/", "method": "GET", "statusCode": 200, "responseTime": 658}
{"timestamp": "2026-04-01T10:29:29.880Z", "level": "INFO", "service": "asset-management-service", "environment": "production", "message": "HTTP request completed", "userId": "ADMIN-001", "endpoint": "/stock/", "method": "GET", "statusCode": 200, "responseTime": 872}
{"timestamp": "2026-04-01T10:29:33.381Z", "level": "INFO", "service": "asset-management-service", "environment": "production", "message": "HTTP request completed", "userId": "ADMIN-001", "endpoint": "/auth/me", "method": "GET", "statusCode": 200, "responseTime": 421}
{"timestamp": "2026-04-01T10:29:33.421Z", "level": "INFO", "service": "asset-management-service", "environment": "production", "message": "HTTP request completed", "userId": "ADMIN-001", "endpoint": "/employees/", "method": "GET", "statusCode": 200, "responseTime": 640}
{"timestamp": "2026-04-01T10:29:35.598Z", "level": "INFO", "service": "asset-management-service", "environment": "production", "message": "HTTP request completed", "userId": "ADMIN-001", "endpoint": "/auth/me", "method": "GET", "statusCode": 200, "responseTime": 432}
{"timestamp": "2026-04-01T10:29:35.641Z", "level": "INFO", "service": "asset-management-service", "environment": "production", "message": "HTTP request completed", "userId": "ADMIN-001", "endpoint": "/onboarding-presets/", "method": "GET", "statusCode": 200, "responseTime": 912}
{"timestamp": "2026-04-01T10:29:35.946Z", "level": "INFO", "service": "asset-management-service", "environment": "production", "message": "HTTP request completed", "userId": "ADMIN-001", "endpoint": "/stock/", "method": "GET", "statusCode": 200, "responseTime": 985}
{"timestamp": "2026-04-01T10:29:47.367Z", "level": "INFO", "service": "asset-management-service", "environment": "production", "message": "HTTP request completed", "userId": "ADMIN-001", "endpoint": "/auth/me", "method": "GET", "statusCode": 200, "responseTime": 424}
{"timestamp": "2026-04-01T10:29:47.395Z", "level": "INFO", "service": "asset-management-service", "environment": "production", "message": "HTTP request completed", "userId": "ADMIN-001", "endpoint": "/employees/", "method": "GET", "statusCode": 200, "responseTime": 691}
{"timestamp": "2026-04-01T10:29:54.048Z", "level": "INFO", "service": "asset-management-service", "environment": "production", "message": "HTTP request completed", "userId": "ADMIN-001", "endpoint": "/employees/EMP-501/deactivate", "method": "POST", "statusCode": 200, "responseTime": 1209}
{"timestamp": "2026-04-01T10:29:54.540Z", "level": "INFO", "service": "asset-management-service", "environment": "production", "message": "HTTP request completed", "userId": "ADMIN-001", "endpoint": "/employees/", "method": "GET", "statusCode": 200, "responseTime": 477}
{"timestamp": "2026-04-01T10:32:13.041Z", "level": "INFO", "service": "asset-management-service", "environment": "production", "message": "HTTP request completed", "userId": "ADMIN-001", "endpoint": "/employees/", "method": "GET", "statusCode": 200, "responseTime": 615}
{"timestamp": "2026-04-01T10:32:20.615Z", "level": "INFO", "service": "asset-management-service", "environment": "production", "message": "HTTP request completed", "userId": "ADMIN-001", "endpoint": "/employees/EMP-502/deactivate", "method": "POST", "statusCode": 200, "responseTime": 1411}
{"timestamp": "2026-04-01T10:32:21.107Z", "level": "INFO", "service": "asset-management-service", "environment": "production", "message": "HTTP request completed", "userId": "ADMIN-001", "endpoint": "/employees/", "method": "GET", "statusCode": 200, "responseTime": 478}
{"timestamp": "2026-04-01T10:32:43.685Z", "level": "INFO", "service": "asset-management-service", "environment": "production", "message": "HTTP request completed", "userId": "ADMIN-001", "endpoint": "/stock/", "method": "GET", "statusCode": 200, "responseTime": 508}
{"timestamp": "2026-04-01T10:32:43.690Z", "level": "INFO", "service": "asset-management-service", "environment": "production", "message": "HTTP request completed", "userId": "ADMIN-001", "endpoint": "/onboarding-presets/", "method": "GET", "statusCode": 200, "responseTime": 764}
{"timestamp": "2026-04-01T10:32:59.188Z", "level": "INFO", "service": "asset-management-service", "environment": "production", "message": "HTTP request completed", "userId": "ADMIN-001", "endpoint": "/stock/", "method": "GET", "statusCode": 200, "responseTime": 554}
{"timestamp": "2026-04-01T10:32:59.256Z", "level": "INFO", "service": "asset-management-service", "environment": "production", "message": "HTTP request completed", "userId": "ADMIN-001", "endpoint": "/onboarding-presets/", "method": "GET", "statusCode": 200, "responseTime": 901}
{"timestamp": "2026-04-01T10:33:16.562Z", "level": "INFO", "service": "asset-management-service", "environment": "production", "message": "HTTP request completed", "userId": "ADMIN-001", "endpoint": "/onboarding-presets/", "method": "GET", "statusCode": 200, "responseTime": 676}
{"timestamp": "2026-04-01T10:33:16.581Z", "level": "INFO", "service": "asset-management-service", "environment": "production", "message": "HTTP request completed", "userId": "ADMIN-001", "endpoint": "/stock/", "method": "GET", "statusCode": 200, "responseTime": 497}
{"timestamp": "2026-04-01T10:34:00.240Z", "level": "INFO", "service": "asset-management-service", "environment": "production", "message": "HTTP request completed", "userId": "ADMIN-001", "endpoint": "/auth/me", "method": "GET", "statusCode": 200, "responseTime": 591}
{"timestamp": "2026-04-01T10:34:00.295Z", "level": "INFO", "service": "asset-management-service", "environment": "production", "message": "HTTP request completed", "userId": "ADMIN-001", "endpoint": "/accounts/summary", "method": "GET", "statusCode": 200, "responseTime": 464}
{"timestamp": "2026-04-01T10:34:05.432Z", "level": "INFO", "service": "asset-management-service", "environment": "production", "message": "HTTP request completed", "userId": "ADMIN-001", "endpoint": "/auth/me", "method": "GET", "statusCode": 200, "responseTime": 418}
{"timestamp": "2026-04-01T10:34:09.573Z", "level": "INFO", "service": "asset-management-service", "environment": "production", "message": "HTTP request completed", "userId": "ADMIN-001", "endpoint": "/tracking/", "method": "GET", "statusCode": 200, "responseTime": 4770}
{"timestamp": "2026-04-01T10:34:25.738Z", "level": "INFO", "service": "asset-management-service", "environment": "production", "message": "HTTP request completed", "userId": "ADMIN-001", "endpoint": "/tracking/", "method": "GET", "statusCode": 200, "responseTime": 5510}
{"timestamp": "2026-04-01T10:34:50.067Z", "level": "INFO", "service": "asset-management-service", "environment": "production", "message": "HTTP request completed", "userId": "ADMIN-001", "endpoint": "/tracking/", "method": "GET", "statusCode": 200, "responseTime": 6253}
{"timestamp": "2026-04-01T10:36:27.759Z", "level": "INFO", "service": "asset-management-service", "environment": "production", "message": "HTTP request completed", "userId": "ADMIN-001", "endpoint": "/tracking/", "method": "GET", "statusCode": 200, "responseTime": 6841}
{"timestamp": "2026-04-01T10:36:50.872Z", "level": "INFO", "service": "asset-management-service", "environment": "production", "message": "HTTP request completed", "userId": "ADMIN-001", "endpoint": "/accounts/summary", "method": "GET", "statusCode": 200, "responseTime": 875}
{"timestamp": "2026-04-01T10:36:51.250Z", "level": "INFO", "service": "asset-management-service", "environment": "production", "message": "HTTP request completed", "userId": "ADMIN-001", "endpoint": "/auth/me", "method": "GET", "statusCode": 200, "responseTime": 865}
{"timestamp": "2026-04-01T10:36:54.064Z", "level": "INFO", "service": "asset-management-service", "environment": "production", "message": "HTTP request completed", "userId": "ADMIN-001", "endpoint": "/auth/me", "method": "GET", "statusCode": 200, "responseTime": 411}
{"timestamp": "2026-04-01T10:36:59.391Z", "level": "INFO", "service": "asset-management-service", "environment": "production", "message": "HTTP request completed", "userId": "ADMIN-001", "endpoint": "/tracking/", "method": "GET", "statusCode": 200, "responseTime": 5953}
{"timestamp": "2026-04-01T10:38:46.541Z", "level": "INFO", "service": "asset-management-service", "environment": "production", "message": "HTTP request completed", "userId": "ADMIN-001", "endpoint": "/auth/me", "method": "GET", "statusCode": 200, "responseTime": 465}
{"timestamp": "2026-04-01T10:38:47.097Z", "level": "INFO", "service": "asset-management-service", "environment": "production", "message": "HTTP request completed", "userId": "ADMIN-001", "endpoint": "/accounts/summary", "method": "GET", "statusCode": 200, "responseTime": 1225}
{"timestamp": "2026-04-01T10:38:49.863Z", "level": "INFO", "service": "asset-management-service", "environment": "production", "message": "HTTP request completed", "userId": "ADMIN-001", "endpoint": "/tracking/", "method": "GET", "statusCode": 200, "responseTime": 5581}
{"timestamp": "2026-04-01T10:40:23.171Z", "level": "INFO", "service": "asset-management-service", "environment": "production", "message": "HTTP request completed", "userId": "ADMIN-001", "endpoint": "/accounts/summary", "method": "GET", "statusCode": 200, "responseTime": 946}
{"timestamp": "2026-04-01T10:40:24.382Z", "level": "INFO", "service": "asset-management-service", "environment": "production", "message": "HTTP request completed", "userId": "ADMIN-001", "endpoint": "/auth/me", "method": "GET", "statusCode": 200, "responseTime": 701}
{"timestamp": "2026-04-01T10:40:24.665Z", "level": "INFO", "service": "asset-management-service", "environment": "production", "message": "HTTP request completed", "userId": "ADMIN-001", "endpoint": "/employees/ADMIN-001/assets", "method": "GET", "statusCode": 200, "responseTime": 772}
{"timestamp": "2026-04-01T10:40:27.741Z", "level": "INFO", "service": "asset-management-service", "environment": "production", "message": "HTTP request completed", "userId": "ADMIN-001", "endpoint": "/auth/logout", "method": "POST", "statusCode": 200, "responseTime": 253}
{"timestamp": "2026-04-01T10:40:31.789Z", "level": "INFO", "service": "asset-management-service", "environment": "production", "message": "HTTP request completed", "userId": "anonymous", "endpoint": "/auth/login/json", "method": "POST", "statusCode": 200, "responseTime": 946}
{"timestamp": "2026-04-01T10:40:32.863Z", "level": "INFO", "service": "asset-management-service", "environment": "production", "message": "HTTP request completed", "userId": "EMP-1E56F784", "endpoint": "/auth/me", "method": "GET", "statusCode": 200, "responseTime": 1043}
{"timestamp": "2026-04-01T10:40:33.119Z", "level": "INFO", "service": "asset-management-service", "environment": "production", "message": "HTTP request completed", "userId": "EMP-1E56F784", "endpoint": "/requests/", "method": "GET", "statusCode": 200, "responseTime": 762}
{"timestamp": "2026-04-01T10:40:33.415Z", "level": "INFO", "service": "asset-management-service", "environment": "production", "message": "HTTP request completed", "userId": "EMP-1E56F784", "endpoint": "/auth/me", "method": "GET", "statusCode": 200, "responseTime": 543}
{"timestamp": "2026-04-01T10:40:33.864Z", "level": "INFO", "service": "asset-management-service", "environment": "production", "message": "HTTP request completed", "userId": "EMP-1E56F784", "endpoint": "/auth/me", "method": "GET", "statusCode": 200, "responseTime": 440}
{"timestamp": "2026-04-01T10:40:34.179Z", "level": "INFO", "service": "asset-management-service", "environment": "production", "message": "HTTP request completed", "userId": "EMP-1E56F784", "endpoint": "/employees/EMP-1E56F784/assets", "method": "GET", "statusCode": 200, "responseTime": 1050}
{"timestamp": "2026-04-01T10:40:34.185Z", "level": "INFO", "service": "asset-management-service", "environment": "production", "message": "HTTP request completed", "userId": "EMP-1E56F784", "endpoint": "/tracking/", "method": "GET", "statusCode": 200, "responseTime": 2086}
{"timestamp": "2026-04-01T10:40:34.331Z", "level": "INFO", "service": "asset-management-service", "environment": "production", "message": "HTTP request completed", "userId": "EMP-1E56F784", "endpoint": "/auth/me", "method": "GET", "statusCode": 200, "responseTime": 462}
{"timestamp": "2026-04-01T10:40:48.061Z", "level": "INFO", "service": "asset-management-service", "environment": "production", "message": "HTTP request completed", "userId": "EMP-1E56F784", "endpoint": "/accounts/acknowledge/TRK-686FB8AF", "method": "POST", "statusCode": 200, "responseTime": 1162}
{"timestamp": "2026-04-01T10:40:49.016Z", "level": "INFO", "service": "asset-management-service", "environment": "production", "message": "HTTP request completed", "userId": "EMP-1E56F784", "endpoint": "/employees/EMP-1E56F784/assets", "method": "GET", "statusCode": 200, "responseTime": 944}
{"timestamp": "2026-04-01T10:40:54.114Z", "level": "INFO", "service": "asset-management-service", "environment": "production", "message": "HTTP request completed", "userId": "EMP-1E56F784", "endpoint": "/auth/me", "method": "GET", "statusCode": 200, "responseTime": 459}
{"timestamp": "2026-04-01T10:40:54.228Z", "level": "INFO", "service": "asset-management-service", "environment": "production", "message": "HTTP request completed", "userId": "EMP-1E56F784", "endpoint": "/requests/", "method": "GET", "statusCode": 200, "responseTime": 833}
{"timestamp": "2026-04-01T10:41:47.310Z", "level": "INFO", "service": "asset-management-service", "environment": "production", "message": "HTTP request completed", "userId": "EMP-1E56F784", "endpoint": "/requests/", "method": "GET", "statusCode": 200, "responseTime": 659}
{"timestamp": "2026-04-01T10:41:50.581Z", "level": "INFO", "service": "asset-management-service", "environment": "production", "message": "HTTP request completed", "userId": "EMP-1E56F784", "endpoint": "/requests/", "method": "GET", "statusCode": 200, "responseTime": 607}
{"timestamp": "2026-04-01T10:41:58.247Z", "level": "INFO", "service": "asset-management-service", "environment": "production", "message": "HTTP request completed", "userId": "EMP-1E56F784", "endpoint": "/auth/me", "method": "GET", "statusCode": 200, "responseTime": 434}
{"timestamp": "2026-04-01T10:41:59.598Z", "level": "INFO", "service": "asset-management-service", "environment": "production", "message": "HTTP request completed", "userId": "EMP-1E56F784", "endpoint": "/tracking/", "method": "GET", "statusCode": 200, "responseTime": 1992}
{"timestamp": "2026-04-01T10:42:34.440Z", "level": "INFO", "service": "asset-management-service", "environment": "production", "message": "HTTP request completed", "userId": "EMP-1E56F784", "endpoint": "/auth/me", "method": "GET", "statusCode": 200, "responseTime": 528}
{"timestamp": "2026-04-01T10:42:34.491Z", "level": "INFO", "service": "asset-management-service", "environment": "production", "message": "HTTP request completed", "userId": "EMP-1E56F784", "endpoint": "/requests/", "method": "GET", "statusCode": 200, "responseTime": 864}
{"timestamp": "2026-04-01T10:42:36.594Z", "level": "INFO", "service": "asset-management-service", "environment": "production", "message": "HTTP request completed", "userId": "EMP-1E56F784", "endpoint": "/auth/me", "method": "GET", "statusCode": 200, "responseTime": 438}
{"timestamp": "2026-04-01T10:42:36.971Z", "level": "INFO", "service": "asset-management-service", "environment": "production", "message": "HTTP request completed", "userId": "EMP-1E56F784", "endpoint": "/employees/EMP-1E56F784/assets", "method": "GET", "statusCode": 200, "responseTime": 1048}
{"timestamp": "2026-04-01T10:42:39.382Z", "level": "INFO", "service": "asset-management-service", "environment": "production", "message": "HTTP request completed", "userId": "EMP-1E56F784", "endpoint": "/auth/me", "method": "GET", "statusCode": 200, "responseTime": 476}
{"timestamp": "2026-04-01T10:42:39.460Z", "level": "INFO", "service": "asset-management-service", "environment": "production", "message": "HTTP request completed", "userId": "EMP-1E56F784", "endpoint": "/requests/", "method": "GET", "statusCode": 200, "responseTime": 1015}
{"timestamp": "2026-04-01T10:42:40.391Z", "level": "INFO", "service": "asset-management-service", "environment": "production", "message": "HTTP request completed", "userId": "EMP-1E56F784", "endpoint": "/tracking/", "method": "GET", "statusCode": 200, "responseTime": 1695}
{"timestamp": "2026-04-01T10:42:41.189Z", "level": "INFO", "service": "asset-management-service", "environment": "production", "message": "HTTP request completed", "userId": "EMP-1E56F784", "endpoint": "/auth/me", "method": "GET", "statusCode": 200, "responseTime": 484}
{"timestamp": "2026-04-01T10:42:42.156Z", "level": "INFO", "service": "asset-management-service", "environment": "production", "message": "HTTP request completed", "userId": "EMP-1E56F784", "endpoint": "/tracking/", "method": "GET", "statusCode": 200, "responseTime": 1665}
{"timestamp": "2026-04-01T10:42:43.640Z", "level": "INFO", "service": "asset-management-service", "environment": "production", "message": "HTTP request completed", "userId": "EMP-1E56F784", "endpoint": "/auth/me", "method": "GET", "statusCode": 200, "responseTime": 403}
{"timestamp": "2026-04-01T10:42:43.751Z", "level": "INFO", "service": "asset-management-service", "environment": "production", "message": "HTTP request completed", "userId": "EMP-1E56F784", "endpoint": "/requests/", "method": "GET", "statusCode": 200, "responseTime": 984}
{"timestamp": "2026-04-01T10:42:44.607Z", "level": "INFO", "service": "asset-management-service", "environment": "production", "message": "HTTP request completed", "userId": "EMP-1E56F784", "endpoint": "/auth/me", "method": "GET", "statusCode": 200, "responseTime": 483}
{"timestamp": "2026-04-01T10:42:44.622Z", "level": "INFO", "service": "asset-management-service", "environment": "production", "message": "HTTP request completed", "userId": "EMP-1E56F784", "endpoint": "/requests/", "method": "GET", "statusCode": 200, "responseTime": 724}
{"timestamp": "2026-04-01T10:42:44.747Z", "level": "INFO", "service": "asset-management-service", "environment": "production", "message": "HTTP request completed", "userId": "EMP-1E56F784", "endpoint": "/tracking/", "method": "GET", "statusCode": 200, "responseTime": 1735}
{"timestamp": "2026-04-01T10:43:17.097Z", "level": "INFO", "service": "asset-management-service", "environment": "production", "message": "HTTP request completed", "userId": "EMP-1E56F784", "endpoint": "/requests/", "method": "GET", "statusCode": 200, "responseTime": 584}
{"timestamp": "2026-04-01T10:43:18.769Z", "level": "INFO", "service": "asset-management-service", "environment": "production", "message": "HTTP request completed", "userId": "EMP-1E56F784", "endpoint": "/auth/logout", "method": "POST", "statusCode": 200, "responseTime": 218}
{"timestamp": "2026-04-01T10:43:23.048Z", "level": "INFO", "service": "asset-management-service", "environment": "production", "message": "HTTP request completed", "userId": "anonymous", "endpoint": "/auth/login/json", "method": "POST", "statusCode": 200, "responseTime": 836}
{"timestamp": "2026-04-01T10:43:24.649Z", "level": "INFO", "service": "asset-management-service", "environment": "production", "message": "HTTP request completed", "userId": "ADMIN-001", "endpoint": "/auth/me", "method": "GET", "statusCode": 200, "responseTime": 1568}
{"timestamp": "2026-04-01T10:43:24.896Z", "level": "INFO", "service": "asset-management-service", "environment": "production", "message": "HTTP request completed", "userId": "ADMIN-001", "endpoint": "/requests/", "method": "GET", "statusCode": 200, "responseTime": 1562}
{"timestamp": "2026-04-01T10:43:24.961Z", "level": "INFO", "service": "asset-management-service", "environment": "production", "message": "HTTP request completed", "userId": "ADMIN-001", "endpoint": "/stock/", "method": "GET", "statusCode": 200, "responseTime": 1369}
{"timestamp": "2026-04-01T10:43:25.109Z", "level": "INFO", "service": "asset-management-service", "environment": "production", "message": "HTTP request completed", "userId": "ADMIN-001", "endpoint": "/accounts/summary", "method": "GET", "statusCode": 200, "responseTime": 1052}
{"timestamp": "2026-04-01T10:43:25.118Z", "level": "INFO", "service": "asset-management-service", "environment": "production", "message": "HTTP request completed", "userId": "ADMIN-001", "endpoint": "/auth/me", "method": "GET", "statusCode": 200, "responseTime": 460}
{"timestamp": "2026-04-01T10:43:25.642Z", "level": "INFO", "service": "asset-management-service", "environment": "production", "message": "HTTP request completed", "userId": "ADMIN-001", "endpoint": "/auth/me", "method": "GET", "statusCode": 200, "responseTime": 514}
{"timestamp": "2026-04-01T10:43:25.951Z", "level": "INFO", "service": "asset-management-service", "environment": "production", "message": "HTTP request completed", "userId": "ADMIN-001", "endpoint": "/employees/ADMIN-001/assets", "method": "GET", "statusCode": 200, "responseTime": 589}
{"timestamp": "2026-04-01T10:43:26.064Z", "level": "INFO", "service": "asset-management-service", "environment": "production", "message": "HTTP request completed", "userId": "ADMIN-001", "endpoint": "/auth/me", "method": "GET", "statusCode": 200, "responseTime": 413}
{"timestamp": "2026-04-01T10:43:27.019Z", "level": "INFO", "service": "asset-management-service", "environment": "production", "message": "HTTP request completed", "userId": "ADMIN-001", "endpoint": "/auth/me", "method": "GET", "statusCode": 200, "responseTime": 416}
{"timestamp": "2026-04-01T10:43:27.106Z", "level": "INFO", "service": "asset-management-service", "environment": "production", "message": "HTTP request completed", "userId": "ADMIN-001", "endpoint": "/stock/", "method": "GET", "statusCode": 200, "responseTime": 754}
{"timestamp": "2026-04-01T10:43:30.835Z", "level": "INFO", "service": "asset-management-service", "environment": "production", "message": "HTTP request completed", "userId": "ADMIN-001", "endpoint": "/tracking/", "method": "GET", "statusCode": 200, "responseTime": 7015}
{"timestamp": "2026-04-01T10:44:17.605Z", "level": "INFO", "service": "asset-management-service", "environment": "production", "message": "HTTP request completed", "userId": "ADMIN-001", "endpoint": "/stock/", "method": "GET", "statusCode": 200, "responseTime": 508}
{"timestamp": "2026-04-01T10:44:24.051Z", "level": "INFO", "service": "asset-management-service", "environment": "production", "message": "HTTP request completed", "userId": "ADMIN-001", "endpoint": "/auth/me", "method": "GET", "statusCode": 200, "responseTime": 498}
{"timestamp": "2026-04-01T10:44:24.057Z", "level": "INFO", "service": "asset-management-service", "environment": "production", "message": "HTTP request completed", "userId": "ADMIN-001", "endpoint": "/requests/", "method": "GET", "statusCode": 200, "responseTime": 1421}
{"timestamp": "2026-04-01T10:44:24.087Z", "level": "INFO", "service": "asset-management-service", "environment": "production", "message": "HTTP request completed", "userId": "ADMIN-001", "endpoint": "/stock/", "method": "GET", "statusCode": 200, "responseTime": 997}
{"timestamp": "2026-04-01T10:44:24.100Z", "level": "INFO", "service": "asset-management-service", "environment": "production", "message": "HTTP request completed", "userId": "ADMIN-001", "endpoint": "/accounts/summary", "method": "GET", "statusCode": 200, "responseTime": 1254}
{"timestamp": "2026-04-01T10:44:26.331Z", "level": "INFO", "service": "asset-management-service", "environment": "production", "message": "HTTP request completed", "userId": "ADMIN-001", "endpoint": "/auth/me", "method": "GET", "statusCode": 200, "responseTime": 529}
{"timestamp": "2026-04-01T10:44:26.392Z", "level": "INFO", "service": "asset-management-service", "environment": "production", "message": "HTTP request completed", "userId": "ADMIN-001", "endpoint": "/accounts/summary", "method": "GET", "statusCode": 200, "responseTime": 823}
{"timestamp": "2026-04-01T10:44:29.546Z", "level": "INFO", "service": "asset-management-service", "environment": "production", "message": "HTTP request completed", "userId": "ADMIN-001", "endpoint": "/tracking/", "method": "GET", "statusCode": 200, "responseTime": 6243}
{"timestamp": "2026-04-01T10:45:52.587Z", "level": "INFO", "service": "asset-management-service", "environment": "production", "message": "HTTP request completed", "userId": "ADMIN-001", "endpoint": "/accounts/summary", "method": "GET", "statusCode": 200, "responseTime": 498}
{"timestamp": "2026-04-01T10:47:28.331Z", "level": "INFO", "service": "asset-management-service", "environment": "production", "message": "HTTP request completed", "userId": "ADMIN-001", "endpoint": "/auth/me", "method": "GET", "statusCode": 200, "responseTime": 481}
{"timestamp": "2026-04-01T10:47:28.420Z", "level": "INFO", "service": "asset-management-service", "environment": "production", "message": "HTTP request completed", "userId": "ADMIN-001", "endpoint": "/employees/", "method": "GET", "statusCode": 200, "responseTime": 791}
{"timestamp": "2026-04-01T10:47:48.956Z", "level": "INFO", "service": "asset-management-service", "environment": "production", "message": "HTTP request completed", "userId": "ADMIN-001", "endpoint": "/auth/me", "method": "GET", "statusCode": 200, "responseTime": 430}
{"timestamp": "2026-04-01T10:47:50.155Z", "level": "INFO", "service": "asset-management-service", "environment": "production", "message": "HTTP request completed", "userId": "ADMIN-001", "endpoint": "/auth/me", "method": "GET", "statusCode": 200, "responseTime": 428}
{"timestamp": "2026-04-01T10:47:50.231Z", "level": "INFO", "service": "asset-management-service", "environment": "production", "message": "HTTP request completed", "userId": "ADMIN-001", "endpoint": "/stock/", "method": "GET", "statusCode": 200, "responseTime": 751}
{"timestamp": "2026-04-01T10:47:54.676Z", "level": "INFO", "service": "asset-management-service", "environment": "production", "message": "HTTP request completed", "userId": "ADMIN-001", "endpoint": "/tracking/", "method": "GET", "statusCode": 200, "responseTime": 6346}
{"timestamp": "2026-04-01T10:48:15.187Z", "level": "INFO", "service": "asset-management-service", "environment": "production", "message": "HTTP request completed", "userId": "ADMIN-001", "endpoint": "/auth/me", "method": "GET", "statusCode": 200, "responseTime": 442}
{"timestamp": "2026-04-01T10:48:15.236Z", "level": "INFO", "service": "asset-management-service", "environment": "production", "message": "HTTP request completed", "userId": "ADMIN-001", "endpoint": "/requests/", "method": "GET", "statusCode": 200, "responseTime": 732}
{"timestamp": "2026-04-01T10:48:22.640Z", "level": "INFO", "service": "asset-management-service", "environment": "production", "message": "HTTP request completed", "userId": "ADMIN-001", "endpoint": "/auth/me", "method": "GET", "statusCode": 200, "responseTime": 483}
{"timestamp": "2026-04-01T10:48:22.696Z", "level": "INFO", "service": "asset-management-service", "environment": "production", "message": "HTTP request completed", "userId": "ADMIN-001", "endpoint": "/employees/ADMIN-001/assets", "method": "GET", "statusCode": 200, "responseTime": 761}
{"timestamp": "2026-04-01T10:48:27.531Z", "level": "INFO", "service": "asset-management-service", "environment": "production", "message": "HTTP request completed", "userId": "ADMIN-001", "endpoint": "/auth/me", "method": "GET", "statusCode": 200, "responseTime": 468}
{"timestamp": "2026-04-01T10:48:27.568Z", "level": "INFO", "service": "asset-management-service", "environment": "production", "message": "HTTP request completed", "userId": "ADMIN-001", "endpoint": "/requests/", "method": "GET", "statusCode": 200, "responseTime": 1372}
{"timestamp": "2026-04-01T10:48:27.591Z", "level": "INFO", "service": "asset-management-service", "environment": "production", "message": "HTTP request completed", "userId": "ADMIN-001", "endpoint": "/accounts/summary", "method": "GET", "statusCode": 200, "responseTime": 736}
{"timestamp": "2026-04-01T10:48:27.613Z", "level": "INFO", "service": "asset-management-service", "environment": "production", "message": "HTTP request completed", "userId": "ADMIN-001", "endpoint": "/stock/", "method": "GET", "statusCode": 200, "responseTime": 986}
{"timestamp": "2026-04-01T10:48:33.129Z", "level": "INFO", "service": "asset-management-service", "environment": "production", "message": "HTTP request completed", "userId": "ADMIN-001", "endpoint": "/tracking/", "method": "GET", "statusCode": 200, "responseTime": 6709}
{"timestamp": "2026-04-01T10:58:10.159Z", "level": "INFO", "service": "asset-management-service", "environment": "production", "message": "HTTP request completed", "userId": "ADMIN-001", "endpoint": "/auth/me", "method": "GET", "statusCode": 200, "responseTime": 717}
{"timestamp": "2026-04-01T10:58:10.177Z", "level": "INFO", "service": "asset-management-service", "environment": "production", "message": "HTTP request completed", "userId": "ADMIN-001", "endpoint": "/requests/", "method": "GET", "statusCode": 200, "responseTime": 1174}
{"timestamp": "2026-04-01T10:58:12.290Z", "level": "INFO", "service": "asset-management-service", "environment": "production", "message": "HTTP request completed", "userId": "ADMIN-001", "endpoint": "/auth/me", "method": "GET", "statusCode": 200, "responseTime": 525}
{"timestamp": "2026-04-01T10:58:12.300Z", "level": "INFO", "service": "asset-management-service", "environment": "production", "message": "HTTP request completed", "userId": "ADMIN-001", "endpoint": "/employees/", "method": "GET", "statusCode": 200, "responseTime": 902}
{"timestamp": "2026-04-01T10:59:09.052Z", "level": "INFO", "service": "asset-management-service", "environment": "production", "message": "HTTP request completed", "userId": "ADMIN-001", "endpoint": "/employees/", "method": "GET", "statusCode": 200, "responseTime": 625}
{"timestamp": "2026-04-01T10:59:11.559Z", "level": "INFO", "service": "asset-management-service", "environment": "production", "message": "HTTP request completed", "userId": "ADMIN-001", "endpoint": "/auth/me", "method": "GET", "statusCode": 200, "responseTime": 489}
{"timestamp": "2026-04-01T10:59:11.595Z", "level": "INFO", "service": "asset-management-service", "environment": "production", "message": "HTTP request completed", "userId": "ADMIN-001", "endpoint": "/accounts/summary", "method": "GET", "statusCode": 200, "responseTime": 729}
{"timestamp": "2026-04-01T10:59:11.612Z", "level": "INFO", "service": "asset-management-service", "environment": "production", "message": "HTTP request completed", "userId": "ADMIN-001", "endpoint": "/stock/", "method": "GET", "statusCode": 200, "responseTime": 1201}
{"timestamp": "2026-04-01T10:59:11.667Z", "level": "INFO", "service": "asset-management-service", "environment": "production", "message": "HTTP request completed", "userId": "ADMIN-001", "endpoint": "/requests/", "method": "GET", "statusCode": 200, "responseTime": 1482}
{"timestamp": "2026-04-01T10:59:17.079Z", "level": "INFO", "service": "asset-management-service", "environment": "production", "message": "HTTP request completed", "userId": "ADMIN-001", "endpoint": "/tracking/", "method": "GET", "statusCode": 200, "responseTime": 6420}
{"timestamp": "2026-04-01T10:59:26.379Z", "level": "INFO", "service": "asset-management-service", "environment": "production", "message": "HTTP request completed", "userId": "ADMIN-001", "endpoint": "/auth/me", "method": "GET", "statusCode": 200, "responseTime": 432}
{"timestamp": "2026-04-01T10:59:26.431Z", "level": "INFO", "service": "asset-management-service", "environment": "production", "message": "HTTP request completed", "userId": "ADMIN-001", "endpoint": "/employees/", "method": "GET", "statusCode": 200, "responseTime": 674}
